# Blender 4.3.2
# www.blender.org
mtllib material.mtl
o texture_pbr_v128
v -0.108774 -0.587961 0.005182
v -0.094271 -0.587961 -0.043162
v -0.043510 -0.587961 -0.033494
v -0.120860 -0.585544 -0.003278
v -0.090645 -0.587961 0.029354
v -0.113609 -0.585544 0.043858
v -0.128112 -0.585544 0.026937
v -0.077351 -0.587961 -0.057665
v -0.096689 -0.585544 -0.061291
v -0.105149 -0.585544 -0.046788
v -0.043510 -0.585544 -0.010530
v -0.097897 -0.585544 0.046275
v -0.078559 -0.585544 0.032980
v -0.058013 -0.587961 -0.057665
v -0.070099 -0.585544 -0.072169
v -0.084603 -0.585544 -0.069751
v -0.039884 -0.585544 -0.060083
v -0.053179 -0.585544 -0.069751
v -0.033841 -0.585544 -0.027450
v -0.033841 -0.585544 -0.044371
v 0.031424 -0.587961 -0.033494
v 0.049553 -0.587961 -0.057665
v 0.070099 -0.587961 -0.057665
v 0.032633 -0.585544 -0.060083
v 0.080976 -0.587961 0.005182
v 0.062848 -0.587961 0.029354
v 0.031424 -0.585544 -0.010530
v 0.084603 -0.587961 -0.043162
v 0.096689 -0.587961 0.005182
v 0.021755 -0.585544 -0.027450
v 0.021755 -0.585544 -0.044371
v 0.061639 -0.585544 -0.072169
v 0.045927 -0.585544 -0.069751
v 0.091854 -0.585544 0.043858
v 0.051970 -0.585544 0.032980
v 0.071308 -0.585544 0.046275
v 0.087020 -0.585544 -0.061291
v 0.074934 -0.585544 -0.069751
v 0.107566 -0.585544 -0.003278
v 0.096689 -0.585544 -0.046788
v 0.111192 -0.585544 0.026937
v -0.136573 -0.580709 0.016059
v -0.131738 -0.580709 0.046275
v -0.137781 -0.580709 0.030563
v -0.126904 -0.580709 -0.008112
v -0.105149 -0.580709 0.057152
v -0.119652 -0.580709 0.054735
v -0.109983 -0.580709 -0.050414
v -0.088228 -0.580709 0.051109
v -0.100314 -0.580709 -0.064917
v -0.071308 -0.580709 -0.078212
v -0.087020 -0.580709 -0.074586
v -0.043510 -0.580709 0.000348
v -0.070099 -0.580709 0.035397
v -0.055596 -0.580709 -0.077003
v -0.041093 -0.580709 -0.069751
v -0.031424 -0.580709 -0.016573
v -0.030215 -0.580709 -0.057665
v -0.026589 -0.580709 -0.029867
v -0.025381 -0.580709 -0.044371
v 0.014503 -0.580709 -0.029867
v 0.021755 -0.580709 -0.057665
v 0.015712 -0.580709 -0.044371
v 0.019338 -0.580709 -0.016573
v 0.030215 -0.580709 0.000348
v 0.032633 -0.580709 -0.069751
v 0.047135 -0.580709 -0.077003
v 0.064056 -0.580709 0.051109
v 0.045927 -0.580709 0.035397
v 0.062848 -0.580709 -0.078212
v 0.078559 -0.580709 0.057152
v 0.090645 -0.580709 -0.064917
v 0.077351 -0.580709 -0.074586
v 0.100314 -0.580709 -0.050414
v 0.114818 -0.580709 0.046275
v 0.096689 -0.580709 0.057152
v 0.114818 -0.580709 -0.008112
v 0.122069 -0.580709 0.016059
v 0.122069 -0.580709 0.030563
v -0.142615 -0.574666 0.030563
v -0.141407 -0.574666 0.042649
v -0.140198 -0.574666 0.014851
v -0.128112 -0.574666 0.059569
v -0.135364 -0.574666 0.052318
v -0.129321 -0.574666 -0.010530
v -0.117235 -0.574666 0.063195
v -0.109983 -0.574666 -0.054040
v -0.093063 -0.574666 0.059569
v -0.105149 -0.574666 0.063195
v -0.100314 -0.574666 -0.066126
v -0.076142 -0.574666 0.047483
v -0.087020 -0.574666 -0.075795
v -0.071308 -0.574666 -0.079420
v -0.061639 -0.574666 0.032980
v -0.055596 -0.574666 -0.078212
v -0.043510 -0.574666 0.002765
v -0.030215 -0.574666 -0.058874
v -0.039884 -0.574666 -0.070960
v -0.024172 -0.574666 -0.029867
v -0.030215 -0.574666 -0.015364
v -0.024172 -0.574666 -0.045579
v 0.013295 -0.574666 -0.029867
v 0.014503 -0.574666 -0.045579
v 0.030215 -0.574666 0.002765
v 0.018129 -0.574666 -0.015364
v 0.020546 -0.574666 -0.058874
v 0.045927 -0.574666 -0.078212
v 0.031424 -0.574666 -0.070960
v 0.054388 -0.574666 0.047483
v 0.044719 -0.574666 0.032980
v 0.062848 -0.574666 -0.079420
v 0.077351 -0.574666 -0.075795
v 0.072516 -0.574666 0.059569
v 0.090645 -0.574666 -0.066126
v 0.087020 -0.574666 0.063195
v 0.099105 -0.574666 -0.054040
v 0.112400 -0.574666 0.059569
v 0.099105 -0.574666 0.063195
v 0.116026 -0.574666 -0.010530
v 0.125695 -0.574666 0.014851
v 0.125695 -0.574666 0.042649
v 0.120860 -0.574666 0.052318
v 0.128112 -0.574666 0.030563
v -0.145033 -0.567415 0.031771
v -0.142615 -0.567415 0.016059
v -0.143824 -0.567415 0.045066
v -0.135364 -0.567415 -0.003278
v -0.137781 -0.567415 0.055944
v -0.114818 -0.567415 -0.041954
v -0.118443 -0.567415 0.066821
v -0.129321 -0.567415 0.063195
v -0.106358 -0.567415 0.066821
v -0.099105 -0.461057 -0.063709
v -0.109983 -0.539617 -0.049205
v -0.106358 -0.461057 -0.051622
v -0.094271 -0.567415 0.063195
v -0.085811 -0.461057 -0.072169
v -0.080976 -0.567415 0.054735
v -0.070099 -0.461057 -0.077003
v -0.067682 -0.567415 0.041440
v -0.055596 -0.461057 -0.075795
v -0.053179 -0.567415 0.020894
v -0.042301 -0.461057 -0.069751
v -0.037467 -0.567415 -0.006904
v -0.031424 -0.461057 -0.060083
v -0.025381 -0.461057 -0.046788
v -0.031424 -0.461057 -0.017781
v -0.036258 -0.539617 -0.009321
v -0.025381 -0.461057 -0.032285
v 0.015712 -0.461057 -0.032285
v 0.019338 -0.461057 -0.017781
v 0.016920 -0.461057 -0.046788
v 0.024172 -0.567415 -0.006904
v 0.022964 -0.539617 -0.009321
v 0.024172 -0.461057 -0.060083
v 0.036258 -0.567415 0.020894
v 0.035050 -0.461057 -0.069751
v 0.048344 -0.567415 0.041440
v 0.048344 -0.461057 -0.075795
v 0.061639 -0.567415 0.054735
v 0.062848 -0.461057 -0.077003
v 0.074934 -0.567415 0.063195
v 0.078559 -0.461057 -0.072169
v 0.088228 -0.567415 0.066821
v 0.090645 -0.461057 -0.063709
v 0.103940 -0.567415 -0.041954
v 0.099105 -0.539617 -0.049205
v 0.096689 -0.461057 -0.051622
v 0.101523 -0.567415 0.066821
v 0.122069 -0.567415 0.055944
v 0.113609 -0.567415 0.063195
v 0.122069 -0.567415 -0.003278
v 0.128112 -0.567415 0.045066
v 0.128112 -0.567415 0.016059
v 0.130529 -0.567415 0.031771
v -0.145033 -0.557746 0.032980
v -0.142615 -0.557746 0.017268
v -0.143824 -0.557746 0.046275
v -0.136573 -0.557746 -0.000861
v -0.137781 -0.557746 0.057152
v -0.114818 -0.557746 -0.041954
v -0.129321 -0.557746 0.064404
v -0.106358 -0.557746 0.068029
v -0.118443 -0.557746 0.068029
v -0.094271 -0.557746 0.063195
v -0.082185 -0.557746 0.054735
v -0.068890 -0.557746 0.042649
v -0.054388 -0.557746 0.023311
v -0.037467 -0.557746 -0.006904
v 0.024172 -0.557746 -0.006904
v 0.037467 -0.557746 0.023311
v 0.049553 -0.557746 0.042649
v 0.062848 -0.557746 0.054735
v 0.076142 -0.557746 0.063195
v 0.089437 -0.557746 0.068029
v 0.112400 -0.557746 0.064404
v 0.101523 -0.557746 0.068029
v 0.103940 -0.557746 -0.041954
v 0.122069 -0.557746 0.057152
v 0.123278 -0.557746 -0.000861
v 0.128112 -0.557746 0.046275
v 0.128112 -0.557746 0.017268
v 0.130529 -0.557746 0.032980
v -0.142615 -0.549285 0.034189
v -0.141407 -0.549285 0.018476
v -0.140198 -0.549285 0.046275
v -0.135364 -0.549285 0.000348
v -0.135364 -0.549285 0.055944
v -0.114818 -0.549285 -0.038328
v -0.128112 -0.549285 0.063195
v -0.117235 -0.549285 0.065613
v -0.106358 -0.549285 0.065613
v -0.094271 -0.549285 0.061987
v -0.082185 -0.549285 0.053526
v -0.068890 -0.549285 0.041440
v -0.041093 -0.549285 -0.003278
v -0.055596 -0.549285 0.022103
v 0.026589 -0.549285 -0.003278
v 0.050761 -0.549285 0.041440
v 0.038675 -0.549285 0.022103
v 0.062848 -0.549285 0.053526
v 0.076142 -0.549285 0.061987
v 0.088228 -0.549285 0.065613
v 0.100314 -0.549285 0.065613
v 0.111192 -0.549285 0.063195
v 0.103940 -0.549285 -0.038328
v 0.119652 -0.549285 0.055944
v 0.125695 -0.549285 0.046275
v 0.120860 -0.549285 0.000348
v 0.126904 -0.549285 0.018476
v 0.128112 -0.549285 0.034189
v -0.136573 -0.539617 0.020894
v -0.137781 -0.539617 0.035397
v -0.131738 -0.539617 0.003974
v -0.134155 -0.539617 0.045066
v -0.109983 -0.539617 -0.039536
v -0.129321 -0.539617 0.053526
v -0.123278 -0.539617 0.058360
v -0.114818 -0.539617 0.060778
v -0.105149 -0.539617 0.059569
v -0.094271 -0.539617 0.055944
v -0.083394 -0.539617 0.047483
v -0.070099 -0.539617 0.035397
v -0.045927 -0.539617 -0.000861
v 0.031424 -0.539617 -0.000861
v 0.051970 -0.539617 0.035397
v 0.064056 -0.539617 0.047483
v 0.076142 -0.539617 0.055944
v 0.087020 -0.539617 0.059569
v 0.097897 -0.539617 0.060778
v 0.107566 -0.539617 0.058360
v 0.100314 -0.539617 -0.039536
v 0.114818 -0.539617 0.053526
v 0.119652 -0.539617 0.045066
v 0.117235 -0.539617 0.003974
v 0.122069 -0.539617 0.035397
v 0.122069 -0.539617 0.020894
v -0.129321 -0.531156 0.022103
v -0.130529 -0.531156 0.034189
v -0.125695 -0.531156 0.007599
v -0.128112 -0.531156 0.042649
v -0.108774 -0.531156 -0.028659
v -0.117235 -0.531156 0.051109
v -0.106358 -0.531156 0.052318
v -0.108774 -0.461057 -0.038328
v -0.094271 -0.531156 0.047483
v -0.082185 -0.531156 0.037814
v -0.054388 -0.531156 0.001556
v -0.042301 -0.461057 -0.005695
v -0.055596 -0.461057 0.001556
v 0.029006 -0.461057 -0.005695
v 0.038675 -0.531156 0.001556
v 0.041093 -0.461057 0.001556
v 0.062848 -0.531156 0.037814
v 0.074934 -0.531156 0.047483
v 0.088228 -0.531156 0.052318
v 0.100314 -0.531156 0.051109
v 0.099105 -0.461057 -0.038328
v 0.099105 -0.531156 -0.028659
v 0.111192 -0.531156 0.042649
v 0.112400 -0.531156 0.007599
v 0.114818 -0.531156 0.034189
v 0.114818 -0.531156 0.022103
v -0.120860 -0.525113 0.022103
v -0.118443 -0.525113 0.036606
v -0.103940 -0.525113 -0.017781
v -0.107566 -0.525113 0.041440
v -0.106358 -0.461057 -0.025033
v -0.090645 -0.525113 0.034189
v -0.064056 -0.525113 0.002765
v 0.048344 -0.525113 0.002765
v 0.071308 -0.525113 0.034189
v 0.087020 -0.525113 0.041440
v 0.093063 -0.525113 -0.017781
v 0.096689 -0.461057 -0.025033
v 0.102732 -0.525113 0.036606
v 0.107566 -0.525113 0.022103
v -0.111192 -0.521487 0.025728
v -0.096689 -0.521487 -0.008112
v -0.101523 -0.521487 0.029354
v -0.099105 -0.461057 -0.012947
v -0.074934 -0.521487 0.001556
v -0.070099 -0.461057 0.002765
v 0.058013 -0.521487 0.001556
v 0.056804 -0.461057 0.002765
v 0.079768 -0.521487 0.029354
v 0.094271 -0.521487 0.025728
v 0.085811 -0.521487 -0.008112
v 0.090645 -0.461057 -0.012947
v -0.085811 -0.519070 -0.002070
v -0.085811 -0.461057 -0.003278
v 0.070099 -0.519070 0.001556
v 0.078559 -0.461057 -0.003278
v -0.129321 -0.485229 -0.056457
v -0.126904 -0.485229 -0.061291
v -0.123278 -0.485229 -0.055248
v -0.124487 -0.461057 -0.038328
v -0.129321 -0.485229 -0.015364
v -0.123278 -0.485229 -0.016573
v -0.126904 -0.485229 -0.011739
v -0.122069 -0.485229 -0.060083
v -0.111192 -0.461057 -0.072169
v -0.122069 -0.485229 -0.012947
v -0.111192 -0.461057 -0.002070
v -0.106358 -0.485229 -0.089089
v -0.102732 -0.485229 -0.092715
v -0.100314 -0.485229 -0.085464
v -0.106358 -0.485229 0.016059
v -0.100314 -0.485229 0.012434
v -0.102732 -0.485229 0.019685
v -0.097897 -0.485229 -0.089089
v -0.084603 -0.461057 -0.092715
v -0.097897 -0.485229 0.016059
v -0.084603 -0.461057 0.019685
v -0.072516 -0.485229 -0.102384
v -0.068890 -0.485229 -0.102384
v -0.072516 -0.485229 -0.096341
v -0.068890 -0.485229 -0.096341
v -0.072516 -0.485229 0.019685
v -0.068890 -0.485229 0.026937
v -0.072516 -0.485229 0.026937
v -0.068890 -0.485229 0.019685
v -0.055596 -0.461057 -0.095133
v -0.055596 -0.461057 0.019685
v -0.042301 -0.485229 -0.093924
v -0.039884 -0.485229 -0.101175
v -0.036258 -0.485229 -0.098758
v -0.038675 -0.485229 -0.092715
v -0.042301 -0.485229 0.016059
v -0.036258 -0.485229 0.022103
v -0.039884 -0.485229 0.024520
v -0.038675 -0.485229 0.014851
v -0.027798 -0.461057 -0.085464
v -0.027798 -0.461057 0.007599
v -0.015712 -0.485229 -0.070960
v -0.010878 -0.485229 -0.077003
v -0.007251 -0.485229 -0.072169
v -0.013295 -0.484021 -0.067334
v -0.015712 -0.485229 -0.004487
v -0.007251 -0.485229 -0.002070
v -0.010878 -0.485229 0.001556
v -0.013295 -0.484021 -0.006904
v -0.007251 -0.461057 -0.054040
v -0.007251 -0.461057 -0.018990
v -0.003626 -0.485229 -0.040745
v -0.003626 -0.485229 -0.035911
v 0.003626 -0.485229 -0.072169
v 0.006043 -0.485229 -0.077003
v 0.010878 -0.485229 -0.070960
v 0.022964 -0.461057 -0.085464
v 0.008460 -0.484021 -0.067334
v 0.003626 -0.461057 -0.054040
v 0.003626 -0.485229 -0.002070
v 0.010878 -0.485229 -0.004487
v 0.006043 -0.485229 0.001556
v 0.022964 -0.461057 0.007599
v 0.008460 -0.484021 -0.006904
v 0.003626 -0.461057 -0.018990
v 0.031424 -0.485229 -0.098758
v 0.037467 -0.485229 -0.093924
v 0.033841 -0.485229 -0.092715
v 0.035050 -0.485229 -0.101175
v 0.049553 -0.461057 -0.095133
v 0.031424 -0.485229 0.022103
v 0.033841 -0.485229 0.014851
v 0.037467 -0.485229 0.016059
v 0.035050 -0.485229 0.024520
v 0.049553 -0.461057 0.019685
v 0.061639 -0.485229 -0.102384
v 0.065265 -0.485229 -0.096341
v 0.061639 -0.485229 -0.096341
v 0.065265 -0.485229 -0.102384
v 0.076142 -0.461057 -0.092715
v 0.061639 -0.485229 0.019685
v 0.065265 -0.485229 0.019685
v 0.061639 -0.485229 0.026937
v 0.065265 -0.485229 0.026937
v 0.076142 -0.461057 0.019685
v 0.093063 -0.485229 -0.089089
v 0.099105 -0.485229 -0.092715
v 0.095480 -0.485229 -0.085464
v 0.093063 -0.485229 0.016059
v 0.095480 -0.485229 0.012434
v 0.099105 -0.485229 0.019685
v 0.101523 -0.485229 -0.089089
v 0.105149 -0.461057 -0.072169
v 0.101523 -0.485229 0.016059
v 0.105149 -0.461057 -0.002070
v 0.114818 -0.485229 -0.060083
v 0.119652 -0.485229 -0.061291
v 0.116026 -0.485229 -0.055248
v 0.114818 -0.485229 -0.012947
v 0.116026 -0.485229 -0.016573
v 0.119652 -0.485229 -0.011739
v 0.122069 -0.485229 -0.056457
v 0.117235 -0.461057 -0.038328
v 0.122069 -0.485229 -0.015364
v -0.114818 -0.448971 -0.047996
v -0.114818 -0.448971 -0.027450
v -0.116026 -0.442928 -0.038328
v -0.099105 -0.448971 -0.074586
v -0.108774 -0.448971 -0.060083
v -0.103940 -0.442928 -0.067334
v -0.099105 -0.448971 0.000348
v -0.108774 -0.448971 -0.015364
v -0.103940 -0.442928 -0.006904
v -0.071308 -0.448971 -0.089089
v -0.088228 -0.448971 -0.081838
v -0.080976 -0.442928 -0.085464
v -0.071308 -0.448971 0.014851
v -0.088228 -0.448971 0.008808
v -0.080976 -0.442928 0.012434
v -0.044719 -0.448971 -0.085464
v -0.056804 -0.442928 -0.087881
v -0.044719 -0.448971 0.010016
v -0.056804 -0.442928 0.012434
v -0.016920 -0.448971 -0.061291
v -0.036258 -0.442928 -0.079420
v -0.026589 -0.448971 -0.074586
v -0.016920 -0.448971 -0.012947
v -0.036258 -0.442928 0.002765
v -0.026589 -0.448971 -0.002070
v -0.014503 -0.448971 -0.026242
v -0.014503 -0.442928 -0.050414
v -0.014503 -0.448971 -0.046788
v 0.003626 -0.448971 -0.026242
v -0.014503 -0.442928 -0.021407
v 0.013295 -0.448971 -0.061291
v 0.003626 -0.448971 -0.046788
v 0.007251 -0.442928 -0.050414
v 0.013295 -0.448971 -0.012947
v 0.007251 -0.442928 -0.021407
v 0.039884 -0.448971 -0.085464
v 0.022964 -0.448971 -0.074586
v 0.030215 -0.442928 -0.079420
v 0.039884 -0.448971 0.010016
v 0.022964 -0.448971 -0.002070
v 0.030215 -0.442928 0.002765
v 0.064056 -0.448971 -0.089089
v 0.050761 -0.442928 -0.087881
v 0.064056 -0.448971 0.014851
v 0.050761 -0.442928 0.012434
v 0.091854 -0.448971 -0.074586
v 0.072516 -0.442928 -0.085464
v 0.080976 -0.448971 -0.081838
v 0.091854 -0.448971 0.000348
v 0.072516 -0.442928 0.012434
v 0.080976 -0.448971 0.008808
v 0.107566 -0.448971 -0.047996
v 0.097897 -0.442928 -0.067334
v 0.103940 -0.448971 -0.060083
v 0.107566 -0.448971 -0.027450
v 0.097897 -0.442928 -0.006904
v 0.103940 -0.448971 -0.015364
v 0.108774 -0.442928 -0.038328
v -0.137781 -0.448971 -0.057665
v -0.135364 -0.448971 -0.066126
v -0.136573 -0.442928 -0.066126
v -0.137781 -0.442928 -0.057665
v -0.137781 -0.448971 -0.016573
v -0.135364 -0.448971 -0.009321
v -0.136573 -0.442928 -0.009321
v -0.137781 -0.442928 -0.016573
v -0.108774 -0.442928 -0.060083
v -0.108774 -0.442928 -0.015364
v -0.120860 -0.448971 -0.089089
v -0.116026 -0.448971 -0.095133
v -0.116026 -0.442928 -0.095133
v -0.120860 -0.442928 -0.089089
v -0.120860 -0.448971 0.013643
v -0.116026 -0.448971 0.019685
v -0.116026 -0.442928 0.019685
v -0.120860 -0.442928 0.013643
v -0.088228 -0.442928 -0.081838
v -0.088228 -0.442928 0.008808
v -0.114818 -0.442928 -0.047996
v -0.114818 -0.442928 -0.027450
v -0.099105 -0.442928 -0.074586
v -0.099105 -0.442928 0.000348
v -0.085811 -0.448971 -0.110844
v -0.079768 -0.448971 -0.114470
v -0.079768 -0.442928 -0.114470
v -0.080976 -0.448971 -0.085464
v -0.085811 -0.442928 -0.110844
v -0.085811 -0.448971 0.035397
v -0.079768 -0.448971 0.037814
v -0.079768 -0.442928 0.037814
v -0.080976 -0.448971 0.012434
v -0.085811 -0.442928 0.035397
v -0.071308 -0.442928 -0.089089
v -0.071308 -0.442928 0.014851
v -0.044719 -0.447762 -0.113261
v -0.036258 -0.448971 -0.110844
v -0.044719 -0.442928 -0.085464
v -0.036258 -0.448971 0.035397
v -0.044719 -0.447762 0.037814
v -0.044719 -0.442928 0.010016
v -0.036258 -0.442928 -0.110844
v -0.036258 -0.442928 0.035397
v -0.008460 -0.448971 -0.089089
v -0.013295 -0.448971 -0.095133
v -0.013295 -0.442928 -0.095133
v -0.026589 -0.442928 -0.074586
v -0.008460 -0.448971 0.013643
v -0.013295 -0.448971 0.019685
v -0.013295 -0.442928 0.019685
v -0.026589 -0.442928 -0.002070
v -0.016920 -0.442928 -0.061291
v -0.016920 -0.442928 -0.012947
v -0.014503 -0.442928 -0.046788
v -0.014503 -0.442928 -0.026242
v -0.008460 -0.442928 -0.089089
v -0.008460 -0.442928 0.013643
v -0.001209 -0.448971 -0.089089
v 0.003626 -0.448971 -0.095133
v -0.001209 -0.442928 -0.089089
v 0.013295 -0.442928 -0.061291
v -0.001209 -0.448971 0.013643
v 0.003626 -0.448971 0.019685
v -0.001209 -0.442928 0.013643
v 0.013295 -0.442928 -0.012947
v 0.003626 -0.442928 -0.095133
v 0.003626 -0.442928 -0.046788
v 0.003626 -0.442928 -0.026242
v 0.003626 -0.442928 0.019685
v 0.022964 -0.442928 -0.074586
v 0.022964 -0.442928 -0.002070
v 0.030215 -0.448971 -0.110844
v 0.039884 -0.447762 -0.113261
v 0.039884 -0.442928 -0.085464
v 0.030215 -0.442928 -0.110844
v 0.030215 -0.448971 0.035397
v 0.039884 -0.447762 0.037814
v 0.039884 -0.442928 0.010016
v 0.030215 -0.442928 0.035397
v 0.070099 -0.448971 -0.114470
v 0.078559 -0.448971 -0.110844
v 0.064056 -0.442928 -0.089089
v 0.072516 -0.448971 -0.085464
v 0.078559 -0.448971 0.035397
v 0.070099 -0.448971 0.037814
v 0.064056 -0.442928 0.014851
v 0.072516 -0.448971 0.012434
v 0.070099 -0.442928 -0.114470
v 0.070099 -0.442928 0.037814
v 0.078559 -0.442928 -0.110844
v 0.078559 -0.442928 0.035397
v 0.108774 -0.448971 -0.095133
v 0.080976 -0.442928 -0.081838
v 0.108774 -0.448971 0.019685
v 0.080976 -0.442928 0.008808
v 0.113609 -0.448971 -0.089089
v 0.113609 -0.442928 -0.089089
v 0.091854 -0.442928 -0.074586
v 0.113609 -0.448971 0.013643
v 0.113609 -0.442928 0.013643
v 0.091854 -0.442928 0.000348
v 0.128112 -0.448971 -0.066126
v 0.103940 -0.442928 -0.060083
v 0.128112 -0.448971 -0.009321
v 0.103940 -0.442928 -0.015364
v 0.130529 -0.448971 -0.057665
v 0.130529 -0.442928 -0.057665
v 0.107566 -0.442928 -0.047996
v 0.130529 -0.448971 -0.016573
v 0.130529 -0.442928 -0.016573
v 0.107566 -0.442928 -0.027450
v 0.108774 -0.442928 -0.095133
v 0.108774 -0.442928 0.019685
v 0.128112 -0.442928 -0.066126
v 0.128112 -0.442928 -0.009321
v -0.044719 -0.442928 -0.113261
v -0.044719 -0.442928 0.037814
v 0.039884 -0.442928 -0.113261
v 0.039884 -0.442928 0.037814
v -0.105149 -0.442928 -0.038328
v -0.102732 -0.442928 -0.050414
v -0.102732 -0.442928 -0.026242
v -0.096689 -0.442928 -0.061291
v -0.096689 -0.442928 -0.014156
v -0.099105 0.115448 -0.044371
v -0.099105 0.125117 -0.033494
v -0.095480 0.125117 -0.055248
v -0.096689 0.151706 -0.026242
v -0.088228 -0.442928 -0.069751
v -0.088228 -0.442928 -0.004487
v -0.090645 0.143246 -0.062500
v -0.084603 0.201259 -0.009321
v -0.091854 0.201259 -0.017781
v -0.077351 -0.442928 -0.075795
v -0.084603 0.163792 -0.067334
v -0.077351 -0.442928 0.001556
v -0.073725 0.201259 -0.002070
v -0.064056 -0.442928 -0.078212
v -0.072516 0.183130 -0.074586
v -0.064056 -0.442928 0.003974
v -0.061639 0.201259 0.001556
v -0.051970 -0.442928 -0.077003
v -0.051970 0.171043 -0.079420
v -0.051970 -0.442928 0.001556
v -0.047135 -0.125065 0.003974
v -0.053181 -0.104520 0.004363
v -0.041093 -0.442928 -0.070960
v -0.042301 -0.131107 -0.077003
v -0.047135 -0.125065 -0.078212
v -0.041093 -0.442928 -0.004487
v -0.042301 -0.131107 0.001556
v -0.031424 -0.442928 -0.061291
v -0.031424 -0.134734 -0.070960
v -0.031424 -0.442928 -0.014156
v -0.031424 -0.134734 -0.004487
v -0.025381 -0.442928 -0.049205
v -0.021755 -0.134734 -0.061291
v -0.025381 -0.442928 -0.026242
v -0.021755 -0.134734 -0.014156
v -0.022964 -0.442928 -0.037119
v -0.015712 -0.134734 -0.049205
v -0.015712 -0.134734 -0.026242
v -0.014503 -0.134734 -0.037119
v 0.018129 -0.442928 -0.037119
v 0.019338 -0.442928 -0.026242
v 0.019338 -0.442928 -0.049205
v 0.025381 -0.442928 -0.061291
v 0.025381 -0.442928 -0.014156
v 0.010878 -0.134734 -0.049205
v 0.010878 -0.134734 -0.026242
v 0.009669 -0.134734 -0.037119
v 0.016920 -0.134734 -0.061291
v 0.016920 -0.134734 -0.014156
v 0.033841 -0.442928 -0.070960
v 0.033841 -0.442928 -0.004487
v 0.025381 -0.134734 -0.070960
v 0.025381 -0.134734 -0.004487
v 0.045927 -0.442928 -0.077003
v 0.036258 -0.131107 -0.077003
v 0.045927 -0.442928 0.001556
v 0.036258 -0.131107 0.001556
v 0.059221 -0.442928 -0.078212
v 0.041093 -0.125065 -0.078212
v 0.059221 -0.442928 0.003974
v 0.041093 -0.125065 0.003974
v 0.071308 -0.442928 -0.075795
v 0.066473 0.183130 -0.074586
v 0.053179 0.171043 -0.079420
v 0.071308 -0.442928 0.001556
v 0.054388 0.201259 0.001556
v 0.045927 -0.104519 0.004534
v 0.082185 -0.442928 -0.069751
v 0.074934 0.183130 -0.069751
v 0.082185 -0.442928 -0.004487
v 0.066473 0.201259 -0.002070
v 0.090645 -0.442928 -0.061291
v 0.080976 0.163792 -0.067334
v 0.090645 -0.442928 -0.014156
v 0.077351 0.201259 -0.009321
v 0.096689 -0.442928 -0.050414
v 0.088228 0.125117 -0.055248
v 0.084603 0.143246 -0.062500
v 0.096689 -0.442928 -0.026242
v 0.090645 0.201259 -0.026242
v 0.085811 0.201259 -0.017781
v 0.097897 -0.442928 -0.038328
v 0.091854 0.115448 -0.044371
v 0.091854 0.125117 -0.033494
v 0.090645 0.151706 -0.026242
v -0.148659 -0.335362 -0.037119
v -0.148659 -0.335362 -0.034702
v -0.177665 -0.331737 -0.029867
v -0.148659 -0.331737 -0.037119
v -0.148659 -0.334154 -0.039536
v -0.148659 -0.332945 -0.039536
v -0.177665 -0.331737 -0.033494
v -0.148659 -0.332945 -0.034702
v -0.175248 -0.329319 -0.025033
v -0.176457 -0.330528 -0.026242
v -0.140198 -0.335362 -0.049205
v -0.140198 -0.334154 -0.049205
v -0.140198 -0.335362 -0.047996
v -0.172830 -0.331737 -0.052831
v -0.169205 -0.329319 -0.058874
v -0.171622 -0.331737 -0.056457
v -0.140198 -0.332945 -0.049205
v -0.140198 -0.334154 -0.046788
v -0.171622 -0.330528 -0.049205
v 0.136573 -0.335362 -0.049205
v 0.136573 -0.335362 -0.047996
v 0.136573 -0.334154 -0.049205
v 0.167996 -0.331737 -0.052831
v 0.164370 -0.329319 -0.058874
v 0.166788 -0.331737 -0.056457
v 0.136573 -0.332945 -0.049205
v 0.136573 -0.334154 -0.046788
v 0.166788 -0.330528 -0.049205
v 0.136573 -0.335362 -0.037119
v 0.136573 -0.335362 -0.034702
v 0.136573 -0.331737 -0.037119
v 0.166788 -0.331737 -0.029867
v 0.136573 -0.332945 -0.039536
v 0.136573 -0.334154 -0.039536
v 0.166788 -0.331737 -0.033494
v 0.136573 -0.332945 -0.034702
v 0.164370 -0.329319 -0.025033
v 0.166788 -0.330528 -0.026242
v -0.176457 -0.329319 -0.037119
v -0.165579 -0.325693 -0.058874
v -0.140198 -0.332945 -0.047996
v -0.140198 -0.332945 -0.046788
v -0.169205 -0.328110 -0.047996
v -0.136573 -0.334154 -0.020199
v -0.136573 -0.332945 -0.020199
v -0.136573 -0.334154 -0.018990
v -0.160744 -0.330528 -0.003278
v -0.161953 -0.328110 -0.010530
v -0.161953 -0.330528 -0.006904
v -0.135364 -0.332945 -0.018990
v -0.155910 -0.326902 0.000348
v -0.158328 -0.329319 -0.000861
v 0.124487 -0.334154 -0.020199
v 0.124487 -0.334154 -0.018990
v 0.124487 -0.332945 -0.020199
v 0.148659 -0.330528 -0.003278
v 0.149867 -0.328110 -0.010530
v 0.149867 -0.330528 -0.006904
v 0.124487 -0.332945 -0.018990
v 0.143824 -0.326902 0.000348
v 0.146242 -0.329319 -0.000861
v 0.161953 -0.325693 -0.058874
v 0.136573 -0.332945 -0.047996
v 0.136573 -0.332945 -0.046788
v 0.164370 -0.328110 -0.047996
v 0.165579 -0.329319 -0.037119
v -0.172830 -0.323276 -0.037119
v -0.175248 -0.325693 -0.038328
v -0.172830 -0.323276 -0.025033
v -0.174039 -0.325693 -0.023825
v -0.164370 -0.323276 -0.056457
v -0.165579 -0.323276 -0.049205
v -0.164370 -0.322068 -0.052831
v -0.167996 -0.325693 -0.047996
v -0.136573 -0.331737 -0.020199
v -0.159536 -0.324485 -0.011739
v -0.135364 -0.331737 -0.018990
v -0.153493 -0.324485 -0.000861
v 0.124487 -0.331737 -0.020199
v 0.147450 -0.324485 -0.011739
v 0.124487 -0.331737 -0.018990
v 0.141407 -0.324485 -0.000861
v 0.160744 -0.323276 -0.056457
v 0.161953 -0.323276 -0.049205
v 0.160744 -0.322068 -0.052831
v 0.163162 -0.325693 -0.047996
v 0.161953 -0.323276 -0.037119
v 0.164370 -0.325693 -0.038328
v 0.161953 -0.323276 -0.025033
v 0.163162 -0.325693 -0.023825
v -0.197003 -0.320859 -0.031076
v -0.193377 -0.318442 -0.037119
v -0.197003 -0.320859 -0.025033
v -0.190960 -0.320859 -0.061291
v -0.192168 -0.320859 -0.055248
v -0.186125 -0.319650 -0.066126
v -0.171622 -0.322068 -0.033494
v -0.171622 -0.322068 -0.029867
v -0.153493 -0.320859 -0.008112
v -0.155910 -0.322068 -0.011739
v -0.152284 -0.322068 -0.004487
v 0.142615 -0.320859 -0.008112
v 0.145033 -0.322068 -0.011739
v 0.141407 -0.322068 -0.004487
v 0.160744 -0.322068 -0.033494
v 0.160744 -0.322068 -0.029867
v 0.186125 -0.320859 -0.061291
v 0.181291 -0.319650 -0.066126
v 0.187334 -0.320859 -0.031076
v 0.182499 -0.318442 -0.037119
v 0.187334 -0.320859 -0.025033
v 0.186125 -0.320859 -0.055248
v -0.195794 -0.319650 -0.020199
v -0.189751 -0.319650 -0.049205
v -0.178874 -0.318442 -0.000861
v -0.176457 -0.317233 -0.006904
v -0.176457 -0.318442 0.005182
v 0.166788 -0.318442 -0.000861
v 0.165579 -0.318442 0.005182
v 0.165579 -0.317233 -0.006904
v 0.184917 -0.319650 -0.049205
v 0.184917 -0.319650 -0.020199
v -0.188543 -0.316024 -0.039536
v -0.190960 -0.317233 -0.017781
v -0.180082 -0.316024 -0.066126
v -0.172830 -0.317233 0.008808
v 0.161953 -0.317233 0.008808
v 0.175248 -0.316024 -0.066126
v 0.181291 -0.317233 -0.017781
v 0.177665 -0.316024 -0.039536
v -0.184917 -0.317233 -0.046788
v -0.171622 -0.314816 -0.010530
v 0.160744 -0.314816 -0.010530
v 0.180082 -0.317233 -0.046788
v -0.166788 -0.314816 0.010016
v 0.155910 -0.314816 0.010016
v -0.183708 -0.313607 -0.038328
v -0.186125 -0.314816 -0.017781
v -0.180082 -0.314816 -0.046788
v -0.175248 -0.313607 -0.062500
v 0.170413 -0.313607 -0.062500
v 0.175248 -0.314816 -0.046788
v 0.176457 -0.314816 -0.017781
v 0.172830 -0.313607 -0.038328
v -0.165579 -0.312399 -0.010530
v -0.161953 -0.312399 0.007599
v 0.151075 -0.312399 0.007599
v 0.154702 -0.312399 -0.010530
v -0.180082 -0.312399 -0.033494
v -0.181291 -0.312399 -0.021407
v -0.176457 -0.312399 -0.050414
v -0.174039 -0.312399 -0.056457
v 0.169205 -0.312399 -0.056457
v 0.171622 -0.312399 -0.050414
v 0.169205 -0.312399 -0.033494
v 0.171622 -0.312399 -0.021407
v -0.178874 -0.311190 -0.027450
v -0.160744 -0.311190 -0.006904
v -0.159536 -0.311190 0.001556
v 0.148659 -0.311190 0.001556
v 0.149867 -0.311190 -0.006904
v 0.169205 -0.311190 -0.027450
v -0.205463 -0.308773 -0.031076
v -0.200629 -0.307564 -0.037119
v -0.206672 -0.307564 -0.023825
v -0.200629 -0.308773 -0.063709
v -0.201837 -0.307564 -0.056457
v -0.193377 -0.307564 -0.068543
v 0.194585 -0.308773 -0.063709
v 0.188543 -0.307564 -0.068543
v 0.195794 -0.307564 -0.056457
v 0.195794 -0.308773 -0.031076
v 0.189751 -0.307564 -0.037119
v 0.195794 -0.307564 -0.023825
v -0.203046 -0.306355 -0.017781
v -0.198212 -0.307564 -0.049205
v -0.184917 -0.305147 -0.068543
v 0.180082 -0.305147 -0.068543
v 0.192168 -0.307564 -0.049205
v 0.193377 -0.306355 -0.017781
v -0.192168 -0.306355 -0.040745
v -0.184917 -0.305147 0.001556
v -0.182499 -0.305147 -0.005695
v -0.182499 -0.305147 0.008808
v 0.175248 -0.305147 0.001556
v 0.172830 -0.305147 0.008808
v 0.171622 -0.305147 -0.005695
v 0.182499 -0.306355 -0.040745
v -0.197003 -0.305147 -0.014156
v -0.190960 -0.306355 -0.045579
v -0.175248 -0.303938 -0.010530
v -0.177665 -0.303938 0.012434
v 0.166788 -0.303938 0.012434
v 0.164370 -0.303938 -0.010530
v 0.186125 -0.306355 -0.045579
v 0.187334 -0.305147 -0.014156
v -0.186125 -0.303938 -0.039536
v -0.177665 -0.303938 -0.063709
v 0.172830 -0.303938 -0.063709
v 0.175248 -0.303938 -0.039536
v -0.189751 -0.303938 -0.015364
v -0.183708 -0.305147 -0.045579
v -0.167996 -0.302730 -0.010530
v -0.170413 -0.302730 0.013643
v 0.159536 -0.302730 0.013643
v 0.157119 -0.302730 -0.010530
v 0.178874 -0.305147 -0.045579
v 0.180082 -0.303938 -0.015364
v -0.181291 -0.303938 -0.033494
v -0.175248 -0.302730 -0.056457
v 0.170413 -0.302730 -0.056457
v 0.170413 -0.303938 -0.033494
v -0.183708 -0.302730 -0.018990
v -0.180082 -0.302730 -0.026242
v -0.177665 -0.303938 -0.050414
v -0.161953 -0.301521 -0.006904
v -0.163162 -0.301521 0.010016
v 0.153493 -0.301521 0.010016
v 0.151075 -0.301521 -0.006904
v 0.172830 -0.303938 -0.050414
v 0.170413 -0.302730 -0.026242
v 0.174039 -0.302730 -0.018990
v -0.159536 -0.301521 0.002765
v 0.149867 -0.301521 0.002765
v -0.141407 -0.309982 -0.011739
v -0.141407 -0.309982 -0.010530
v -0.142615 -0.308773 -0.010530
v -0.131738 -0.299104 -0.000861
v -0.142615 -0.308773 -0.011739
v -0.141407 -0.308773 -0.011739
v -0.131738 -0.297895 -0.005695
v -0.138990 -0.297895 0.001556
v -0.135364 -0.299104 0.001556
v 0.132947 -0.309982 -0.011739
v 0.134155 -0.308773 -0.010530
v 0.132947 -0.309982 -0.010530
v 0.123278 -0.299104 -0.000861
v 0.132947 -0.308773 -0.011739
v 0.123278 -0.297895 -0.005695
v 0.130529 -0.297895 0.001556
v 0.126904 -0.299104 0.001556
v -0.210297 -0.295478 -0.031076
v -0.204254 -0.295478 -0.038328
v -0.204254 -0.295478 -0.064917
v -0.195794 -0.295478 -0.069751
v -0.141407 -0.296687 -0.003278
v -0.135364 -0.296687 -0.009321
v -0.138990 -0.296687 -0.008112
v 0.134155 -0.308773 -0.011739
v 0.126904 -0.296687 -0.009321
v 0.132947 -0.296687 -0.003278
v 0.130529 -0.296687 -0.008112
v 0.190960 -0.295478 -0.069751
v 0.198212 -0.295478 -0.064917
v 0.193377 -0.295478 -0.038328
v 0.200629 -0.295478 -0.031076
v -0.210297 -0.295478 -0.022616
v -0.205463 -0.295478 -0.056457
v -0.194585 -0.295478 -0.041954
v -0.201837 -0.295478 -0.047996
v -0.186125 -0.295478 -0.069751
v 0.181291 -0.295478 -0.069751
v 0.183708 -0.295478 -0.041954
v 0.200629 -0.295478 -0.056457
v 0.195794 -0.295478 -0.047996
v 0.200629 -0.295478 -0.022616
v -0.206672 -0.294269 -0.015364
v -0.186125 -0.294269 -0.039536
v -0.193377 -0.295478 -0.044371
v 0.175248 -0.294269 -0.039536
v 0.188543 -0.295478 -0.044371
v 0.197003 -0.294269 -0.015364
v -0.199420 -0.294269 -0.012947
v -0.178874 -0.294269 -0.064917
v -0.184917 -0.293061 -0.006904
v -0.188543 -0.293061 0.001556
v -0.184917 -0.294269 -0.044371
v -0.176457 -0.293061 -0.011739
v -0.186125 -0.291852 0.010016
v 0.174039 -0.293061 -0.006904
v 0.165579 -0.293061 -0.011739
v 0.177665 -0.293061 0.001556
v 0.176457 -0.291852 0.010016
v 0.180082 -0.294269 -0.044371
v 0.174039 -0.294269 -0.064917
v 0.189751 -0.294269 -0.012947
v -0.190960 -0.293061 -0.012947
v -0.181291 -0.293061 -0.033494
v -0.180082 -0.293061 -0.025033
v -0.175248 -0.294269 -0.056457
v -0.177665 -0.294269 -0.049205
v -0.178874 -0.291852 0.014851
v -0.167996 -0.293061 -0.011739
v 0.157119 -0.293061 -0.011739
v 0.169205 -0.291852 0.014851
v 0.170413 -0.293061 -0.033494
v 0.170413 -0.293061 -0.025033
v 0.170413 -0.294269 -0.056457
v 0.172830 -0.294269 -0.049205
v 0.181291 -0.293061 -0.012947
v -0.183708 -0.293061 -0.017781
v -0.170413 -0.290644 0.014851
v -0.160744 -0.291852 -0.006904
v 0.151075 -0.291852 -0.006904
v 0.160744 -0.290644 0.014851
v 0.174039 -0.293061 -0.017781
v -0.163162 -0.290644 0.011225
v -0.159536 -0.290644 0.002765
v 0.148659 -0.290644 0.002765
v 0.153493 -0.290644 0.011225
v -0.129321 -0.284600 0.008808
v -0.136573 -0.284600 0.008808
v -0.124487 -0.284600 0.003974
v 0.120860 -0.284600 0.008808
v 0.116026 -0.284600 0.003974
v 0.128112 -0.284600 0.008808
v -0.141407 -0.285809 0.003974
v -0.125695 -0.285809 -0.004487
v 0.117235 -0.285809 -0.004487
v 0.134155 -0.285809 0.003974
v -0.141407 -0.285809 -0.004487
v -0.135364 -0.285809 -0.009321
v -0.129321 -0.285809 -0.009321
v 0.126904 -0.285809 -0.009321
v 0.120860 -0.285809 -0.009321
v 0.132947 -0.285809 -0.004487
v -0.213923 -0.277349 -0.022616
v -0.213923 -0.277349 -0.032285
v -0.209089 -0.277349 -0.014156
v -0.209089 -0.277349 -0.055248
v -0.204254 -0.278558 -0.046788
v -0.206672 -0.277349 -0.064917
v -0.206672 -0.278558 -0.040745
v -0.194585 -0.278558 -0.043162
v -0.198212 -0.277349 -0.070960
v -0.195794 -0.278558 -0.043162
v -0.186125 -0.277349 -0.043162
v -0.187334 -0.277349 -0.070960
v 0.193377 -0.277349 -0.070960
v 0.182499 -0.277349 -0.070960
v 0.197003 -0.278558 -0.040745
v 0.184917 -0.278558 -0.043162
v 0.189751 -0.278558 -0.043162
v 0.181291 -0.277349 -0.043162
v 0.201837 -0.277349 -0.064917
v 0.203046 -0.277349 -0.032285
v 0.198212 -0.278558 -0.046788
v 0.203046 -0.277349 -0.055248
v 0.204254 -0.277349 -0.022616
v 0.199420 -0.277349 -0.014156
v -0.200629 -0.277349 -0.010530
v -0.190960 -0.277349 -0.011739
v -0.186125 -0.277349 -0.040745
v -0.178874 -0.277349 -0.047996
v -0.178874 -0.277349 -0.064917
v -0.175248 -0.277349 -0.056457
v 0.170413 -0.277349 -0.056457
v 0.174039 -0.277349 -0.064917
v 0.174039 -0.277349 -0.047996
v 0.176457 -0.277349 -0.040745
v 0.190960 -0.277349 -0.010530
v 0.181291 -0.277349 -0.011739
v -0.183708 -0.277349 -0.016573
v -0.190960 -0.276140 0.000348
v -0.187334 -0.276140 0.010016
v -0.186125 -0.276140 -0.009321
v -0.178874 -0.277349 -0.025033
v -0.180082 -0.277349 -0.033494
v -0.177665 -0.276140 -0.014156
v -0.167996 -0.276140 -0.014156
v 0.166788 -0.276140 -0.014156
v 0.157119 -0.276140 -0.014156
v 0.176457 -0.276140 -0.009321
v 0.170413 -0.277349 -0.033494
v 0.170413 -0.277349 -0.025033
v 0.174039 -0.277349 -0.016573
v 0.180082 -0.276140 0.000348
v 0.177665 -0.276140 0.010016
v -0.180082 -0.274932 0.014851
v -0.170413 -0.274932 0.014851
v -0.159536 -0.274932 -0.008112
v 0.149867 -0.274932 -0.008112
v 0.170413 -0.274932 0.014851
v 0.160744 -0.274932 0.014851
v -0.161953 -0.274932 0.011225
v -0.157119 -0.274932 0.001556
v 0.147450 -0.274932 0.001556
v 0.152284 -0.274932 0.011225
v -0.145033 -0.273723 -0.006904
v -0.137781 -0.273723 -0.014156
v -0.145033 -0.272515 0.005182
v -0.128112 -0.272515 -0.014156
v -0.122069 -0.271306 -0.006904
v -0.120860 -0.270098 0.003974
v 0.113609 -0.271306 -0.006904
v 0.113609 -0.270098 0.003974
v 0.119652 -0.272515 -0.014156
v 0.129321 -0.273723 -0.014156
v 0.136573 -0.273723 -0.006904
v 0.137781 -0.272515 0.005182
v -0.137781 -0.271306 0.012434
v -0.128112 -0.270098 0.011225
v 0.119652 -0.270098 0.011225
v 0.129321 -0.271306 0.012434
v -0.213923 -0.264054 -0.032285
v -0.211506 -0.264054 -0.054040
v -0.212714 -0.264054 -0.021407
v -0.206672 -0.264054 -0.063709
v -0.201837 -0.264054 -0.004487
v -0.198212 -0.264054 -0.069751
v -0.187334 -0.264054 -0.069751
v -0.170413 -0.250760 -0.061291
v -0.170413 -0.266472 -0.037119
v -0.164370 -0.267680 -0.016573
v -0.165579 -0.247134 -0.047996
v 0.161953 -0.250760 -0.061291
v 0.163162 -0.255594 -0.044371
v 0.166788 -0.268889 -0.035911
v 0.154702 -0.267680 -0.016573
v 0.182499 -0.264054 -0.069751
v 0.193377 -0.264054 -0.069751
v 0.204254 -0.264054 -0.021407
v 0.194585 -0.264054 -0.004487
v 0.201837 -0.264054 -0.063709
v 0.204254 -0.264054 -0.054040
v 0.204254 -0.264054 -0.032285
v -0.188543 -0.261637 0.005182
v 0.178874 -0.261637 0.005182
v -0.178874 -0.253177 0.011225
v -0.169205 -0.253177 0.012434
v -0.159536 -0.255594 0.007599
v -0.155910 -0.256803 -0.003278
v 0.145033 -0.256803 -0.003278
v 0.149867 -0.255594 0.007599
v 0.158328 -0.253177 0.012434
v 0.169205 -0.253177 0.011225
v -0.153493 -0.255594 -0.012947
v -0.153493 -0.254385 0.002765
v -0.143824 -0.255594 -0.022616
v 0.145033 -0.255594 -0.012947
v 0.135364 -0.255594 -0.022616
v 0.145033 -0.254385 0.002765
v -0.143824 -0.250760 0.011225
v -0.130529 -0.253177 -0.022616
v 0.122069 -0.253177 -0.022616
v 0.135364 -0.250760 0.011225
v -0.130529 -0.248343 0.010016
v -0.120860 -0.249551 -0.012947
v 0.112400 -0.249551 -0.012947
v 0.122069 -0.248343 0.010016
v -0.120860 -0.247134 0.000348
v 0.112400 -0.247134 0.000348
v -0.004834 -0.268889 -0.157980
v -0.082185 -0.191538 -0.135016
v -0.004834 -0.267680 -0.170066
v 0.072516 -0.195164 -0.135016
v -0.004834 -0.179452 -0.136225
v 0.149867 -0.255594 -0.021407
v -0.159536 -0.255594 -0.021407
v 0.073725 -0.192746 -0.148311
v 0.072516 0.168627 -0.091506
v -0.084603 -0.189121 -0.148311
v -0.082185 0.168627 -0.091506
v -0.059221 0.175878 -0.093924
v 0.049553 0.175878 -0.093924
v -0.036258 0.183130 -0.095133
v 0.026589 0.183130 -0.095133
v -0.004834 0.185547 -0.095133
v -0.201837 -0.146820 -0.031076
v -0.200629 -0.146820 -0.022616
v -0.194585 -0.146820 -0.055248
v -0.199420 -0.146820 -0.046788
v -0.187334 -0.146820 -0.061291
v -0.192168 -0.148028 -0.011739
v -0.178874 -0.148028 -0.063709
v -0.166788 -0.206041 -0.061291
v 0.174039 -0.148028 -0.063709
v 0.155910 -0.206041 -0.057665
v 0.163162 -0.148028 -0.063709
v 0.182499 -0.146820 -0.061291
v 0.192168 -0.146820 -0.022616
v 0.184917 -0.148028 -0.011739
v 0.189751 -0.146820 -0.055248
v 0.193377 -0.146820 -0.031076
v 0.193377 -0.146820 -0.046788
v -0.186125 -0.160114 -0.005695
v 0.176457 -0.160114 -0.005695
v -0.154702 -0.254385 0.002765
v 0.146242 -0.254385 0.002765
v -0.142615 -0.255594 -0.026242
v -0.155910 -0.244717 -0.031076
v -0.160744 -0.237465 0.008808
v -0.128112 -0.251968 -0.026242
v -0.146242 -0.236256 -0.037119
v 0.134155 -0.255594 -0.026242
v 0.145033 -0.244717 -0.031076
v 0.119652 -0.251968 -0.026242
v 0.136573 -0.236256 -0.037119
v 0.152284 -0.237465 0.008808
v -0.142615 -0.250760 0.014851
v 0.134155 -0.250760 0.014851
v -0.166788 -0.220545 0.007599
v -0.177665 -0.161323 -0.002070
v 0.157119 -0.220545 0.007599
v 0.166788 -0.161323 -0.002070
v -0.118443 -0.247134 -0.016573
v -0.132947 -0.227796 -0.033494
v 0.109983 -0.247134 -0.016573
v 0.124487 -0.227796 -0.033494
v -0.153493 -0.227796 -0.040745
v -0.154702 -0.220545 -0.045579
v -0.129321 -0.247134 0.013643
v -0.148659 -0.226588 0.010016
v 0.120860 -0.247134 0.013643
v 0.138990 -0.226588 0.010016
v 0.145033 -0.227796 -0.040745
v 0.146242 -0.220545 -0.045579
v -0.118443 -0.244717 0.002765
v 0.109983 -0.244717 0.002765
v -0.135364 -0.220545 0.002765
v -0.126904 -0.220545 -0.021407
v 0.119652 -0.220545 -0.021407
v 0.128112 -0.220545 0.002765
v -0.128112 -0.218128 -0.008112
v 0.120860 -0.218128 -0.008112
v -0.152284 -0.204833 -0.041954
v 0.142615 -0.204833 -0.041954
v -0.161953 -0.204833 0.001556
v 0.152284 -0.204833 0.001556
v -0.169205 -0.157697 -0.002070
v -0.155910 -0.201207 -0.051622
v -0.154702 -0.198790 -0.006904
v -0.148659 -0.198790 -0.031076
v 0.140198 -0.198790 -0.031076
v 0.146242 -0.198790 -0.006904
v 0.158328 -0.157697 -0.002070
v -0.149867 -0.196373 -0.017781
v 0.141407 -0.196373 -0.017781
v -0.123278 0.065895 -0.061291
v -0.134155 0.067104 -0.066126
v 0.108774 0.065895 -0.061291
v 0.119652 0.067104 -0.066126
v -0.161953 -0.146820 -0.002070
v -0.114818 0.064687 -0.054040
v -0.109983 0.063478 -0.043162
v 0.100314 0.063478 -0.043162
v 0.103940 0.064687 -0.054040
v 0.152284 -0.146820 -0.002070
v -0.145033 -0.125065 -0.014156
v -0.109983 0.063478 -0.032285
v 0.100314 0.063478 -0.032285
v 0.136573 -0.125065 -0.014156
v 0.137781 -0.120230 -0.109635
v -0.004834 0.179504 -0.081838
v 0.089437 0.165001 -0.075795
v 0.140198 -0.117813 -0.121721
v -0.146242 -0.117813 -0.106010
v -0.094271 0.165001 -0.075795
v -0.148659 -0.114187 -0.118096
v -0.181291 -0.161323 0.005182
v -0.171622 -0.157697 0.007599
v -0.189751 -0.158906 0.001556
v -0.181291 -0.144402 0.003974
v 0.170413 -0.161323 0.005182
v 0.161953 -0.157697 0.007599
v 0.180082 -0.158906 0.001556
v 0.171622 -0.144402 0.003974
v -0.195794 -0.148028 -0.002070
v 0.186125 -0.148028 -0.002070
v -0.165579 -0.146820 0.007599
v 0.154702 -0.146820 0.007599
v -0.190960 -0.138359 -0.012947
v -0.194585 -0.138359 -0.002070
v -0.154702 0.045349 -0.064917
v 0.130529 0.045349 -0.064917
v 0.146242 0.045349 -0.064917
v 0.183708 -0.138359 -0.012947
v 0.186125 -0.138359 -0.002070
v -0.174039 0.046557 -0.029867
v -0.174039 0.045349 -0.044371
v -0.187334 -0.100892 -0.014156
v -0.187334 -0.091224 -0.015364
v -0.171622 0.046557 -0.020199
v -0.170413 0.045349 -0.052831
v -0.164370 0.045349 -0.060083
v -0.167996 -0.137151 0.006390
v -0.164370 -0.137151 -0.003278
v -0.160744 -0.099684 -0.003278
v -0.154702 -0.091224 -0.004487
v 0.158328 -0.137151 0.006390
v 0.154702 -0.137151 -0.003278
v 0.151075 -0.099684 -0.003278
v 0.145033 -0.091224 -0.004487
v 0.154702 0.045349 -0.060083
v 0.161953 0.045349 -0.052831
v 0.167996 0.046557 -0.029867
v 0.181291 -0.100892 -0.014156
v 0.182499 -0.091224 -0.015364
v 0.165579 0.046557 -0.020199
v 0.166788 0.045349 -0.044371
v -0.187334 -0.131107 -0.000861
v -0.175248 -0.129899 0.002765
v 0.178874 -0.131107 -0.000861
v 0.165579 -0.129899 0.002765
v -0.183708 -0.131107 -0.009321
v 0.176457 -0.131107 -0.009321
v -0.172830 -0.129899 -0.005695
v -0.169205 -0.106936 -0.005695
v 0.163162 -0.129899 -0.005695
v 0.159536 -0.106936 -0.005695
v -0.180082 -0.108144 -0.009321
v 0.172830 -0.108144 -0.009321
v -0.123278 0.065895 -0.011739
v -0.114818 0.064687 -0.021407
v 0.108774 0.065895 -0.011739
v 0.103940 0.064687 -0.021407
v 0.186125 -0.057383 -0.078212
v 0.111192 0.133577 -0.073378
v -0.193377 -0.053757 -0.074586
v -0.116026 0.133577 -0.073378
v 0.189751 -0.053757 -0.090298
v -0.197003 -0.050131 -0.086672
v -0.047135 -0.113005 0.003581
v -0.047135 -0.113005 0.010833
v -0.055596 -0.104545 0.010833
v -0.001209 -0.070703 0.003581
v -0.055596 -0.104545 0.003581
v -0.008460 -0.062243 0.010833
v -0.001209 -0.070703 0.010833
v 0.041093 -0.113005 0.003581
v 0.049553 -0.104545 0.003581
v 0.041093 -0.113005 0.010833
v 0.049553 -0.104545 0.010833
v -0.172830 -0.106936 0.003974
v -0.183708 -0.106936 0.000348
v 0.163162 -0.106936 0.003974
v 0.175248 -0.106936 0.000348
v -0.177665 -0.091224 0.000348
v -0.190960 -0.099684 -0.003278
v -0.164370 -0.099684 0.006390
v 0.154702 -0.099684 0.006390
v 0.167996 -0.091224 0.000348
v 0.182499 -0.099684 -0.003278
v -0.008460 -0.062243 0.003581
v 0.004834 -0.070677 0.003974
v -0.008463 -0.070678 0.004723
v -0.055611 0.094900 0.004846
v 0.004834 -0.009038 0.005093
v 0.049553 0.094902 0.004011
v 0.004834 -0.062243 0.003581
v 0.004834 -0.062243 0.010833
v -0.192168 -0.090015 -0.004487
v -0.163162 -0.090015 0.006390
v 0.153493 -0.090015 0.006390
v 0.183708 -0.090015 -0.004487
v -0.183708 -0.080346 -0.014156
v -0.187334 -0.081555 -0.003278
v -0.167996 -0.080346 0.003974
v -0.177665 -0.076721 -0.000861
v -0.160744 -0.080346 -0.005695
v -0.134155 0.067104 -0.006904
v 0.158328 -0.080346 0.003974
v 0.151075 -0.080346 -0.005695
v 0.119652 0.067104 -0.006904
v 0.178874 -0.081555 -0.003278
v 0.167996 -0.076721 -0.000861
v 0.177665 -0.080346 -0.014156
v -0.174039 -0.076721 -0.008112
v 0.166788 -0.076721 -0.008112
v -0.164370 0.045349 -0.011739
v -0.154702 0.045349 -0.006904
v 0.146242 0.045349 -0.006904
v 0.154702 0.045349 -0.011739
v 0.004834 -0.070677 0.011225
v -0.008460 -0.070677 0.011225
v -0.008469 -0.009041 0.005854
v -0.008465 -0.009016 0.012127
v 0.236887 0.011508 -0.039536
v 0.222383 0.005465 -0.041954
v 0.143824 0.093693 -0.063709
v 0.134155 0.093693 -0.068543
v -0.240513 0.011508 -0.039536
v -0.228427 0.005465 -0.041954
v -0.149867 0.093693 -0.063709
v -0.140198 0.093693 -0.068543
v 0.239304 0.012717 -0.050414
v 0.095480 0.175878 -0.084255
v -0.245347 0.012717 -0.050414
v -0.103940 0.175878 -0.084255
v -0.055596 -0.009038 0.003974
v -0.055596 0.001839 0.011225
v -0.055609 0.001838 0.004097
v -0.008460 0.001839 0.011225
v 0.050761 -0.009038 0.011225
v 0.050761 0.001839 0.003451
v 0.050761 0.001839 0.011225
v -0.170413 -0.002996 0.018476
v -0.174039 -0.001787 0.035397
v -0.186125 0.030845 0.026937
v -0.118443 0.047766 0.025728
v -0.180082 0.024803 0.013643
v 0.164370 -0.002996 0.018476
v 0.181291 0.030845 0.026937
v 0.169205 -0.001787 0.035397
v 0.109983 0.047766 0.025728
v 0.174039 0.024803 0.013643
v -0.120860 0.047766 0.042649
v 0.113609 0.047766 0.042649
v -0.008464 0.001840 0.003136
v -0.008460 0.052600 0.011225
v -0.008460 0.052600 0.003974
v 0.004834 0.052600 0.011225
v 0.004834 0.001839 0.003451
v 0.004834 0.052600 0.003974
v -0.221175 0.006673 -0.031076
v -0.234469 0.012717 -0.026242
v -0.147450 0.148080 -0.046788
v -0.154702 0.117865 -0.052831
v 0.230844 0.012717 -0.026242
v 0.217549 0.006673 -0.031076
v 0.141407 0.148080 -0.046788
v 0.148659 0.117865 -0.052831
v -0.186125 0.010299 0.014851
v -0.197003 0.016342 0.026937
v -0.146242 0.135994 -0.027450
v 0.189751 0.016342 0.026937
v 0.181291 0.010299 0.014851
v 0.137781 0.135994 -0.027450
v -0.138990 0.200050 -0.043162
v 0.130529 0.200050 -0.043162
v -0.123278 0.185547 -0.072169
v -0.134155 0.196425 -0.056457
v -0.134155 0.196425 -0.021407
v 0.128112 0.196425 -0.021407
v 0.113609 0.185547 -0.072169
v 0.128112 0.196425 -0.056457
v -0.109983 0.108196 0.022103
v -0.084603 0.201259 -0.005695
v -0.136573 0.137203 -0.018990
v 0.101523 0.108196 0.022103
v 0.077351 0.201259 -0.005695
v 0.130529 0.137203 -0.018990
v -0.112400 0.111822 0.039023
v -0.103940 0.197633 0.005182
v -0.123278 0.196425 -0.009321
v 0.105149 0.111822 0.039023
v 0.095480 0.197633 0.005182
v 0.113609 0.196425 -0.009321
v -0.087020 0.033263 0.017268
v -0.085811 0.033263 0.032980
v -0.064056 0.087650 0.029354
v -0.066473 0.087650 0.013643
v 0.079768 0.033263 0.032980
v 0.083394 0.033263 0.017268
v 0.059221 0.087650 0.029354
v 0.061639 0.087650 0.013643
v -0.163162 0.085233 -0.052831
v -0.166788 0.086441 -0.043162
v -0.155910 0.085233 -0.061291
v -0.155910 0.085233 -0.014156
v -0.163162 0.086441 -0.021407
v -0.147450 0.085233 -0.064917
v -0.147450 0.085233 -0.009321
v 0.138990 0.085233 -0.064917
v 0.147450 0.085233 -0.061291
v 0.147450 0.085233 -0.014156
v 0.138990 0.085233 -0.009321
v 0.154702 0.085233 -0.052831
v 0.154702 0.086441 -0.021407
v 0.158328 0.086441 -0.043162
v -0.166788 0.086441 -0.031076
v 0.159536 0.086441 -0.031076
v -0.055596 0.094902 0.011225
v -0.001209 0.062269 0.011225
v 0.041093 0.103362 0.011225
v 0.049553 0.094902 0.011225
v -0.001209 0.062269 0.003974
v -0.047135 0.103362 0.003974
v 0.041093 0.103362 0.003974
v -0.047135 0.103362 0.011225
v -0.105149 0.091276 -0.044371
v -0.108774 0.091276 -0.054040
v -0.105149 0.091276 -0.033494
v 0.094271 0.091276 -0.044371
v 0.097897 0.091276 -0.054040
v 0.094271 0.091276 -0.033494
v -0.116026 0.092484 -0.062500
v -0.101523 0.152915 -0.023825
v 0.103940 0.092484 -0.062500
v 0.090645 0.152915 -0.023825
v -0.126904 0.093693 -0.066126
v 0.113609 0.093693 -0.066126
v -0.111192 0.152915 -0.020199
v 0.100314 0.152915 -0.020199
v -0.036258 0.082816 0.007599
v -0.035050 0.082816 0.023311
v -0.022964 0.108196 0.023311
v -0.024172 0.108196 0.007599
v 0.030215 0.082816 0.023311
v 0.032633 0.082816 0.007599
v 0.019338 0.108196 0.023311
v 0.020546 0.108196 0.007599
v -0.126904 0.167418 -0.025033
v 0.120860 0.167418 -0.025033
v -0.148659 0.148080 -0.046788
v -0.073725 0.152915 0.019685
v -0.035050 0.120282 0.008808
v -0.035050 0.120282 0.024520
v 0.030215 0.120282 0.024520
v 0.030215 0.120282 0.008808
v 0.064056 0.152915 0.019685
v -0.094271 0.165001 -0.072169
v 0.085811 0.165001 -0.072169
v -0.042301 0.201259 0.003974
v -0.022964 0.201259 0.005182
v 0.035050 0.201259 0.003974
v 0.018129 0.201259 0.005182
v -0.022964 0.106988 0.003974
v -0.022964 0.106988 0.029354
v -0.006043 0.121491 0.029354
v -0.035050 0.120282 0.003974
v -0.006043 0.121491 0.003974
v -0.035050 0.120282 0.029354
v -0.016920 0.135994 0.029354
v 0.019338 0.106988 0.003974
v 0.019338 0.106988 0.029354
v 0.003626 0.121491 0.029354
v 0.030215 0.120282 0.003974
v 0.003626 0.121491 0.003974
v 0.030215 0.120282 0.029354
v 0.013295 0.135994 0.029354
v -0.029006 0.162583 0.026937
v -0.059221 0.174670 0.034189
v -0.082185 0.197633 0.017268
v 0.022964 0.162583 0.026937
v 0.049553 0.174670 0.034189
v 0.072516 0.197633 0.017268
v -0.016920 0.135994 0.008808
v -0.016920 0.135994 0.003974
v -0.038675 0.154123 0.013643
v -0.016920 0.135994 0.023311
v 0.013295 0.135994 0.008808
v 0.013295 0.135994 0.003974
v 0.033841 0.154123 0.013643
v 0.013295 0.135994 0.023311
v -0.001209 0.121491 0.029354
v -0.001209 0.121491 0.003974
v -0.001209 0.143246 0.029354
v -0.001209 0.143246 0.003974
v -0.038675 0.154123 0.003974
v -0.038675 0.154123 0.029354
v -0.038675 0.154123 0.016059
v 0.033841 0.154123 0.003974
v 0.033841 0.154123 0.029354
v 0.033841 0.154123 0.016059
v -0.029006 0.162583 0.003974
v -0.001209 0.143246 0.008808
v 0.022964 0.162583 0.003974
v -0.029006 0.162583 0.013643
v -0.001209 0.198842 0.014851
v 0.022964 0.162583 0.013643
v -0.001209 0.143246 0.023311
v -0.029006 0.162583 0.029354
v 0.022964 0.162583 0.029354
v -0.001209 0.202467 0.029354
v -0.096689 0.201259 -0.029867
v 0.090645 0.201259 -0.029867
v -0.049553 0.177087 0.018476
v -0.073725 0.201259 0.000348
v 0.043510 0.177087 0.018476
v 0.064056 0.201259 0.000348
v -0.018129 0.155332 0.175596
v -0.008460 0.155332 0.175596
v -0.018129 0.158958 0.185264
v -0.008460 0.158958 0.161092
v -0.026589 0.158958 0.171969
v -0.026589 0.162583 0.157467
v -0.018129 0.158958 0.161092
v -0.008460 0.158958 0.185264
v -0.001209 0.158958 0.173178
v 0.004834 0.155332 0.175596
v 0.004834 0.158958 0.161092
v 0.015712 0.155332 0.175596
v 0.015712 0.158958 0.185264
v 0.004834 0.158958 0.185264
v 0.015712 0.158958 0.161092
v 0.022964 0.162583 0.157467
v 0.024172 0.158958 0.171969
v -0.027798 0.162583 0.180430
v -0.033841 0.168627 0.159884
v -0.008460 0.172252 0.130877
v -0.026589 0.174670 0.129668
v -0.018129 0.172252 0.130877
v -0.018129 0.166209 0.187682
v -0.001209 0.163792 0.158675
v -0.001209 0.163792 0.181638
v -0.008460 0.166209 0.187682
v 0.004834 0.172252 0.130877
v 0.015712 0.166209 0.187682
v 0.004834 0.166209 0.187682
v 0.024172 0.174670 0.129668
v 0.015712 0.172252 0.130877
v 0.024172 0.162583 0.180430
v 0.031424 0.168627 0.159884
v -0.022964 0.195216 0.016059
v -0.030215 0.194007 0.031771
v -0.027798 0.169835 0.182847
v -0.035050 0.173461 0.167135
v -0.033841 0.178296 0.132086
v 0.018129 0.195216 0.016059
v 0.021755 0.194007 0.031771
v 0.031424 0.178296 0.132086
v 0.024172 0.169835 0.182847
v 0.031424 0.173461 0.167135
v -0.015712 0.163792 0.204602
v -0.015712 0.165001 0.202185
v -0.008460 0.163792 0.204602
v -0.008460 0.187965 0.219106
v -0.015712 0.187965 0.219106
v -0.008460 0.165001 0.202185
v -0.008460 0.187965 0.213062
v -0.001209 0.177087 0.128460
v -0.001209 0.171043 0.184056
v 0.006043 0.163792 0.204602
v 0.012086 0.165001 0.202185
v 0.012086 0.163792 0.204602
v 0.006043 0.187965 0.219106
v 0.006043 0.165001 0.202185
v 0.006043 0.187965 0.213062
v 0.012086 0.187965 0.219106
v -0.012086 0.166209 0.199768
v -0.015712 0.165001 0.199768
v -0.018129 0.187965 0.213062
v -0.015712 0.189173 0.209437
v -0.008460 0.166209 0.199768
v -0.008460 0.189173 0.209437
v 0.008460 0.166209 0.199768
v 0.006043 0.166209 0.199768
v 0.006043 0.189173 0.209437
v 0.012086 0.165001 0.199768
v 0.015712 0.187965 0.213062
v 0.012086 0.189173 0.209437
v -0.016920 0.172252 0.186473
v -0.012086 0.190381 0.208228
v -0.008460 0.172252 0.186473
v 0.013295 0.172252 0.186473
v 0.004834 0.172252 0.186473
v 0.008460 0.190381 0.208228
v -0.113609 0.201259 -0.029867
v -0.096689 0.201259 -0.015364
v 0.106358 0.201259 -0.029867
v 0.090645 0.201259 -0.015364
v -0.082185 0.192798 -0.085464
v -0.038675 0.185547 0.135712
v 0.035050 0.185547 0.135712
v 0.072516 0.192798 -0.085464
v -0.024172 0.174670 0.181638
v -0.031424 0.178296 0.173178
v 0.020546 0.174670 0.181638
v 0.027798 0.178296 0.173178
v -0.001209 0.175878 0.182847
v -0.008460 0.202467 0.078907
v -0.029006 0.203676 0.081324
v -0.018129 0.202467 0.078907
v -0.016920 0.194007 0.200976
v -0.021755 0.177087 0.179221
v -0.016920 0.175878 0.182847
v -0.008460 0.177087 0.182847
v -0.008460 0.196425 0.197351
v -0.008460 0.194007 0.200976
v 0.004834 0.202467 0.078907
v 0.013295 0.194007 0.200976
v 0.004834 0.177087 0.182847
v 0.004834 0.196425 0.197351
v 0.004834 0.194007 0.200976
v 0.018129 0.177087 0.179221
v 0.013295 0.175878 0.182847
v 0.024172 0.203676 0.081324
v 0.015712 0.202467 0.078907
v -0.038675 0.190381 0.153841
v -0.039884 0.191590 0.141754
v 0.033841 0.190381 0.153841
v 0.037467 0.191590 0.141754
v -0.059221 0.197633 0.023311
v -0.037467 0.204885 0.084950
v -0.021755 0.196425 0.194933
v -0.030215 0.201259 0.196142
v -0.024172 0.195216 0.198559
v 0.018129 0.196425 0.194933
v 0.027798 0.201259 0.196142
v 0.020546 0.195216 0.198559
v 0.033841 0.204885 0.084950
v 0.049553 0.197633 0.023311
v -0.103940 0.198842 -0.075795
v -0.059221 0.201259 -0.087881
v -0.016920 0.179504 0.176804
v -0.016920 0.196425 0.197351
v -0.001209 0.179504 0.179221
v 0.013295 0.179504 0.176804
v 0.013295 0.196425 0.197351
v 0.049553 0.201259 -0.087881
v 0.095480 0.198842 -0.075795
v -0.051970 0.207302 0.003974
v -0.021755 0.179504 0.176804
v -0.021755 0.198842 0.190099
v -0.016920 0.198842 0.190099
v -0.001209 0.206093 0.075281
v 0.013295 0.198842 0.190099
v 0.018129 0.179504 0.176804
v 0.018129 0.198842 0.190099
v 0.044719 0.207302 0.003974
v -0.043510 0.209719 0.090993
v -0.029006 0.181921 0.171969
v -0.035050 0.189173 0.161092
v -0.031424 0.202467 0.191307
v 0.030215 0.189173 0.161092
v 0.024172 0.181921 0.171969
v 0.027798 0.202467 0.191307
v 0.039884 0.209719 0.090993
v -0.021755 0.184338 0.170761
v -0.021755 0.202467 0.185264
v 0.018129 0.184338 0.170761
v -0.001209 0.195216 0.157467
v 0.018129 0.202467 0.185264
v -0.027798 0.191590 0.162301
v -0.029006 0.203676 0.187682
v 0.024172 0.191590 0.162301
v 0.024172 0.203676 0.187682
v -0.036258 0.207302 -0.089089
v 0.026589 0.207302 -0.089089
v -0.118443 0.207302 -0.064917
v -0.045927 0.214553 0.099453
v -0.004834 0.209719 -0.089089
v 0.043510 0.214553 0.099453
v 0.109983 0.207302 -0.064917
v -0.016920 0.190381 0.222731
v -0.024172 0.190381 0.215479
v -0.008460 0.190381 0.222731
v -0.001209 0.187965 0.219106
v -0.001209 0.187965 0.213062
v -0.001209 0.190381 0.222731
v -0.001209 0.190381 0.208228
v 0.006043 0.190381 0.222731
v 0.014503 0.190381 0.222731
v 0.020546 0.190381 0.215479
v -0.035050 0.208511 0.175596
v -0.027798 0.208511 0.173178
v 0.030215 0.208511 0.175596
v 0.024172 0.208511 0.173178
v -0.038675 0.197633 0.144172
v -0.036258 0.195216 0.152632
v -0.038675 0.215762 0.170761
v -0.027798 0.198842 0.217897
v -0.035050 0.204885 0.204602
v -0.018129 0.198842 0.226357
v -0.008460 0.198842 0.226357
v -0.001209 0.196425 0.197351
v 0.006043 0.198842 0.226357
v -0.001209 0.198842 0.226357
v 0.015712 0.198842 0.226357
v 0.024172 0.198842 0.217897
v 0.031424 0.204885 0.204602
v 0.035050 0.197633 0.144172
v 0.032633 0.195216 0.152632
v 0.035050 0.215762 0.170761
v -0.045927 0.220597 0.107914
v -0.027798 0.197633 0.152632
v -0.027798 0.215762 0.163509
v 0.024172 0.197633 0.152632
v 0.024172 0.215762 0.163509
v 0.043510 0.220597 0.107914
v -0.082185 0.212136 -0.078212
v 0.072516 0.212136 -0.078212
v -0.030215 0.208511 0.024520
v 0.021755 0.208511 0.024520
v -0.035050 0.201259 0.146589
v -0.035050 0.216971 0.165927
v -0.022964 0.212136 0.005182
v -0.027798 0.202467 0.146589
v 0.024172 0.202467 0.146589
v -0.001209 0.209719 0.136920
v 0.018129 0.212136 0.005182
v 0.030215 0.201259 0.146589
v 0.030215 0.216971 0.165927
v -0.123278 0.214553 -0.054040
v -0.123278 0.214553 -0.026242
v -0.103940 0.214553 -0.005695
v -0.001209 0.202467 0.185264
v 0.113609 0.214553 -0.026242
v 0.095480 0.214553 -0.005695
v 0.113609 0.214553 -0.054040
v -0.082185 0.214553 0.007599
v -0.059221 0.214553 0.014851
v -0.038675 0.207302 0.136920
v -0.041093 0.209719 0.130877
v 0.035050 0.207302 0.136920
v 0.038675 0.209719 0.130877
v 0.049553 0.214553 0.014851
v 0.072516 0.214553 0.007599
v -0.103940 0.218180 -0.066126
v -0.026589 0.207302 0.221522
v -0.035050 0.212136 0.209437
v -0.018129 0.204885 0.225148
v -0.008460 0.204885 0.225148
v -0.001209 0.215762 0.005182
v 0.006043 0.204885 0.225148
v -0.001209 0.204885 0.225148
v 0.015712 0.204885 0.225148
v 0.024172 0.207302 0.221522
v 0.031424 0.212136 0.209437
v 0.095480 0.218180 -0.066126
v -0.123278 0.218180 -0.043162
v -0.103940 0.200050 0.047483
v -0.062848 0.229057 0.026937
v -0.062848 0.229057 0.070447
v -0.087020 0.232682 0.028145
v -0.087020 0.232682 0.069238
v 0.100314 0.200050 0.047483
v 0.060430 0.229057 0.070447
v 0.060430 0.229057 0.026937
v 0.083394 0.232682 0.028145
v 0.083394 0.232682 0.069238
v 0.113609 0.218180 -0.043162
v -0.096689 0.215762 -0.032285
v -0.059221 0.220597 -0.079420
v -0.035050 0.207302 0.136920
v 0.030215 0.207302 0.136920
v 0.049553 0.220597 -0.079420
v 0.090645 0.215762 -0.032285
v -0.038675 0.210928 0.196142
v -0.027798 0.209719 0.136920
v -0.008460 0.214553 0.055944
v -0.035050 0.215762 0.059569
v -0.021755 0.214553 0.055944
v -0.001209 0.214553 0.023311
v -0.001209 0.215762 0.163509
v 0.004834 0.214553 0.055944
v 0.030215 0.215762 0.059569
v 0.018129 0.214553 0.055944
v 0.024172 0.209719 0.136920
v 0.035050 0.210928 0.196142
v -0.044719 0.216971 0.066821
v 0.041093 0.216971 0.066821
v -0.050761 0.220597 0.077698
v -0.018129 0.207302 0.229983
v -0.024172 0.215762 0.220314
v -0.008460 0.207302 0.229983
v 0.006043 0.207302 0.229983
v -0.001209 0.207302 0.229983
v 0.015712 0.207302 0.229983
v 0.020546 0.215762 0.220314
v 0.047135 0.220597 0.077698
v -0.001209 0.216971 0.053526
v -0.038675 0.224222 0.150215
v -0.036258 0.226640 -0.079420
v -0.027798 0.223013 0.149006
v -0.035050 0.223013 0.150215
v -0.033841 0.220597 0.211853
v -0.024172 0.221805 0.232400
v 0.020546 0.221805 0.232400
v -0.001209 0.221805 0.232400
v 0.031424 0.220597 0.211853
v 0.026589 0.226640 -0.079420
v 0.035050 0.224222 0.150215
v 0.024172 0.223013 0.149006
v 0.030215 0.223013 0.150215
v 0.101523 0.207276 -0.324511
v 0.103940 0.208485 -0.330554
v 0.106358 0.208485 -0.320885
v 0.099105 0.210902 -0.330554
v 0.076142 0.239909 -0.299130
v 0.097897 0.209693 -0.326928
v -0.030215 0.221805 0.016059
v 0.021755 0.221805 0.016059
v 0.109983 0.209693 -0.325719
v 0.106358 0.214527 -0.332971
v 0.100314 0.214527 -0.332971
v 0.107566 0.212110 -0.319676
v 0.080976 0.239909 -0.295504
v -0.053179 0.226640 0.088576
v -0.038675 0.213345 0.129668
v -0.043510 0.225431 0.113957
v -0.041093 0.227848 0.142963
v -0.027798 0.214553 0.129668
v -0.027798 0.227848 0.140546
v -0.004834 0.229057 -0.079420
v 0.024172 0.214553 0.129668
v -0.001209 0.224222 0.117583
v 0.024172 0.227848 0.140546
v 0.041093 0.225431 0.113957
v 0.035050 0.213345 0.129668
v 0.038675 0.227848 0.142963
v 0.049553 0.226640 0.088576
v 0.070099 0.244743 -0.307590
v 0.111192 0.214527 -0.322094
v 0.111192 0.215736 -0.329345
v -0.038675 0.219388 0.199768
v -0.043510 0.225431 0.170761
v 0.035050 0.219388 0.199768
v 0.039884 0.225431 0.170761
v -0.082185 0.227848 -0.068543
v 0.072516 0.227848 -0.068543
v -0.037467 0.225431 0.116374
v -0.038675 0.229057 0.139337
v 0.033841 0.225431 0.116374
v 0.035050 0.229057 0.139337
v -0.103940 0.229057 -0.055248
v -0.103940 0.229057 -0.021407
v -0.103940 0.233891 -0.033494
v -0.082185 0.229057 -0.004487
v -0.059221 0.229057 0.003974
v -0.053179 0.232682 0.099453
v -0.027798 0.225431 0.117583
v -0.015712 0.223013 0.036606
v -0.041093 0.221805 0.045066
v -0.001209 0.225431 0.014851
v 0.012086 0.223013 0.036606
v 0.037467 0.221805 0.045066
v 0.024172 0.225431 0.117583
v 0.049553 0.232682 0.099453
v 0.049553 0.229057 0.003974
v 0.072516 0.229057 -0.004487
v 0.095480 0.229057 -0.021407
v 0.100314 0.219362 -0.331763
v 0.073725 0.251994 -0.310008
v 0.103940 0.221779 -0.331763
v 0.111192 0.218154 -0.324511
v 0.085811 0.248369 -0.296713
v 0.095480 0.229057 -0.055248
v 0.095480 0.233891 -0.033494
v -0.053179 0.223013 0.055944
v -0.024172 0.229057 0.210645
v -0.001209 0.227848 0.140546
v 0.020546 0.229057 0.210645
v 0.048344 0.223013 0.055944
v 0.107566 0.221779 -0.328136
v -0.058013 0.226640 0.070447
v -0.001209 0.224222 0.035397
v 0.054388 0.226640 0.070447
v -0.103940 0.233891 -0.044371
v -0.035050 0.218154 -0.337805
v -0.030215 0.220571 -0.337805
v -0.035050 0.219362 -0.331763
v -0.038675 0.221779 -0.331763
v -0.030215 0.224196 -0.341431
v -0.041093 0.221779 -0.336596
v -0.035050 0.224196 -0.342640
v 0.108774 0.221779 -0.324511
v 0.095480 0.233891 -0.044371
v -0.038675 0.227848 0.202185
v -0.043510 0.233891 0.173178
v -0.030215 0.220571 -0.331763
v -0.031424 0.237491 -0.242325
v -0.036258 0.238700 -0.242325
v 0.035050 0.227848 0.202185
v 0.039884 0.233891 0.173178
v 0.180082 0.219362 -0.297921
v 0.184917 0.219362 -0.295504
v 0.181291 0.219362 -0.291878
v 0.177665 0.220571 -0.294295
v 0.182499 0.222987 -0.302756
v 0.176457 0.222987 -0.299130
v 0.177665 0.225405 -0.301547
v 0.184917 0.221779 -0.289461
v 0.158328 0.238700 -0.264080
v 0.188543 0.222987 -0.290670
v 0.188543 0.222987 -0.300339
v 0.218758 0.219362 -0.197607
v 0.216341 0.220571 -0.202441
v 0.223592 0.220571 -0.200024
v 0.178874 0.242325 -0.139594
v 0.184917 0.243534 -0.135968
v -0.059221 0.235100 -0.068543
v -0.060430 0.233891 0.083742
v -0.049553 0.237517 0.106705
v -0.026815 0.226614 -0.336596
v -0.027798 0.224196 -0.330554
v -0.027798 0.238700 -0.242325
v 0.045927 0.237517 0.106705
v 0.056804 0.233891 0.083742
v 0.049553 0.235100 -0.068543
v 0.088228 0.220571 -0.337805
v 0.090645 0.221779 -0.341431
v 0.091854 0.220571 -0.334179
v 0.076142 0.239909 -0.307590
v 0.085811 0.225405 -0.342640
v 0.084603 0.222987 -0.339014
v 0.071308 0.241117 -0.311216
v 0.095480 0.221779 -0.337805
v 0.094271 0.222987 -0.330554
v 0.175248 0.222987 -0.295504
v 0.153493 0.239909 -0.267706
v 0.209089 0.220571 -0.279792
v 0.212714 0.220571 -0.283418
v 0.211506 0.220571 -0.276166
v 0.184917 0.238700 -0.255620
v 0.209089 0.222987 -0.285835
v 0.206672 0.221779 -0.282210
v 0.216341 0.221779 -0.278584
v 0.212714 0.224196 -0.272541
v 0.188543 0.239909 -0.250786
v 0.216341 0.226614 -0.285835
v 0.210297 0.226614 -0.287044
v 0.219966 0.220571 -0.204859
v 0.213923 0.224196 -0.203650
v 0.226009 0.224196 -0.200024
v 0.216341 0.226614 -0.207276
v 0.224801 0.226614 -0.204859
v 0.233261 0.220571 -0.253203
v 0.235678 0.220571 -0.256829
v 0.235678 0.220571 -0.249577
v 0.230844 0.222987 -0.259246
v 0.207880 0.239909 -0.229031
v 0.229635 0.221779 -0.255620
v 0.240513 0.221779 -0.251994
v 0.239304 0.226614 -0.260455
v 0.233261 0.226614 -0.260455
v 0.236887 0.224196 -0.245951
v 0.211506 0.241117 -0.225405
v -0.041093 0.225405 -0.330554
v -0.039884 0.225405 -0.340223
v -0.042301 0.227822 -0.332971
v -0.018129 0.232682 0.007599
v -0.030215 0.235100 0.005182
v -0.001209 0.236308 0.233608
v -0.024172 0.236308 0.233608
v 0.020546 0.236308 0.233608
v 0.014503 0.232682 0.007599
v 0.021755 0.235100 0.005182
v 0.093063 0.227822 -0.343848
v 0.087020 0.229031 -0.343848
v 0.096689 0.225405 -0.332971
v 0.097897 0.227822 -0.340223
v 0.079768 0.254411 -0.306381
v 0.163162 0.241117 -0.261663
v 0.182499 0.241117 -0.259246
v 0.216341 0.226614 -0.273749
v 0.218758 0.226614 -0.281001
v 0.204254 0.241117 -0.232656
v 0.240513 0.226614 -0.248369
v 0.242930 0.227822 -0.254411
v -0.135364 0.223013 0.048692
v -0.101523 0.245977 0.026937
v -0.101523 0.245977 0.070447
v -0.001209 0.231474 0.013643
v 0.067682 0.247160 -0.313633
v 0.079768 0.243534 -0.305173
v 0.118443 0.222987 -0.336596
v 0.123278 0.222987 -0.335388
v 0.119652 0.222987 -0.331763
v 0.116026 0.224196 -0.332971
v 0.120860 0.226614 -0.341431
v 0.113609 0.226614 -0.336596
v 0.114818 0.229031 -0.340223
v 0.123278 0.225405 -0.328136
v 0.102732 0.239909 -0.301547
v 0.126904 0.226614 -0.330554
v 0.125695 0.226614 -0.339014
v 0.132947 0.223013 0.048692
v 0.099105 0.245977 0.026937
v 0.099105 0.245977 0.070447
v 0.151075 0.222987 -0.316050
v 0.154702 0.222987 -0.312425
v 0.151075 0.222987 -0.311216
v 0.147450 0.224196 -0.312425
v 0.154702 0.226614 -0.320885
v 0.147450 0.226614 -0.317259
v 0.149867 0.229031 -0.319676
v 0.134155 0.239909 -0.283418
v 0.129321 0.239909 -0.285835
v 0.159536 0.226614 -0.316050
v 0.158328 0.226614 -0.310008
v 0.152284 0.245951 -0.272541
v 0.183708 0.229031 -0.302756
v 0.178874 0.229031 -0.301547
v 0.189751 0.225405 -0.294295
v 0.187334 0.229031 -0.300339
v 0.166788 0.247160 -0.262872
v 0.204254 0.247160 -0.236282
v -0.035737 0.224196 -0.334179
v -0.035737 0.226614 -0.336596
v -0.030215 0.229031 -0.340223
v -0.033841 0.230240 -0.341431
v -0.001209 0.238726 0.104288
v 0.112400 0.226614 -0.334179
v 0.097897 0.241117 -0.303964
v 0.140198 0.224222 -0.270380
v 0.088228 0.225431 -0.290927
v 0.142615 0.227848 -0.275214
v -0.006043 0.274984 -0.164023
v 0.198212 0.229057 -0.238957
v 0.195794 0.225431 -0.235330
v 0.212714 0.229031 -0.202441
v 0.176457 0.245951 -0.142011
v 0.226009 0.229031 -0.198816
v 0.187334 0.248369 -0.137177
v 0.259851 0.224196 -0.225405
v 0.262267 0.224196 -0.229031
v 0.262267 0.224196 -0.221779
v 0.257433 0.227822 -0.230240
v 0.235678 0.241117 -0.202441
v 0.256224 0.226614 -0.227822
v 0.267102 0.224196 -0.224196
v 0.265893 0.230240 -0.232656
v 0.259851 0.231448 -0.232656
v 0.263476 0.226614 -0.218154
v 0.239304 0.242325 -0.198816
v 0.268311 0.229031 -0.219362
v 0.269519 0.230240 -0.227822
v -0.042301 0.238726 0.105497
v -0.043510 0.233891 0.134503
v -0.045927 0.242351 0.129668
v -0.037467 0.241117 -0.242325
v -0.041093 0.230240 -0.335388
v -0.037467 0.230240 -0.340223
v 0.007251 0.225405 -0.345057
v 0.012086 0.225405 -0.345057
v 0.012086 0.225405 -0.340223
v 0.007251 0.229031 -0.348683
v 0.007251 0.226614 -0.340223
v 0.003626 0.230240 -0.342640
v 0.003626 0.232656 -0.345057
v 0.015712 0.226614 -0.340223
v 0.018129 0.226614 -0.343848
v 0.013295 0.229031 -0.349891
v 0.012086 0.242325 -0.316050
v 0.024172 0.238726 0.105497
v 0.039884 0.238726 0.105497
v 0.041093 0.233891 0.134503
v 0.043510 0.242351 0.129668
v 0.089437 0.229057 -0.296969
v 0.035050 0.229057 -0.301804
v 0.097897 0.229031 -0.335388
v 0.107566 0.242325 -0.299130
v 0.188543 0.229031 -0.295504
v 0.246556 0.233891 -0.191820
v 0.242930 0.230266 -0.188195
v 0.284022 0.225405 -0.196399
v 0.287648 0.225405 -0.198816
v 0.285231 0.225405 -0.192772
v 0.257433 0.242325 -0.179478
v 0.282814 0.227822 -0.202441
v 0.280397 0.226614 -0.198816
v 0.290066 0.225405 -0.192772
v 0.285231 0.227822 -0.189147
v 0.259851 0.242325 -0.174644
v 0.291274 0.231448 -0.201233
v 0.285231 0.231448 -0.203650
v 0.290066 0.230240 -0.189147
v 0.293691 0.231448 -0.195190
v -0.036258 0.241143 -0.068543
v -0.027798 0.239909 -0.242325
v -0.027798 0.244743 -0.243534
v -0.027798 0.243534 -0.285835
v 0.004834 0.229031 -0.340223
v 0.007251 0.243534 -0.316050
v 0.016920 0.243534 -0.316050
v 0.018129 0.230240 -0.347474
v 0.019338 0.248369 -0.318468
v 0.026589 0.241143 -0.068543
v 0.096689 0.248369 -0.307590
v 0.120860 0.232656 -0.341431
v 0.117235 0.232656 -0.340223
v 0.128112 0.229031 -0.332971
v 0.125695 0.232656 -0.339014
v 0.109983 0.248369 -0.300339
v 0.126904 0.245951 -0.290670
v 0.155910 0.232656 -0.319676
v 0.151075 0.232656 -0.319676
v 0.160744 0.229031 -0.311216
v 0.137781 0.247160 -0.279792
v 0.159536 0.232656 -0.316050
v 0.210297 0.231448 -0.285835
v 0.183708 0.248369 -0.261663
v 0.213923 0.232656 -0.284626
v 0.217549 0.229031 -0.276166
v 0.192168 0.247160 -0.250786
v 0.219966 0.230240 -0.207276
v 0.213923 0.231448 -0.203650
v 0.216341 0.232656 -0.281001
v 0.226009 0.231448 -0.201233
v 0.233261 0.231448 -0.260455
v 0.236887 0.232656 -0.259246
v 0.241721 0.229031 -0.250786
v 0.215132 0.247160 -0.225405
v 0.232052 0.243534 -0.206067
v 0.255016 0.244743 -0.183104
v -0.082185 0.237517 -0.056457
v -0.033841 0.237517 0.198559
v -0.042301 0.241143 0.175596
v -0.001209 0.238726 0.105497
v 0.031424 0.237517 0.198559
v 0.038675 0.241143 0.175596
v 0.072516 0.237517 -0.056457
v 0.093063 0.233865 -0.341431
v 0.088228 0.232656 -0.342640
v 0.095480 0.233865 -0.339014
v 0.142615 0.233891 -0.276423
v 0.198212 0.235100 -0.240165
v 0.239304 0.233865 -0.255620
v -0.082185 0.237517 -0.016573
v -0.059221 0.239935 -0.008112
v -0.085811 0.253229 0.018476
v -0.059221 0.236308 0.014851
v -0.085811 0.253229 0.077698
v -0.070099 0.245977 0.083742
v -0.050761 0.242351 0.104288
v -0.033320 0.262872 -0.308799
v -0.018129 0.236308 0.203393
v -0.004834 0.243560 -0.068543
v 0.008460 0.235074 -0.348683
v 0.004834 0.236282 -0.346265
v 0.012086 0.235074 -0.349891
v 0.015712 0.236308 0.203393
v 0.036258 0.232682 -0.307847
v -0.020546 0.236308 -0.305429
v 0.048344 0.242351 0.104288
v 0.049553 0.239935 -0.008112
v 0.055596 0.236308 0.014851
v 0.084603 0.253229 0.018476
v 0.084603 0.253229 0.077698
v 0.067682 0.245977 0.083742
v 0.072516 0.237517 -0.016573
v 0.071308 0.253203 -0.314842
v 0.089437 0.235100 -0.298178
v 0.126904 0.232656 -0.335388
v 0.160744 0.232656 -0.312425
v 0.155910 0.251994 -0.272541
v 0.160744 0.253203 -0.270124
v 0.165579 0.251994 -0.266498
v 0.246556 0.241143 -0.193029
v 0.216341 0.232656 -0.276166
v 0.240513 0.233865 -0.251994
v 0.269519 0.232656 -0.221779
v 0.242930 0.248369 -0.197607
v -0.038675 0.232656 -0.337805
v 0.004834 0.249577 -0.318468
v 0.016920 0.235074 -0.347474
v 0.217549 0.233865 -0.203650
v 0.222383 0.233865 -0.202441
v 0.284022 0.242351 -0.136225
v 0.279188 0.238726 -0.133808
v 0.264684 0.236282 -0.230240
v 0.261059 0.235074 -0.231448
v 0.267102 0.236282 -0.226614
v 0.291274 0.233865 -0.190355
v 0.263476 0.248369 -0.172226
v 0.302152 0.230240 -0.160140
v 0.305777 0.230240 -0.162557
v 0.304568 0.230240 -0.156515
v 0.279188 0.247160 -0.146846
v 0.302152 0.232656 -0.166183
v 0.299734 0.231448 -0.162557
v 0.308195 0.230240 -0.156515
v 0.304568 0.232656 -0.152889
v 0.281605 0.247160 -0.142011
v 0.309403 0.236282 -0.164975
v 0.303360 0.236282 -0.167392
v 0.308195 0.235074 -0.152889
v 0.311821 0.236282 -0.158932
v 0.187334 0.253203 -0.260455
v 0.176457 0.250786 -0.142011
v 0.207880 0.253203 -0.235074
v 0.233261 0.249577 -0.208485
v 0.285231 0.236282 -0.202441
v 0.256224 0.250786 -0.185521
v 0.288857 0.237491 -0.200024
v 0.291274 0.237491 -0.196399
v 0.276771 0.248369 -0.150471
v -0.059221 0.241143 0.095828
v -0.037467 0.241117 -0.289461
v -0.019338 0.235100 0.005182
v 0.015712 0.235100 0.005182
v 0.037467 0.238726 -0.309056
v -0.020546 0.239935 -0.310264
v 0.055596 0.241143 0.095828
v 0.101523 0.253203 -0.307590
v 0.106358 0.254411 -0.305173
v 0.108774 0.253203 -0.302756
v 0.131738 0.253203 -0.289461
v 0.136573 0.254411 -0.287044
v 0.138990 0.253203 -0.282210
v 0.192168 0.251994 -0.253203
v 0.268311 0.236282 -0.222987
v -0.082185 0.242351 -0.044371
v -0.082185 0.242351 -0.031076
v -0.044719 0.249603 0.129668
v 0.041093 0.249603 0.129668
v 0.078559 0.254411 -0.311216
v 0.072516 0.242351 -0.044371
v 0.072516 0.242351 -0.031076
v 0.218758 0.236282 -0.201233
v 0.213923 0.253203 -0.229031
v 0.284022 0.249603 -0.137434
v 0.291274 0.237491 -0.191564
v -0.059221 0.244769 -0.056457
v -0.024172 0.242351 -0.003278
v -0.030215 0.243560 -0.006904
v -0.043510 0.242351 0.001556
v 0.012086 0.255620 -0.320885
v 0.007251 0.254411 -0.319676
v 0.020546 0.242351 -0.003278
v 0.041093 0.242351 0.001556
v 0.016920 0.254411 -0.319676
v 0.021755 0.243560 -0.006904
v 0.049553 0.244769 -0.056457
v 0.236887 0.255620 -0.207276
v 0.310612 0.238700 -0.154097
v 0.285231 0.253203 -0.140802
v -0.065265 0.250812 0.005182
v -0.018129 0.239935 0.227566
v -0.077351 0.245977 -0.301804
v -0.001209 0.236308 0.203393
v -0.018129 0.249603 0.188890
v 0.015712 0.239935 0.227566
v 0.015712 0.249603 0.188890
v -0.001209 0.239935 0.227566
v -0.001209 0.249603 0.188890
v 0.061639 0.250812 0.005182
v 0.187334 0.250786 -0.140802
v 0.180082 0.253203 -0.142011
v 0.241721 0.255620 -0.201233
v 0.259851 0.255620 -0.183104
v 0.292483 0.236282 -0.102127
v 0.292483 0.237491 -0.105753
v 0.297317 0.237491 -0.102127
v 0.222383 0.243534 -0.100918
v 0.294900 0.238700 -0.097293
v 0.292483 0.238700 -0.098501
v 0.222383 0.244743 -0.096084
v 0.304568 0.241117 -0.166183
v 0.277979 0.255620 -0.152889
v 0.308195 0.242325 -0.163766
v 0.309403 0.242325 -0.160140
v -0.059221 0.247186 -0.021407
v -0.036258 0.248395 0.175596
v -0.027798 0.248395 0.186473
v -0.031424 0.238700 -0.241117
v 0.033841 0.248395 0.175596
v 0.025381 0.248395 0.186473
v 0.049553 0.247186 -0.021407
v 0.264684 0.254411 -0.175852
v 0.296108 0.238700 -0.106962
v 0.291274 0.239909 -0.108170
v 0.297317 0.243534 -0.097293
v 0.299734 0.242325 -0.100918
v -0.031424 0.243534 -0.239909
v -0.019338 0.245977 -0.311473
v 0.143824 0.245951 -0.249577
v 0.170413 0.245951 -0.241117
v 0.304568 0.255646 -0.078212
v 0.300943 0.252020 -0.077003
v 0.293691 0.242325 -0.109379
v 0.298526 0.243534 -0.106962
v 0.309403 0.242325 -0.156515
v -0.077351 0.249603 -0.307847
v 0.065265 0.248369 -0.293087
v 0.065265 0.248369 -0.285835
v 0.070099 0.249577 -0.282210
v 0.091854 0.247160 -0.284626
v 0.117235 0.247160 -0.271332
v 0.120860 0.248369 -0.266498
v 0.140198 0.247160 -0.253203
v 0.174039 0.247160 -0.236282
v 0.193377 0.247160 -0.216945
v 0.222383 0.247160 -0.104545
v 0.329950 0.239909 -0.106962
v 0.331158 0.239909 -0.110587
v 0.332367 0.239909 -0.103336
v 0.299734 0.255620 -0.111796
v 0.300943 0.255620 -0.102127
v 0.335992 0.241117 -0.108170
v 0.332367 0.243534 -0.113005
v 0.333575 0.243534 -0.100918
v -0.070099 0.258063 0.098245
v -0.038675 0.256855 0.129668
v -0.037467 0.244743 -0.243534
v -0.036258 0.249603 -0.056457
v 0.026589 0.249603 -0.056457
v 0.036258 0.256855 0.129668
v 0.066473 0.258063 0.098245
v 0.060430 0.249577 -0.294295
v 0.087020 0.248369 -0.287044
v 0.147450 0.248369 -0.245951
v 0.166788 0.248369 -0.244743
v 0.189751 0.248369 -0.220571
v 0.195794 0.248369 -0.212110
v 0.219966 0.248369 -0.190355
v 0.281605 0.261663 -0.149263
v 0.337201 0.245951 -0.111796
v 0.338410 0.245951 -0.103336
v -0.059221 0.249603 -0.043162
v -0.059221 0.249603 -0.032285
v -0.053179 0.249603 0.113957
v -0.043510 0.255646 -0.008112
v -0.014503 0.243560 -0.006904
v -0.022964 0.242325 -0.340223
v -0.018129 0.242325 -0.335388
v -0.021755 0.242325 -0.335388
v -0.026589 0.245951 -0.336596
v -0.016920 0.242325 -0.341431
v -0.024172 0.247160 -0.343848
v -0.026589 0.249577 -0.339014
v -0.014503 0.251994 -0.312425
v -0.025381 0.244743 -0.334179
v -0.019338 0.253203 -0.311216
v -0.014503 0.243534 -0.335388
v -0.013295 0.245951 -0.339014
v -0.018129 0.247160 -0.345057
v 0.012086 0.249577 -0.297921
v 0.041093 0.255646 -0.008112
v 0.010878 0.243560 -0.006904
v 0.049553 0.249603 0.113957
v 0.049553 0.249603 -0.043162
v 0.049553 0.249603 -0.032285
v 0.096689 0.249577 -0.282210
v 0.177665 0.245951 -0.135968
v 0.223592 0.249577 -0.186730
v 0.240513 0.249577 -0.169809
v 0.242930 0.250786 -0.164975
v 0.305777 0.261689 -0.080629
v 0.294900 0.245951 -0.109379
v 0.296108 0.247160 -0.097293
v 0.297317 0.248369 -0.100918
v 0.284022 0.260455 -0.143220
v -0.031424 0.247160 -0.243534
v -0.030215 0.252020 -0.021407
v -0.010878 0.254411 -0.312425
v -0.014503 0.252020 -0.021407
v -0.020546 0.256855 -0.012947
v -0.004834 0.250812 -0.056457
v 0.007251 0.251994 -0.297921
v 0.021755 0.252020 -0.021407
v 0.010878 0.252020 -0.021407
v 0.016920 0.256855 -0.012947
v 0.016920 0.250786 -0.297921
v 0.070099 0.250786 -0.290670
v 0.181291 0.247160 -0.134760
v 0.219966 0.247160 -0.100918
v 0.217549 0.250786 -0.193981
v 0.297317 0.248369 -0.104545
v 0.331158 0.248369 -0.114213
v 0.300943 0.261663 -0.115422
v 0.332367 0.247160 -0.099710
v 0.302152 0.260455 -0.099710
v 0.060430 0.254411 -0.291878
v 0.222383 0.250786 -0.096084
v 0.238096 0.251994 -0.173435
v -0.143824 0.252020 0.048692
v -0.106358 0.265315 0.026937
v -0.106358 0.265315 0.070447
v -0.136573 0.259272 -0.287301
v -0.021755 0.260455 -0.311216
v -0.076142 0.255646 -0.309056
v -0.013295 0.249577 -0.341431
v -0.008460 0.260455 -0.313633
v 0.141407 0.252020 0.048692
v 0.103940 0.265315 0.026937
v 0.103940 0.265315 0.070447
v 0.113609 0.253203 -0.273749
v 0.131738 0.251994 -0.233865
v 0.137781 0.253203 -0.255620
v 0.155910 0.251994 -0.226614
v 0.177665 0.250786 -0.137177
v 0.292483 0.249577 -0.108170
v 0.338410 0.248369 -0.106962
v 0.333575 0.250786 -0.113005
v 0.334784 0.250786 -0.100918
v -0.022964 0.253203 -0.342640
v -0.025381 0.253203 -0.339014
v -0.018129 0.253203 -0.342640
v 0.058013 0.255620 -0.296713
v 0.082185 0.253203 -0.266498
v 0.106358 0.253203 -0.254411
v 0.124487 0.254411 -0.264080
v 0.128112 0.253203 -0.237491
v 0.149867 0.255620 -0.245951
v 0.176457 0.254411 -0.235074
v 0.159536 0.253203 -0.222987
v 0.182499 0.250786 -0.134760
v 0.177665 0.253203 -0.203650
v 0.188543 0.254411 -0.221779
v 0.198212 0.255620 -0.212110
v 0.222383 0.251994 -0.102127
v 0.261059 0.254411 -0.139594
v 0.263476 0.255620 -0.134760
v 0.337201 0.247160 -0.079163
v 0.338410 0.248369 -0.083998
v 0.339618 0.248369 -0.076747
v 0.308195 0.261663 -0.085207
v 0.308195 0.261663 -0.076747
v -0.026589 0.256855 0.167135
v -0.030215 0.265315 0.128460
v 0.019338 0.256829 -0.299130
v 0.024172 0.256855 0.167135
v 0.027798 0.265315 0.128460
v 0.056804 0.254411 -0.274958
v 0.056804 0.254411 -0.268915
v 0.073725 0.256829 -0.282210
v 0.085811 0.255620 -0.288253
v 0.077351 0.254411 -0.268915
v 0.099105 0.255620 -0.281001
v 0.109983 0.253203 -0.250786
v 0.135364 0.254411 -0.230240
v 0.166788 0.255620 -0.244743
v 0.152284 0.254411 -0.230240
v 0.174039 0.254411 -0.207276
v 0.181291 0.254411 -0.200024
v 0.204254 0.254411 -0.179478
v 0.224801 0.256829 -0.185521
v 0.245347 0.256829 -0.162557
v 0.258642 0.255620 -0.143220
v 0.294900 0.251994 -0.102127
v 0.334784 0.253203 -0.110587
v 0.335992 0.253203 -0.104545
v 0.344453 0.249577 -0.081581
v 0.339618 0.250786 -0.086415
v 0.340827 0.251994 -0.073121
v -0.113609 0.249577 -0.334179
v -0.109983 0.249577 -0.330554
v -0.113609 0.249577 -0.329345
v -0.118443 0.253203 -0.330554
v -0.108774 0.249577 -0.335388
v -0.116026 0.254411 -0.339014
v -0.119652 0.255620 -0.332971
v -0.097897 0.264080 -0.301547
v -0.116026 0.251994 -0.326928
v -0.102732 0.264080 -0.299130
v -0.105149 0.251994 -0.330554
v -0.103940 0.254411 -0.334179
v -0.109983 0.254411 -0.340223
v -0.137781 0.262898 -0.292135
v -0.030215 0.253229 -0.032285
v -0.030215 0.253229 -0.043162
v -0.050761 0.256855 0.116374
v -0.064056 0.262898 0.106705
v -0.009669 0.250812 -0.054040
v -0.018129 0.259272 0.168344
v -0.014503 0.253203 -0.341431
v 0.015712 0.259272 0.168344
v -0.001209 0.259272 0.168344
v 0.004834 0.258037 -0.299130
v 0.012086 0.255620 -0.279792
v 0.021755 0.253229 -0.043162
v 0.004834 0.250812 -0.054040
v 0.047135 0.256855 0.116374
v 0.021755 0.253229 -0.032285
v 0.060430 0.262898 0.106705
v 0.051970 0.256829 -0.276166
v 0.060430 0.255620 -0.266498
v 0.087020 0.254411 -0.264080
v 0.206672 0.255620 -0.174644
v 0.216341 0.258037 -0.195190
v 0.223592 0.255620 -0.160140
v 0.292483 0.251994 -0.105753
v 0.344453 0.254411 -0.085207
v 0.345661 0.254411 -0.076747
v -0.084603 0.265315 0.010016
v -0.065265 0.265315 -0.004487
v -0.010878 0.258063 -0.070960
v -0.014503 0.253229 -0.043162
v 0.004834 0.258063 -0.070960
v -0.004834 0.256855 -0.073378
v 0.010878 0.253229 -0.043162
v 0.016920 0.256829 -0.279792
v 0.082185 0.265315 0.010016
v 0.061639 0.265315 -0.004487
v 0.061639 0.256829 -0.272541
v 0.183708 0.253203 -0.139594
v 0.200629 0.256829 -0.181895
v 0.223592 0.253203 -0.098501
v 0.226009 0.256829 -0.155306
v 0.238096 0.258037 -0.174644
v 0.303360 0.267706 -0.111796
v 0.304568 0.267706 -0.102127
v 0.338410 0.255620 -0.087624
v 0.309403 0.266498 -0.090041
v 0.340827 0.250786 -0.051366
v 0.342036 0.250786 -0.054992
v 0.343244 0.250786 -0.047740
v 0.311821 0.264080 -0.061035
v 0.311821 0.264080 -0.052574
v 0.346870 0.251994 -0.052574
v 0.343244 0.253203 -0.058617
v 0.343244 0.254411 -0.045323
v -0.093063 0.266498 -0.302756
v -0.012086 0.258037 -0.294295
v -0.014503 0.253229 -0.032285
v 0.007251 0.258037 -0.279792
v 0.010878 0.253229 -0.032285
v 0.062848 0.261663 -0.293087
v 0.119652 0.256829 -0.218154
v 0.141407 0.260455 -0.254411
v 0.141407 0.256829 -0.212110
v 0.148659 0.260455 -0.248369
v 0.175248 0.260455 -0.237491
v 0.221175 0.258037 -0.163766
v 0.315446 0.271358 -0.017781
v 0.310612 0.267732 -0.016573
v 0.339618 0.255620 -0.073121
v 0.309403 0.266498 -0.073121
v 0.348078 0.256829 -0.056200
v 0.348078 0.256829 -0.047740
v -0.106358 0.271332 -0.299130
v -0.097897 0.277401 0.018476
v -0.084603 0.265315 0.086159
v -0.097897 0.277401 0.077698
v -0.019338 0.266498 -0.312425
v -0.014503 0.266498 -0.313633
v -0.016920 0.259246 -0.293087
v -0.010878 0.265289 -0.313633
v -0.016920 0.259272 -0.052831
v 0.013295 0.259272 -0.052831
v 0.061639 0.261663 -0.296713
v 0.073725 0.256829 -0.249577
v 0.095480 0.277401 0.018476
v 0.082185 0.265315 0.086159
v 0.095480 0.277401 0.077698
v 0.089437 0.261663 -0.287044
v 0.094271 0.256829 -0.237491
v 0.102732 0.258037 -0.255620
v 0.096689 0.261663 -0.283418
v 0.112400 0.259246 -0.248369
v 0.099105 0.258037 -0.233865
v 0.117235 0.260455 -0.272541
v 0.125695 0.259246 -0.238700
v 0.114818 0.258037 -0.221779
v 0.124487 0.260455 -0.265289
v 0.160744 0.259246 -0.220571
v 0.145033 0.258037 -0.208485
v 0.145033 0.261663 -0.251994
v 0.161953 0.256829 -0.190355
v 0.170413 0.261663 -0.243534
v 0.190960 0.260455 -0.220571
v 0.197003 0.261663 -0.214527
v 0.265893 0.261663 -0.133551
v 0.334784 0.254411 -0.106962
v 0.342036 0.258037 -0.059826
v 0.313029 0.268915 -0.064661
v -0.116026 0.260455 -0.337805
v -0.118443 0.259246 -0.334179
v -0.105149 0.256829 -0.336596
v -0.111192 0.260455 -0.339014
v -0.091854 0.273749 -0.303964
v -0.034528 0.262872 -0.285835
v -0.026068 0.261663 -0.288253
v -0.007251 0.259246 -0.294295
v 0.007251 0.262872 -0.300339
v 0.016920 0.262872 -0.300339
v 0.048344 0.259246 -0.256829
v 0.051970 0.260455 -0.272541
v 0.048344 0.259246 -0.250786
v 0.076142 0.260455 -0.270124
v 0.068890 0.259246 -0.251994
v 0.068890 0.264080 -0.293087
v 0.068890 0.264080 -0.289461
v 0.088228 0.260455 -0.262872
v 0.077351 0.259246 -0.245951
v 0.094271 0.262872 -0.284626
v 0.136573 0.260455 -0.229031
v 0.122069 0.259246 -0.214527
v 0.122069 0.261663 -0.268915
v 0.152284 0.260455 -0.230240
v 0.137781 0.259246 -0.215736
v 0.172830 0.260455 -0.208485
v 0.158328 0.259246 -0.193981
v 0.181291 0.260455 -0.198816
v 0.165579 0.259246 -0.186730
v 0.187334 0.259246 -0.167392
v 0.242930 0.260455 -0.132342
v 0.245347 0.262872 -0.164975
v 0.304568 0.268915 -0.106962
v 0.342036 0.258037 -0.045323
v 0.313029 0.268915 -0.048948
v 0.345661 0.256829 -0.081581
v 0.340827 0.259246 -0.086415
v 0.342036 0.259246 -0.074330
v -0.136573 0.268941 -0.293344
v -0.043510 0.270150 -0.015364
v 0.012086 0.264080 -0.300339
v 0.012086 0.260455 -0.260455
v 0.041093 0.270150 -0.015364
v 0.049553 0.261663 -0.277375
v 0.064056 0.262872 -0.265289
v 0.053179 0.260455 -0.248369
v 0.207880 0.261663 -0.173435
v 0.190960 0.260455 -0.162557
v 0.205463 0.260455 -0.150471
v 0.218758 0.262872 -0.193981
v 0.223592 0.262872 -0.187938
v 0.258642 0.262872 -0.145637
v 0.240513 0.261663 -0.137177
v 0.240513 0.264080 -0.172226
v 0.245347 0.261663 -0.128716
v 0.281605 0.261663 -0.110587
v 0.282814 0.262872 -0.102127
v 0.315446 0.277401 -0.018990
v -0.152284 0.256829 -0.323302
v -0.148659 0.256829 -0.326928
v -0.147450 0.256829 -0.322094
v -0.155910 0.261663 -0.328136
v -0.151075 0.258037 -0.319676
v -0.155910 0.261663 -0.319676
v -0.157119 0.264080 -0.322094
v -0.143824 0.259246 -0.322094
v -0.143824 0.260455 -0.326928
v -0.151075 0.261663 -0.331763
v -0.131738 0.272541 -0.290670
v -0.107566 0.260455 -0.336596
v -0.043510 0.262898 0.113957
v -0.055596 0.268941 0.104288
v -0.021755 0.271358 0.127251
v -0.024172 0.270150 -0.018990
v -0.010878 0.265315 -0.080629
v 0.004834 0.265315 -0.080629
v -0.004834 0.264106 -0.083046
v 0.019338 0.262872 -0.279792
v 0.016920 0.261663 -0.260455
v 0.020546 0.270150 -0.018990
v 0.019338 0.271358 0.127251
v 0.041093 0.262898 0.113957
v 0.051970 0.268941 0.104288
v 0.043510 0.260455 -0.258037
v 0.053179 0.260455 -0.254411
v 0.053179 0.267706 -0.208485
v 0.090645 0.261663 -0.238700
v 0.070099 0.267706 -0.201233
v 0.090645 0.267706 -0.184312
v 0.106358 0.267706 -0.180686
v 0.129321 0.267706 -0.160140
v 0.200629 0.262872 -0.183104
v 0.183708 0.261663 -0.169809
v 0.227218 0.262872 -0.152889
v 0.207880 0.261663 -0.145637
v 0.342036 0.261663 -0.083998
v 0.343244 0.261663 -0.077955
v 0.348078 0.260455 -0.052574
v 0.344453 0.261663 -0.058617
v 0.344453 0.261663 -0.046531
v -0.153493 0.260455 -0.317259
v -0.136573 0.273749 -0.288253
v -0.084603 0.277401 0.093410
v -0.009669 0.261663 -0.274958
v -0.016920 0.267732 -0.070960
v 0.004834 0.264080 -0.279792
v 0.012086 0.267732 -0.070960
v 0.007251 0.262872 -0.260455
v 0.082185 0.277401 0.093410
v 0.101523 0.262872 -0.231448
v 0.078559 0.270124 -0.196399
v 0.105149 0.265289 -0.254411
v 0.112400 0.262872 -0.222987
v 0.087020 0.270124 -0.189147
v 0.146242 0.262872 -0.206067
v 0.117235 0.271332 -0.174644
v 0.219966 0.264080 -0.164975
v 0.203046 0.262872 -0.154097
v -0.128112 0.274958 -0.293087
v -0.192168 0.273775 -0.260711
v -0.105149 0.277375 -0.301547
v -0.026068 0.270124 -0.291878
v -0.013295 0.273775 0.126043
v -0.019338 0.265289 -0.293087
v -0.014503 0.264080 -0.274958
v -0.004834 0.265289 -0.295504
v -0.006043 0.264080 -0.276166
v 0.010878 0.273775 0.126043
v -0.001209 0.274984 0.127251
v 0.041093 0.262872 -0.237491
v 0.043510 0.265289 -0.253203
v 0.029006 0.271332 -0.210902
v 0.066473 0.265289 -0.251994
v 0.079768 0.265289 -0.244743
v 0.060430 0.272541 -0.206067
v 0.111192 0.265289 -0.249577
v 0.123278 0.265289 -0.213319
v 0.128112 0.265289 -0.237491
v 0.136573 0.265289 -0.215736
v 0.157119 0.265289 -0.195190
v 0.125695 0.272541 -0.163766
v 0.159536 0.265289 -0.222987
v 0.165579 0.265289 -0.185521
v 0.152284 0.270124 -0.143220
v 0.311821 0.273749 -0.087624
v 0.311821 0.273749 -0.075538
v -0.145033 0.264080 -0.329345
v -0.126904 0.281001 -0.295504
v -0.099105 0.279792 -0.303964
v -0.094271 0.278584 -0.305173
v 0.012086 0.272541 -0.216945
v 0.041093 0.266498 -0.259246
v 0.036258 0.264080 -0.239909
v 0.053179 0.267706 -0.272541
v 0.045927 0.264080 -0.236282
v 0.054388 0.266498 -0.247160
v 0.036258 0.273749 -0.207276
v 0.078559 0.266498 -0.268915
v 0.087020 0.266498 -0.264080
v 0.134155 0.265289 -0.231448
v 0.154702 0.266498 -0.227822
v 0.175248 0.265289 -0.206067
v 0.180082 0.266498 -0.201233
v 0.190960 0.266498 -0.161349
v 0.155910 0.273749 -0.135968
v 0.169205 0.270124 -0.129925
v 0.223592 0.265289 -0.126300
v 0.264684 0.267706 -0.135968
v 0.282814 0.267706 -0.099710
v 0.344453 0.264080 -0.054992
v 0.345661 0.264080 -0.048948
v -0.154702 0.267706 -0.328136
v -0.155910 0.267706 -0.323302
v -0.140198 0.281001 -0.288253
v -0.151075 0.267706 -0.330554
v -0.023651 0.265289 -0.276166
v -0.007251 0.265289 -0.256829
v 0.019338 0.267706 -0.260455
v 0.019338 0.273749 -0.216945
v 0.051970 0.267706 -0.277375
v 0.093063 0.268915 -0.237491
v 0.108774 0.266498 -0.251994
v 0.131738 0.266498 -0.235074
v 0.182499 0.267706 -0.171018
v 0.205463 0.267706 -0.175852
v 0.209089 0.267706 -0.143220
v 0.240513 0.267706 -0.139594
v 0.221175 0.266498 -0.129925
v 0.245347 0.267706 -0.126300
v 0.226009 0.266498 -0.121465
v 0.261059 0.268915 -0.142011
v 0.281605 0.267706 -0.114213
v 0.261059 0.267706 -0.109379
v 0.288857 0.267706 -0.085207
v 0.288857 0.267706 -0.076747
v 0.340827 0.262872 -0.080372
v 0.315446 0.277375 -0.062243
v 0.315446 0.277375 -0.051366
v -0.193377 0.278610 -0.264337
v -0.064056 0.281027 0.100662
v -0.073725 0.279818 0.100662
v -0.035050 0.270150 0.109122
v -0.032112 0.268915 -0.266498
v -0.029694 0.273749 -0.291878
v 0.007251 0.268915 -0.279792
v 0.004834 0.268915 -0.260455
v 0.016920 0.268915 -0.279792
v 0.022964 0.273749 -0.197607
v 0.030215 0.270150 0.109122
v 0.060430 0.281027 0.100662
v 0.070099 0.279818 0.100662
v 0.059221 0.270124 -0.270124
v 0.083394 0.267706 -0.266498
v 0.099105 0.268915 -0.232656
v 0.114818 0.268915 -0.220571
v 0.143824 0.268915 -0.208485
v 0.201837 0.268915 -0.180686
v 0.201837 0.268915 -0.155306
v 0.165579 0.273749 -0.131133
v 0.226009 0.268915 -0.155306
v 0.262267 0.268915 -0.102127
v 0.311821 0.276166 -0.081581
v -0.146242 0.267706 -0.329345
v -0.090645 0.270124 -0.283418
v -0.095480 0.271332 -0.281001
v -0.016920 0.268915 -0.273749
v -0.012086 0.266498 -0.255620
v -0.002417 0.266498 -0.256829
v -0.003626 0.270124 -0.276166
v -0.010878 0.274984 -0.084255
v 0.004834 0.274984 -0.084255
v -0.004834 0.273775 -0.086672
v 0.012086 0.270124 -0.281001
v 0.033841 0.270124 -0.239909
v 0.059221 0.270124 -0.273749
v 0.222383 0.268915 -0.161349
v 0.292483 0.270124 -0.062243
v 0.292483 0.270124 -0.053783
v 0.343244 0.265289 -0.052574
v -0.187334 0.265289 -0.311216
v -0.183708 0.265289 -0.314842
v -0.182499 0.265289 -0.310008
v -0.190960 0.268915 -0.314842
v -0.184917 0.266498 -0.307590
v -0.189751 0.270124 -0.307590
v -0.192168 0.272541 -0.310008
v -0.178874 0.266498 -0.311216
v -0.178874 0.267706 -0.316050
v -0.186125 0.268915 -0.319676
v -0.163162 0.278584 -0.281001
v -0.106358 0.267732 0.070447
v -0.106358 0.267732 0.026937
v -0.084603 0.281027 0.003974
v -0.065265 0.281027 -0.009321
v -0.021234 0.267706 -0.264080
v -0.016920 0.271332 -0.293087
v -0.007251 0.271332 -0.295504
v -0.016920 0.277401 -0.073378
v -0.002417 0.273749 -0.213319
v 0.012086 0.277401 -0.073378
v 0.044719 0.271332 -0.251994
v 0.082185 0.281027 0.003974
v 0.061639 0.281027 -0.009321
v 0.068890 0.270124 -0.250786
v 0.077351 0.270124 -0.245951
v 0.103940 0.267732 0.070447
v 0.103940 0.267732 0.026937
v 0.120860 0.270124 -0.215736
v 0.138990 0.270124 -0.213319
v 0.159536 0.270124 -0.192772
v 0.163162 0.270124 -0.187938
v 0.184917 0.276166 -0.114213
v 0.315446 0.278584 -0.057409
v -0.187334 0.268915 -0.305173
v -0.167996 0.281001 -0.277375
v -0.159536 0.281001 -0.283418
v -0.085811 0.272541 -0.284626
v -0.012086 0.272541 -0.294295
v -0.014503 0.272541 -0.254411
v -0.001209 0.272541 -0.256829
v 0.002417 0.274958 -0.212110
v 0.043510 0.272541 -0.258037
v 0.049553 0.273749 -0.249577
v 0.096689 0.270124 -0.235074
v 0.117235 0.270124 -0.218154
v 0.188543 0.271332 -0.163766
v 0.219966 0.272541 -0.132342
v 0.226009 0.272541 -0.120256
v 0.288857 0.272541 -0.090041
v 0.288857 0.272541 -0.073121
v -0.180082 0.271332 -0.318468
v -0.158328 0.287044 -0.285835
v -0.137781 0.285835 -0.291878
v -0.132947 0.288253 -0.294295
v -0.129321 0.285835 -0.295504
v -0.145033 0.277401 0.048692
v -0.107566 0.288279 0.026937
v -0.107566 0.288279 0.070447
v -0.018817 0.270124 -0.254411
v -0.025381 0.284652 -0.021407
v 0.021755 0.284652 -0.021407
v 0.016920 0.273749 -0.260455
v 0.054388 0.272541 -0.207276
v 0.073725 0.272541 -0.198816
v 0.073725 0.271332 -0.248369
v 0.088228 0.272541 -0.186730
v 0.143824 0.277401 0.048692
v 0.106358 0.288279 0.026937
v 0.106358 0.288279 0.070447
v 0.108774 0.272541 -0.178270
v 0.126904 0.272541 -0.162557
v 0.184917 0.272541 -0.168601
v 0.207880 0.272541 -0.145637
v 0.241721 0.273749 -0.135968
v 0.245347 0.273749 -0.129925
v 0.261059 0.272541 -0.113005
v 0.239304 0.272541 -0.108170
v 0.282814 0.274958 -0.110587
v 0.284022 0.274958 -0.102127
v 0.262267 0.273749 -0.099710
v 0.268311 0.272541 -0.085207
v 0.268311 0.272541 -0.077955
v 0.313029 0.287070 0.045066
v 0.309403 0.282236 0.045066
v -0.189751 0.274958 -0.316050
v -0.190960 0.276166 -0.311216
v -0.186125 0.274958 -0.318468
v -0.192168 0.284652 -0.266754
v -0.039884 0.274984 0.098245
v -0.050761 0.277401 0.097036
v -0.028485 0.272541 -0.247160
v -0.032112 0.277375 -0.268915
v -0.014503 0.276166 -0.274958
v 0.007251 0.273749 -0.260455
v 0.037467 0.274984 0.098245
v 0.047135 0.277401 0.097036
v 0.203046 0.273749 -0.151680
v 0.240513 0.273749 -0.102127
v 0.284022 0.276166 -0.106962
v 0.293691 0.274958 -0.065869
v 0.293691 0.274958 -0.050157
v 0.342036 0.268915 0.009064
v 0.344453 0.268915 0.005439
v 0.343244 0.268915 0.012691
v 0.314237 0.283418 0.004230
v 0.315446 0.283418 -0.003022
v 0.349287 0.270124 0.010273
v 0.343244 0.272541 0.016316
v 0.345661 0.272541 0.003022
v -0.221175 0.270124 -0.290670
v -0.217549 0.270124 -0.294295
v -0.215132 0.270124 -0.290670
v -0.226009 0.273749 -0.294295
v -0.217549 0.270124 -0.288253
v -0.222383 0.273749 -0.285835
v -0.226009 0.276166 -0.288253
v -0.212714 0.272541 -0.293087
v -0.213923 0.273749 -0.296713
v -0.221175 0.273749 -0.299130
v -0.194585 0.285835 -0.264080
v -0.219966 0.272541 -0.284626
v -0.198212 0.287044 -0.260455
v -0.171622 0.288253 -0.277375
v -0.083394 0.274958 -0.264080
v -0.043510 0.284652 -0.017781
v -0.022964 0.277401 0.110330
v -0.029006 0.279818 0.098245
v -0.013982 0.272541 -0.247160
v -0.023651 0.274958 -0.281001
v -0.006043 0.276166 -0.276166
v 0.012086 0.274958 -0.260455
v 0.019338 0.277401 0.110330
v 0.025381 0.279818 0.098245
v 0.036258 0.274958 -0.238700
v 0.041093 0.284652 -0.017781
v 0.049553 0.273749 -0.254411
v 0.153493 0.274958 -0.139594
v 0.166788 0.274958 -0.133551
v 0.271936 0.274958 -0.063452
v 0.271936 0.276166 -0.056200
v 0.349287 0.276166 0.015108
v 0.350496 0.276166 0.005439
v -0.181291 0.274958 -0.318468
v -0.099105 0.277375 -0.279792
v -0.088228 0.276166 -0.261663
v 0.031424 0.276166 -0.208485
v 0.314237 0.293113 0.043858
v 0.343244 0.271332 0.046531
v 0.345661 0.271332 0.042906
v 0.345661 0.271332 0.050157
v 0.316655 0.288253 0.032028
v 0.350496 0.272541 0.046531
v 0.346870 0.273749 0.039280
v 0.319072 0.289461 0.027193
v 0.345661 0.274958 0.052574
v -0.190960 0.288253 -0.267706
v -0.123278 0.278584 -0.272541
v -0.084603 0.279792 -0.285835
v -0.078559 0.277375 -0.265289
v -0.012774 0.273749 -0.238700
v -0.024859 0.276166 -0.227822
v -0.028485 0.281001 -0.248369
v -0.012086 0.278584 -0.254411
v -0.009669 0.277375 -0.274958
v -0.002417 0.278584 -0.255620
v 0.014503 0.277375 -0.215736
v 0.221175 0.277375 -0.128716
v 0.224801 0.277375 -0.123882
v 0.239304 0.277375 -0.113005
v 0.195794 0.282210 -0.103336
v 0.261059 0.279792 -0.110587
v 0.251390 0.276166 -0.086415
v 0.268311 0.277375 -0.090041
v 0.268311 0.277375 -0.074330
v 0.251390 0.276166 -0.079163
v 0.290066 0.281001 -0.087624
v 0.290066 0.281001 -0.075538
v 0.342036 0.276166 0.016316
v 0.314237 0.289461 0.007856
v 0.344453 0.277375 0.001813
v 0.316655 0.288253 -0.006647
v 0.351705 0.277375 0.041697
v 0.350496 0.277375 0.051366
v -0.224801 0.279792 -0.294295
v -0.226009 0.279792 -0.289461
v -0.201837 0.293087 -0.259246
v -0.215132 0.276166 -0.299130
v -0.222383 0.279792 -0.297921
v -0.190960 0.295504 -0.270124
v -0.239304 0.291904 -0.220827
v -0.128112 0.279792 -0.268915
v -0.027277 0.281001 -0.270124
v -0.010357 0.276166 -0.229031
v -0.013295 0.282236 0.113957
v -0.004834 0.284652 -0.085464
v 0.001209 0.278584 -0.212110
v 0.010878 0.282236 0.113957
v 0.025381 0.278584 -0.195190
v 0.042301 0.277375 -0.236282
v 0.240513 0.278584 -0.099710
v 0.262267 0.281001 -0.102127
v 0.342036 0.273749 0.073121
v 0.343244 0.273749 0.069495
v 0.343244 0.273749 0.076747
v 0.315446 0.289461 0.057409
v 0.348078 0.274958 0.073121
v 0.344453 0.276166 0.065869
v 0.317863 0.290670 0.052574
v 0.343244 0.277375 0.079163
v 0.346870 0.277375 0.038071
v -0.166788 0.295504 -0.283418
v -0.170413 0.293087 -0.279792
v -0.160744 0.293087 -0.285835
v -0.118443 0.281001 -0.274958
v -0.076142 0.278584 -0.244743
v -0.050761 0.279818 0.105497
v -0.039884 0.277401 0.105497
v -0.021234 0.278584 -0.270124
v -0.010878 0.284652 -0.083046
v 0.300943 0.297947 0.109122
v -0.240513 0.300365 -0.224453
v -0.276771 0.310034 -0.173692
v 0.279188 0.311242 0.164718
v -0.277979 0.317285 -0.177318
v -0.297317 0.325745 -0.120513
v -0.276771 0.317285 -0.162814
v 0.242930 0.324537 0.209437
v 0.195794 0.335414 0.250529
v -0.306986 0.342666 -0.073378
v 0.140198 0.343874 0.274701
v -0.297317 0.358378 -0.064917
v 0.088228 0.357169 0.294039
v 0.035050 0.370464 0.303708
v -0.306986 0.377715 0.006390
v -0.020546 0.383759 0.303708
v -0.297317 0.394636 0.061987
v -0.275562 0.404305 0.117583
v -0.240513 0.410348 0.167135
v -0.192168 0.411556 0.236026
v -0.001209 0.283444 0.116374
v 0.004834 0.284652 -0.083046
v 0.037467 0.277401 0.105497
v 0.047135 0.279818 0.105497
v 0.273145 0.279792 -0.067078
v 0.252598 0.279792 -0.064661
v 0.294900 0.283418 -0.064661
v 0.273145 0.281001 -0.052574
v 0.294900 0.283418 -0.052574
v 0.344453 0.278584 0.053783
v 0.315446 0.294295 0.038071
v 0.349287 0.279792 0.068286
v 0.348078 0.279792 0.077955
v -0.219966 0.276166 -0.221779
v -0.226009 0.277375 -0.224196
v -0.217549 0.276166 -0.225405
v -0.177665 0.289461 -0.163766
v -0.182499 0.289461 -0.161349
v -0.222383 0.278584 -0.229031
v -0.215132 0.279792 -0.226614
v -0.217549 0.279792 -0.297921
v -0.090645 0.282210 -0.260455
v -0.080976 0.279792 -0.242325
v -0.009148 0.277375 -0.220571
v -0.021234 0.279792 -0.208485
v -0.024859 0.282210 -0.229031
v 0.233261 0.279792 -0.087624
v 0.251390 0.281001 -0.091250
v 0.251390 0.281001 -0.074330
v 0.233261 0.279792 -0.080372
v 0.252598 0.281001 -0.057409
v 0.262267 0.282210 -0.106962
v 0.290066 0.283418 -0.081581
v 0.344453 0.279792 0.016316
v 0.344453 0.279792 0.064661
v 0.350496 0.279792 0.010273
v 0.346870 0.281001 0.004230
v -0.227218 0.281001 -0.224196
v -0.096689 0.284626 -0.281001
v -0.097897 0.297947 0.016059
v -0.097897 0.297947 0.080115
v -0.084603 0.297947 0.093410
v -0.071308 0.281001 -0.245951
v -0.077351 0.284626 -0.265289
v -0.058013 0.287070 0.104288
v -0.058013 0.285861 0.095828
v -0.039884 0.297947 0.105497
v -0.030215 0.282236 0.105497
v -0.022964 0.288279 0.097036
v -0.016920 0.287070 -0.070960
v -0.007251 0.279792 -0.255620
v -0.007939 0.279792 -0.210902
v 0.012086 0.287070 -0.070960
v 0.019338 0.288279 0.097036
v 0.026589 0.282236 0.105497
v 0.037467 0.297947 0.105497
v 0.055596 0.287070 0.104288
v 0.055596 0.285861 0.095828
v 0.095480 0.297947 0.080115
v 0.082185 0.297947 0.093410
v 0.095480 0.297947 0.016059
v 0.239304 0.284626 -0.110587
v 0.269519 0.285835 -0.087624
v 0.269519 0.285835 -0.076747
v 0.342036 0.281001 0.080372
v 0.314237 0.295504 0.063452
v 0.349287 0.281001 0.038071
v 0.352913 0.281001 0.046531
v 0.346870 0.282210 0.052574
v -0.218758 0.282210 -0.230240
v -0.226009 0.284626 -0.227822
v -0.241721 0.296739 -0.224453
v -0.152284 0.284626 -0.262872
v -0.113609 0.282210 -0.254411
v -0.087020 0.285835 -0.284626
v -0.062848 0.285835 -0.200024
v -0.021234 0.282210 -0.255620
v 0.240513 0.284626 -0.102127
v 0.294900 0.285835 -0.059826
v -0.201837 0.299130 -0.262872
v -0.198212 0.301547 -0.266498
v -0.193377 0.300339 -0.270124
v -0.213923 0.283418 -0.225405
v -0.176457 0.293087 -0.166183
v -0.130529 0.287044 -0.268915
v -0.118443 0.284626 -0.250786
v -0.091854 0.287044 -0.283418
v -0.083394 0.285835 -0.241117
v -0.068890 0.297947 0.098245
v -0.074934 0.297947 0.098245
v -0.020025 0.283418 -0.209693
v 0.065265 0.297947 0.098245
v 0.072516 0.297947 0.098245
v 0.186125 0.289461 -0.090041
v 0.233261 0.284626 -0.091250
v 0.233261 0.284626 -0.076747
v 0.252598 0.284626 -0.068286
v 0.199420 0.293087 -0.068286
v 0.273145 0.289461 -0.065869
v 0.346870 0.282210 0.012691
v 0.316655 0.297921 0.005439
v 0.346870 0.283418 0.064661
v 0.350496 0.283418 0.073121
v 0.344453 0.284626 0.079163
v 0.346870 0.283418 0.006647
v -0.284022 0.281001 -0.226614
v -0.281605 0.282210 -0.231448
v -0.279188 0.281001 -0.227822
v -0.280397 0.282210 -0.221779
v -0.286439 0.283418 -0.231448
v -0.284022 0.284626 -0.219362
v -0.287648 0.285835 -0.222987
v -0.253807 0.310008 -0.206067
v -0.277979 0.282210 -0.224196
v -0.226009 0.285835 -0.221779
v -0.186125 0.294295 -0.160140
v -0.157119 0.285835 -0.260455
v -0.148659 0.287044 -0.265289
v -0.116026 0.287044 -0.276166
v -0.108774 0.284626 -0.255620
v -0.084603 0.297947 0.001556
v -0.070099 0.288253 -0.245951
v -0.065265 0.297947 -0.010530
v -0.023651 0.284626 -0.249577
v 0.082185 0.297947 0.001556
v 0.061639 0.297947 -0.010530
v 0.251390 0.290670 -0.088832
v 0.251390 0.290670 -0.076747
v 0.252598 0.285835 -0.054992
v 0.273145 0.289461 -0.054992
v 0.319072 0.297921 -0.004230
v 0.350496 0.283418 0.041697
v 0.322698 0.300339 0.025985
v 0.349287 0.284626 0.048948
v -0.280397 0.287044 -0.233865
v -0.263476 0.307590 -0.197607
v -0.215132 0.285835 -0.226614
v -0.221175 0.287044 -0.229031
v -0.105149 0.285835 -0.235074
v -0.088228 0.289461 -0.261663
v -0.024172 0.289487 0.105497
v -0.020025 0.285835 -0.229031
v -0.001209 0.290696 0.111539
v -0.013295 0.290696 0.109122
v 0.009669 0.290696 0.109122
v 0.020546 0.289487 0.105497
v 0.197003 0.285835 -0.100918
v 0.240513 0.285835 -0.106962
v 0.304568 0.301573 0.109122
v 0.345661 0.284626 0.010273
v 0.319072 0.303964 0.036862
v -0.290066 0.288253 -0.226614
v -0.285231 0.289461 -0.233865
v -0.016399 0.285835 -0.209693
v 0.269519 0.288253 -0.082790
v 0.297317 0.289461 -0.007856
v 0.294900 0.290670 -0.000604
v 0.348078 0.285835 0.068286
v 0.321489 0.302756 0.051366
v 0.349287 0.285835 0.044114
v 0.346870 0.287044 0.075538
v -0.270728 0.313633 -0.198816
v -0.240513 0.284626 -0.276166
v -0.236887 0.284626 -0.278584
v -0.234469 0.284626 -0.274958
v -0.244138 0.288253 -0.279792
v -0.238096 0.285835 -0.272541
v -0.242930 0.289461 -0.271332
v -0.245347 0.291878 -0.273749
v -0.232052 0.287044 -0.276166
v -0.232052 0.287044 -0.281001
v -0.239304 0.288253 -0.283418
v -0.212714 0.301547 -0.245951
v -0.224801 0.288253 -0.224196
v -0.141407 0.288253 -0.244743
v -0.109983 0.287044 -0.232656
v -0.120860 0.290670 -0.249577
v -0.100314 0.288253 -0.236282
v -0.107566 0.290670 -0.256829
v -0.079768 0.289461 -0.264080
v -0.025381 0.297947 -0.022616
v -0.043510 0.297947 -0.018990
v -0.004834 0.295530 -0.077003
v -0.010878 0.295530 -0.074586
v 0.004834 0.295530 -0.074586
v 0.021755 0.297947 -0.022616
v 0.041093 0.297947 -0.018990
v 0.233261 0.293087 -0.088832
v 0.233261 0.293087 -0.079163
v 0.239304 0.284626 0.069495
v 0.242930 0.284626 0.067078
v 0.242930 0.284626 0.071912
v 0.241721 0.287044 0.063452
v 0.240513 0.287044 0.074330
v 0.238096 0.289461 0.073121
v 0.238096 0.289461 0.065869
v 0.245347 0.284626 0.069495
v 0.298526 0.287044 0.096084
v 0.297317 0.287044 0.100918
v 0.252598 0.293087 -0.067078
v 0.319072 0.305173 0.062243
v 0.319072 0.299130 0.000604
v -0.239304 0.288253 -0.268915
v -0.216341 0.302756 -0.242325
v -0.217549 0.288253 -0.226614
v -0.181291 0.291878 -0.248369
v -0.159536 0.293087 -0.259246
v -0.146242 0.289461 -0.242325
v -0.126904 0.293087 -0.271332
v -0.119652 0.293087 -0.274958
v -0.089437 0.293087 -0.191564
v -0.080976 0.291878 -0.242325
v -0.073725 0.293087 -0.244743
v -0.061639 0.290670 -0.201233
v -0.060430 0.297947 0.104288
v -0.061639 0.297947 0.094619
v 0.056804 0.297947 0.104288
v 0.058013 0.297947 0.094619
v 0.252598 0.293087 -0.056200
v 0.273145 0.290670 -0.061035
v 0.346870 0.288253 0.070703
v 0.321489 0.303964 0.030819
v -0.253807 0.319676 -0.212110
v -0.209089 0.303964 -0.248369
v -0.233261 0.290670 -0.283418
v -0.207880 0.310008 -0.251994
v -0.222383 0.289461 -0.225405
v -0.184917 0.293087 -0.244743
v -0.146242 0.293087 -0.267706
v -0.137781 0.290670 -0.248369
v -0.111192 0.293087 -0.231448
v -0.084603 0.290670 -0.262872
v -0.016920 0.297947 -0.061291
v 0.012086 0.297947 -0.061291
v 0.297317 0.290670 0.104545
v 0.302152 0.289461 0.096084
v 0.241721 0.290670 0.062243
v 0.300943 0.287044 0.100918
v 0.302152 0.291878 0.103336
v 0.305777 0.307616 0.107914
v 0.332367 0.287044 0.103336
v 0.333575 0.287044 0.099710
v 0.334784 0.287044 0.106962
v 0.305777 0.302756 0.085207
v 0.306986 0.302756 0.091250
v 0.339618 0.288253 0.102127
v 0.334784 0.289461 0.096084
v 0.309403 0.303964 0.080372
v 0.334784 0.290670 0.109379
v -0.287648 0.291878 -0.229031
v -0.242930 0.294295 -0.279792
v -0.244138 0.295504 -0.276166
v -0.239304 0.294295 -0.283418
v -0.218758 0.290670 -0.224196
v -0.177665 0.294295 -0.250786
v -0.130529 0.291878 -0.226614
v -0.123278 0.294295 -0.273749
v -0.107566 0.289487 0.070447
v -0.107566 0.289487 0.026937
v -0.099105 0.294295 -0.237491
v -0.020546 0.297947 0.097036
v 0.016920 0.297947 0.097036
v 0.106358 0.289487 0.070447
v 0.106358 0.289487 0.026937
v 0.251390 0.293087 -0.082790
v 0.298526 0.294295 -0.011482
v 0.300943 0.296713 0.018733
v 0.298526 0.296713 0.024777
v 0.339618 0.293087 0.097293
v 0.339618 0.293087 0.106962
v 0.321489 0.306381 0.057409
v -0.257433 0.325719 -0.209693
v -0.219966 0.310008 -0.242325
v -0.180082 0.293087 -0.158932
v -0.135364 0.293087 -0.224196
v -0.148659 0.296713 -0.241117
v -0.145033 0.300365 0.048692
v -0.106358 0.312451 0.026937
v -0.106358 0.312451 0.070447
v -0.022964 0.297947 0.105497
v 0.018129 0.297947 0.105497
v 0.143824 0.300365 0.048692
v 0.103940 0.312451 0.026937
v 0.103940 0.312451 0.070447
v 0.187334 0.291878 -0.086415
v 0.236887 0.291878 0.070703
v 0.240513 0.294295 0.064661
v 0.238096 0.289461 0.128716
v 0.241721 0.289461 0.126300
v 0.241721 0.289461 0.132342
v 0.240513 0.291878 0.122673
v 0.239304 0.291878 0.134760
v 0.235678 0.293087 0.133551
v 0.235678 0.294295 0.125091
v 0.244138 0.289461 0.128716
v 0.285231 0.308799 0.168601
v 0.247764 0.291878 0.126300
v 0.277979 0.294295 -0.013899
v 0.303360 0.293087 0.097293
v 0.294900 0.295504 0.003022
v 0.299734 0.299130 0.045323
v 0.297317 0.297921 0.050157
v 0.334784 0.293087 0.094876
v -0.234469 0.294295 -0.283418
v -0.177665 0.296713 -0.166183
v -0.186125 0.297921 -0.163766
v -0.126904 0.294295 -0.229031
v -0.135364 0.296713 -0.248369
v -0.118443 0.296713 -0.251994
v -0.109983 0.296713 -0.255620
v -0.077351 0.294295 -0.243534
v -0.001209 0.297947 0.110330
v -0.013295 0.297947 0.107914
v 0.009669 0.297947 0.107914
v 0.245347 0.294295 0.063452
v 0.252598 0.294295 -0.062243
v 0.275562 0.295504 -0.006647
v 0.294900 0.294295 0.103336
v 0.333575 0.295504 0.109379
v 0.306986 0.308799 0.093667
v -0.267102 0.323302 -0.204859
v -0.257433 0.291878 -0.250786
v -0.255016 0.291878 -0.255620
v -0.253807 0.291878 -0.249577
v -0.259851 0.293087 -0.256829
v -0.227218 0.308799 -0.221779
v -0.259851 0.295504 -0.249577
v -0.251390 0.291878 -0.253203
v -0.252598 0.295504 -0.260455
v -0.257433 0.297921 -0.260455
v -0.248973 0.294295 -0.255620
v -0.167996 0.296713 -0.231448
v -0.112400 0.299130 -0.184312
v 0.233261 0.295504 -0.083998
v 0.239304 0.295504 0.070703
v 0.281605 0.311216 0.171018
v 0.240513 0.296713 0.121465
v 0.248973 0.295504 0.125091
v 0.290066 0.310008 0.162557
v 0.299734 0.297921 0.102127
v -0.262267 0.299130 -0.253203
v -0.188543 0.299130 -0.243534
v -0.171622 0.297921 -0.227822
v -0.177665 0.296713 -0.161349
v -0.157119 0.299130 -0.261663
v -0.148659 0.299130 -0.266498
v -0.137781 0.299130 -0.222987
v -0.108774 0.299130 -0.232656
v -0.101523 0.299130 -0.235074
v -0.087020 0.297921 -0.193981
v 0.233261 0.296713 0.131134
v 0.302152 0.296713 0.097293
v 0.112400 0.331789 0.029354
v 0.337201 0.296713 0.094876
v 0.340827 0.296713 0.102127
v 0.335992 0.297921 0.108170
v -0.247764 0.297921 -0.256829
v -0.222383 0.312425 -0.226614
v -0.216341 0.317259 -0.248369
v -0.211506 0.314842 -0.251994
v -0.176457 0.301547 -0.253203
v -0.164370 0.299130 -0.233865
v -0.124487 0.300339 -0.230240
v -0.113609 0.297921 -0.253203
v 0.238096 0.300339 0.123882
v 0.242930 0.296713 0.065869
v 0.279188 0.299130 -0.017524
v 0.258642 0.297921 -0.019942
v 0.293691 0.297921 0.100918
v 0.299734 0.303964 -0.009064
v 0.297317 0.302756 0.029611
v -0.259851 0.300339 -0.248369
v -0.232052 0.314842 -0.219362
v -0.251390 0.300339 -0.260455
v -0.219966 0.316050 -0.244743
v -0.153493 0.301547 -0.264080
v -0.010878 0.336623 -0.029867
v 0.004834 0.332997 -0.034702
v -0.004834 0.334205 -0.034702
v 0.242930 0.297921 0.069495
v 0.248973 0.300339 0.125091
v 0.275562 0.300339 -0.003022
v 0.256224 0.299130 -0.012691
v 0.297317 0.303964 0.000604
v 0.296108 0.303964 0.054992
v -0.279188 0.314868 -0.176109
v -0.180082 0.299130 -0.164975
v -0.154702 0.300339 -0.214527
v -0.146242 0.302756 -0.242325
v -0.137781 0.302756 -0.247160
v 0.235678 0.300339 0.131134
v 0.282814 0.301547 0.011482
v 0.280397 0.301547 0.017524
v 0.304568 0.307590 0.017524
v 0.298526 0.299130 0.098501
v 0.337201 0.300339 0.097293
v 0.311821 0.316050 0.079163
v 0.337201 0.300339 0.104545
v -0.261059 0.301547 -0.256829
v -0.255016 0.302756 -0.260455
v -0.174039 0.303964 -0.226614
v -0.159536 0.301547 -0.210902
v -0.105149 0.300339 -0.233865
v -0.084603 0.313659 0.003974
v -0.097897 0.316076 0.018476
v -0.084603 0.313659 0.093410
v -0.097897 0.316076 0.077698
v -0.065265 0.313659 -0.009321
v -0.073725 0.313659 0.098245
v -0.058013 0.308825 0.094619
v -0.064056 0.313659 0.098245
v -0.043510 0.313659 -0.017781
v -0.058013 0.307616 0.104288
v -0.024172 0.306407 0.105497
v -0.030215 0.313659 0.105497
v -0.050761 0.314868 0.104288
v -0.039884 0.317285 0.105497
v -0.024172 0.313659 -0.021407
v -0.022964 0.307616 0.097036
v -0.013295 0.306407 0.107914
v -0.020546 0.329371 -0.018990
v -0.001209 0.306407 0.110330
v 0.009669 0.306407 0.107914
v 0.020546 0.313659 -0.021407
v 0.016920 0.329371 -0.018990
v 0.019338 0.307616 0.097036
v 0.020546 0.306407 0.105497
v 0.041093 0.313659 -0.017781
v 0.055596 0.307616 0.104288
v 0.026589 0.313659 0.105497
v 0.047135 0.314868 0.104288
v 0.037467 0.317285 0.105497
v 0.055596 0.308825 0.094619
v 0.061639 0.313659 -0.009321
v 0.070099 0.313659 0.098245
v 0.060430 0.313659 0.098245
v 0.082185 0.313659 0.093410
v 0.082185 0.313659 0.003974
v 0.095480 0.316076 0.018476
v 0.095480 0.316076 0.077698
v 0.206672 0.303964 -0.036862
v 0.259851 0.302756 -0.023568
v 0.281605 0.305173 0.036862
v 0.279188 0.303964 0.041697
v 0.281605 0.316076 0.164718
v 0.309403 0.317259 0.091250
v -0.311821 0.299130 -0.187938
v -0.308195 0.299130 -0.189147
v -0.306986 0.299130 -0.184312
v -0.314237 0.303964 -0.192772
v -0.310612 0.300339 -0.183104
v -0.315446 0.303964 -0.184312
v -0.316655 0.306381 -0.187938
v -0.303360 0.300339 -0.185521
v -0.303360 0.301547 -0.190355
v -0.308195 0.302756 -0.195190
v -0.288857 0.319676 -0.162557
v -0.259851 0.303964 -0.250786
v -0.187334 0.306381 -0.245951
v -0.151075 0.302756 -0.218154
v -0.163162 0.306381 -0.235074
v -0.135364 0.305173 -0.224196
v -0.126904 0.305173 -0.227822
v -0.111192 0.303964 -0.186730
v 0.256224 0.303964 -0.009064
v 0.279188 0.308799 -0.015108
v 0.303360 0.311216 0.042906
v 0.298526 0.306381 -0.005439
v -0.313029 0.302756 -0.181895
v -0.292483 0.322094 -0.160140
v -0.285231 0.320885 -0.166183
v -0.223592 0.320885 -0.229031
v -0.180082 0.307590 -0.251994
v -0.128112 0.307590 -0.178270
v 0.238096 0.302756 0.126300
v 0.246556 0.302756 0.126300
v 0.276771 0.308799 -0.005439
v 0.335992 0.301547 0.100918
v -0.302152 0.303964 -0.192772
v -0.257433 0.305173 -0.258037
v -0.258642 0.306381 -0.253203
v -0.200629 0.307590 -0.230240
v -0.183708 0.308799 -0.248369
v -0.161953 0.307590 -0.209693
v -0.142615 0.305173 -0.244743
v 0.263476 0.305173 0.004230
v 0.279188 0.307590 0.022359
v 0.261059 0.305173 0.010273
v 0.285231 0.312425 0.009064
v 0.284022 0.322120 0.163509
v 0.319072 0.301547 0.137177
v 0.320281 0.301547 0.133551
v 0.321489 0.302756 0.140802
v 0.293691 0.316050 0.117839
v 0.325115 0.302756 0.135968
v 0.321489 0.303964 0.129925
v 0.296108 0.316050 0.113005
v 0.311821 0.318468 0.085207
v -0.311821 0.310008 -0.193981
v -0.308195 0.308799 -0.195190
v -0.204254 0.308799 -0.226614
v -0.149867 0.308799 -0.218154
v 0.273145 0.313633 0.145637
v 0.258642 0.311216 -0.021151
v 0.299734 0.311216 0.027193
v 0.288857 0.308799 0.076747
v 0.287648 0.310008 0.081581
v 0.321489 0.306381 0.142011
v 0.325115 0.307590 0.131134
v 0.326323 0.308799 0.139594
v -0.296108 0.330554 -0.160140
v -0.314237 0.310008 -0.190355
v -0.303360 0.308799 -0.193981
v -0.285231 0.326928 -0.171018
v -0.232052 0.323302 -0.221779
v -0.195794 0.308799 -0.232656
v -0.172830 0.311216 -0.229031
v -0.131738 0.307590 -0.225405
v 0.256224 0.311216 -0.011482
v 0.277979 0.308799 0.047740
v 0.263476 0.308799 0.028402
v 0.259851 0.308799 0.034446
v 0.299734 0.313633 0.053783
v 0.291274 0.311216 0.071912
v 0.302152 0.312425 0.021151
v 0.321489 0.307590 0.128716
v -0.256224 0.307590 -0.255620
v 0.247764 0.306381 -0.001813
v 0.245347 0.306381 0.004230
v 0.259851 0.311216 0.015108
v 0.265893 0.316050 0.000604
v 0.284022 0.317259 0.034446
v 0.302152 0.305173 0.181895
v 0.305777 0.305173 0.179478
v 0.304568 0.305173 0.185521
v 0.309403 0.306381 0.184312
v 0.303360 0.308799 0.187939
v 0.308195 0.307590 0.177061
v -0.165579 0.311216 -0.233865
v -0.029006 0.316076 0.097036
v -0.013295 0.317285 0.109122
v 0.009669 0.317285 0.109122
v -0.001209 0.317285 0.109122
v 0.025381 0.316076 0.097036
v 0.232052 0.307590 -0.007856
v 0.229635 0.307590 -0.001813
v 0.244138 0.312425 0.009064
v 0.248973 0.317259 -0.005439
v 0.277979 0.310008 -0.010273
v 0.311821 0.311216 0.179478
v 0.308195 0.311216 0.187939
v 0.302152 0.314842 0.047740
v 0.320281 0.310008 0.142011
v 0.292483 0.322094 0.121465
v -0.252598 0.313633 -0.185521
v -0.228427 0.324511 -0.226614
v -0.186125 0.311216 -0.213319
v -0.159536 0.313633 -0.212110
v -0.152284 0.314842 -0.215736
v -0.126904 0.312425 -0.179478
v 0.228427 0.313633 0.003022
v 0.233261 0.318468 -0.011482
v 0.281605 0.317259 0.019942
v 0.291274 0.314842 0.158932
v 0.308195 0.311216 0.174644
v 0.323906 0.311216 0.128716
v 0.326323 0.311216 0.134760
v -0.290066 0.337805 -0.169809
v -0.291274 0.308799 -0.202441
v -0.285231 0.308799 -0.204859
v -0.287648 0.308799 -0.200024
v -0.290066 0.313633 -0.197607
v -0.288857 0.310008 -0.208485
v -0.294900 0.313633 -0.203650
v -0.293691 0.317259 -0.197607
v -0.269519 0.322094 -0.187938
v -0.274353 0.323302 -0.184312
v -0.282814 0.311216 -0.207276
v -0.212714 0.313633 -0.208485
v -0.206672 0.316050 -0.225405
v -0.190960 0.312425 -0.209693
v -0.194585 0.316050 -0.235074
v -0.182499 0.312425 -0.216945
v -0.169205 0.312425 -0.231448
v -0.050761 0.317285 0.094619
v 0.047135 0.317285 0.094619
v 0.159536 0.308799 0.268915
v 0.163162 0.308799 0.266498
v 0.163162 0.308799 0.272541
v 0.161953 0.311216 0.262872
v 0.160744 0.313633 0.276166
v 0.158328 0.312425 0.264080
v 0.155910 0.313633 0.272541
v 0.165579 0.308799 0.268915
v 0.199420 0.326928 0.236282
v 0.167996 0.311216 0.273749
v 0.166788 0.314842 0.276166
v 0.169205 0.310008 0.270124
v 0.245347 0.311216 0.021151
v 0.258642 0.313633 0.039280
v 0.242930 0.311216 0.027193
v 0.264684 0.320885 0.025985
v 0.280397 0.319676 0.045323
v 0.269519 0.312425 0.067078
v 0.300943 0.312425 0.187939
v 0.287648 0.316050 0.083998
v 0.322698 0.313633 0.140802
v -0.293691 0.337805 -0.164975
v -0.285231 0.313633 -0.210902
v -0.293691 0.314842 -0.209693
v -0.242930 0.316050 -0.193981
v 0.205463 0.330554 0.245951
v 0.268311 0.313633 0.071912
v -0.267102 0.325719 -0.191564
v -0.172830 0.313633 -0.197607
v 0.199420 0.318468 0.000604
v 0.241721 0.316050 0.030819
v 0.246556 0.322094 0.018733
v 0.262267 0.320885 0.012691
v 0.245347 0.329371 0.210645
v 0.281605 0.318468 0.172226
v 0.271936 0.314842 0.062243
v 0.293691 0.322094 0.070703
v 0.309403 0.314842 0.175852
v 0.310612 0.316050 0.183104
v 0.303360 0.316050 0.187939
v 0.323906 0.314842 0.131134
v 0.298526 0.326928 0.110587
v 0.323906 0.314842 0.137177
v -0.207880 0.317259 -0.212110
v -0.176457 0.314842 -0.193981
v -0.192168 0.319676 -0.208485
v -0.167996 0.314842 -0.201233
v -0.180082 0.319676 -0.218154
v -0.155910 0.316050 -0.214527
v -0.140198 0.380133 0.055944
v -0.094271 0.332997 0.026937
v -0.094271 0.332997 0.070447
v 0.089437 0.335414 0.026937
v 0.089437 0.332997 0.070447
v 0.113609 0.337831 0.069238
v 0.155910 0.316050 0.266498
v 0.245347 0.322094 0.005439
v 0.251390 0.316050 0.057409
v 0.282814 0.317259 0.012691
v -0.294900 0.319676 -0.203650
v -0.293691 0.319676 -0.198816
v -0.277979 0.326928 -0.181895
v -0.287648 0.317259 -0.210902
v -0.257433 0.320885 -0.181895
v -0.236887 0.318468 -0.171018
v -0.216341 0.319676 -0.203650
v -0.197003 0.317259 -0.192772
v -0.159536 0.314842 -0.181895
v -0.065265 0.329371 -0.004487
v -0.084603 0.329371 0.010016
v -0.073725 0.329371 0.094619
v -0.084603 0.329371 0.086159
v -0.064056 0.329371 0.100662
v -0.043510 0.329371 -0.014156
v -0.055596 0.329371 0.100662
v -0.039884 0.319702 0.095828
v 0.041093 0.329371 -0.014156
v 0.037467 0.319702 0.095828
v 0.060430 0.329371 0.100662
v 0.051970 0.329371 0.100662
v 0.061639 0.329371 -0.004487
v 0.070099 0.329371 0.094619
v 0.082185 0.329371 0.010016
v 0.082185 0.329371 0.086159
v 0.161953 0.319676 0.276166
v 0.158328 0.319676 0.272541
v 0.165579 0.318468 0.276166
v 0.229635 0.323302 -0.000604
v 0.261059 0.323302 0.036862
v 0.250182 0.317259 0.062243
v 0.268311 0.319676 0.074330
v 0.275562 0.323302 0.145637
v 0.294900 0.329345 0.119048
v -0.293691 0.319676 -0.207276
v -0.291274 0.314842 -0.142011
v -0.287648 0.314842 -0.144428
v -0.287648 0.314842 -0.140802
v -0.290066 0.317259 -0.146846
v -0.232052 0.318468 -0.102127
v -0.293691 0.317259 -0.139594
v -0.229635 0.318468 -0.106962
v -0.285231 0.317259 -0.146846
v -0.299734 0.330580 -0.122930
v -0.197003 0.322094 -0.233865
v -0.163162 0.316050 -0.178270
v -0.178874 0.322094 -0.191564
v -0.154702 0.316050 -0.184312
v -0.165579 0.322094 -0.202441
v -0.131738 0.319676 -0.145637
v 0.253807 0.318468 0.052574
v 0.274353 0.326928 0.061035
v 0.292483 0.325719 0.157723
v 0.282814 0.320885 0.039280
v 0.308195 0.318468 0.178270
v 0.322698 0.317259 0.133551
v -0.227218 0.319676 -0.180686
v -0.240513 0.326928 -0.198816
v -0.205463 0.322094 -0.227822
v -0.165579 0.323302 -0.177061
v -0.152284 0.323302 -0.185521
v -0.022964 0.329371 0.110330
v -0.035050 0.336623 0.109122
v 0.019338 0.329371 0.110330
v 0.030215 0.336623 0.109122
v 0.157119 0.319676 0.268915
v 0.242930 0.325719 0.028402
v 0.206672 0.323302 0.032028
v 0.263476 0.320885 0.005439
v 0.246556 0.335414 0.210645
v 0.290066 0.324511 0.081581
v 0.277979 0.320885 0.100918
v 0.275562 0.320885 0.105753
v 0.305777 0.318468 0.185521
v 0.282814 0.329345 0.168601
v -0.280397 0.331763 -0.181895
v -0.293691 0.320885 -0.144428
v -0.293691 0.319676 -0.137177
v -0.286439 0.320885 -0.148054
v -0.288857 0.320885 -0.209693
v -0.269519 0.332971 -0.193981
v -0.299734 0.335414 -0.124139
v -0.290066 0.324537 -0.153145
v -0.201837 0.324511 -0.230240
v -0.192168 0.319676 -0.197607
v -0.207880 0.325719 -0.213319
v -0.181291 0.318468 -0.179478
v -0.200629 0.322094 -0.189147
v -0.013295 0.329371 0.109122
v 0.009669 0.329371 0.109122
v -0.001209 0.329371 0.104288
v 0.247764 0.322094 -0.000604
v 0.248973 0.322094 0.064661
v 0.297317 0.330554 0.115422
v -0.221175 0.320885 -0.157723
v -0.240513 0.325719 -0.167392
v -0.228427 0.322094 -0.102127
v -0.233261 0.323302 -0.099710
v -0.228427 0.322094 -0.109379
v -0.176457 0.320885 -0.183104
v -0.143824 0.320885 -0.146846
v -0.183708 0.323302 -0.174644
v 0.199420 0.322094 0.004230
v 0.232052 0.323302 -0.005439
v 0.255016 0.329345 0.051366
v 0.305777 0.319676 0.180686
v 0.291274 0.325719 0.075538
v -0.281605 0.337805 -0.186730
v -0.277979 0.339014 -0.190355
v -0.293691 0.324511 -0.139594
v -0.291274 0.322094 -0.134760
v -0.281605 0.324511 -0.158932
v -0.284022 0.325719 -0.155306
v -0.210297 0.322094 -0.167392
v -0.224801 0.330554 -0.185521
v -0.215132 0.328136 -0.206067
v -0.190960 0.326928 -0.210902
v -0.192168 0.328136 -0.197607
v -0.182499 0.325719 -0.216945
v -0.130529 0.324511 -0.146846
v 0.183708 0.334179 0.249577
v 0.269519 0.329345 0.071912
v 0.287648 0.330554 0.163766
v -0.290066 0.324511 -0.146846
v -0.273145 0.337805 -0.192772
v -0.282814 0.323302 -0.146846
v -0.279188 0.325719 -0.161349
v -0.253807 0.330554 -0.187938
v -0.206672 0.322094 -0.151680
v -0.223592 0.328136 -0.154097
v -0.176457 0.329345 -0.183104
v -0.182499 0.330554 -0.175852
v -0.143824 0.325719 -0.148054
v 0.263476 0.324511 0.030819
v 0.258642 0.324511 0.090041
v 0.274353 0.326928 0.109379
v 0.256224 0.324511 0.094876
v 0.280397 0.330554 0.098501
v -0.285231 0.328136 -0.152889
v -0.291274 0.326928 -0.135968
v -0.261059 0.326928 -0.175852
v -0.257433 0.326928 -0.179478
v -0.227218 0.325719 -0.105753
v -0.229635 0.325719 -0.110587
v -0.193377 0.323302 -0.157723
v -0.207880 0.332971 -0.172226
v -0.192168 0.323302 -0.146846
v -0.209089 0.329345 -0.146846
v -0.198212 0.330554 -0.190355
v -0.176457 0.329345 -0.193981
v -0.167996 0.328136 -0.200024
v 0.244138 0.325719 0.023568
v 0.250182 0.331763 0.062243
v -0.285231 0.326928 -0.144428
v -0.234469 0.326928 -0.102127
v -0.177665 0.324511 -0.149263
v -0.190960 0.332971 -0.161349
v -0.177665 0.324511 -0.140802
v -0.194585 0.330554 -0.142011
v -0.161953 0.329345 -0.178270
v -0.154702 0.329345 -0.183104
v 0.209089 0.328136 0.034446
v 0.252598 0.323302 0.243534
v 0.255016 0.323302 0.239909
v 0.256224 0.323302 0.247160
v 0.232052 0.336597 0.214527
v 0.250182 0.325719 0.245951
v 0.259851 0.324511 0.242325
v 0.256224 0.324511 0.236282
v 0.235678 0.336597 0.209693
v 0.257433 0.328136 0.249577
v 0.277979 0.334179 0.143220
v 0.280397 0.323302 0.212110
v 0.282814 0.323302 0.208485
v 0.282814 0.323302 0.215736
v 0.257433 0.334179 0.181895
v 0.277979 0.324511 0.214527
v 0.286439 0.324511 0.212110
v 0.284022 0.325719 0.204859
v 0.261059 0.335388 0.177061
v 0.282814 0.328136 0.219362
v -0.290066 0.328136 -0.142011
v -0.211506 0.329345 -0.210902
v -0.186125 0.328136 -0.213319
v -0.175248 0.332971 -0.151680
v -0.180082 0.331763 -0.135968
v 0.203046 0.324511 0.283418
v 0.205463 0.324511 0.279792
v 0.206672 0.324511 0.285835
v 0.188543 0.342640 0.250786
v 0.205463 0.328136 0.289461
v 0.200629 0.326928 0.285835
v 0.210297 0.325719 0.281001
v 0.206672 0.325719 0.276166
v 0.211506 0.329345 0.288253
v 0.198212 0.340249 0.251738
v 0.240513 0.325719 0.079163
v 0.238096 0.326928 0.083998
v 0.255016 0.330554 0.097293
v 0.259851 0.328136 0.237491
v 0.261059 0.334179 0.087624
v 0.262267 0.329345 0.245951
v 0.276771 0.326928 0.216945
v 0.287648 0.329345 0.207276
v 0.287648 0.330554 0.215736
v -0.276771 0.330554 -0.163766
v -0.255016 0.330554 -0.183104
v -0.244138 0.331763 -0.196399
v -0.238096 0.335388 -0.173435
v -0.230844 0.329345 -0.108170
v -0.178874 0.332971 -0.179478
v 0.211506 0.329345 0.276166
v 0.213923 0.330554 0.283418
v 0.206672 0.329345 0.063452
v 0.241721 0.335388 0.076747
v 0.251390 0.328136 0.248369
v 0.284022 0.329345 0.203650
v 0.271936 0.330554 0.065869
v -0.288857 0.329345 -0.137177
v -0.286439 0.329345 -0.142011
v -0.264684 0.331763 -0.173435
v -0.246556 0.330554 -0.166183
v -0.242930 0.330554 -0.171018
v -0.235678 0.329345 -0.104545
v 0.203046 0.330554 0.233865
v 0.199420 0.330554 0.287044
v 0.236887 0.332971 0.086415
v 0.276771 0.334179 0.106962
v 0.276771 0.330554 0.216945
v 0.252598 0.340223 0.186730
v -0.286439 0.334179 -0.151680
v -0.219966 0.337805 -0.160140
v -0.194585 0.331763 -0.193981
v -0.171622 0.330554 -0.196399
v 0.204254 0.332971 0.289461
v 0.252598 0.332971 0.056200
v 0.251390 0.331763 0.248369
v 0.230844 0.343848 0.215736
v 0.256224 0.334179 0.249577
v 0.261059 0.331763 0.238700
v 0.240513 0.345057 0.207276
v 0.280397 0.332971 0.218154
v -0.285231 0.330554 -0.139594
v -0.206672 0.337805 -0.151680
v -0.065265 0.342666 0.002765
v -0.084603 0.342666 0.018476
v -0.065265 0.342666 0.097036
v -0.084603 0.342666 0.077698
v -0.043510 0.342666 -0.006904
v -0.050761 0.342666 0.105497
v -0.016920 0.342666 -0.012947
v -0.035050 0.342666 0.109122
v -0.013295 0.342666 0.098245
v 0.009669 0.342666 0.098245
v -0.001209 0.342666 0.093410
v 0.030215 0.342666 0.109122
v 0.014503 0.339040 -0.014156
v 0.041093 0.336623 -0.009321
v 0.047135 0.342666 0.105497
v 0.061639 0.342666 0.097036
v 0.072516 0.334205 0.006390
v 0.061639 0.334205 -0.002070
v 0.082185 0.342666 0.077698
v 0.207880 0.332971 0.068286
v 0.211506 0.332971 0.277375
v 0.201837 0.348683 0.245951
v 0.209089 0.335388 0.288253
v 0.198212 0.346291 0.251738
v 0.259851 0.335388 0.245951
v 0.285231 0.332971 0.203650
v 0.287648 0.334179 0.210902
v -0.309403 0.347500 -0.075795
v -0.277979 0.336597 -0.163766
v -0.240513 0.334179 -0.173435
v -0.256224 0.337805 -0.184312
v -0.230844 0.332971 -0.155306
v -0.250182 0.334179 -0.163766
v -0.227218 0.332971 -0.160140
v -0.228427 0.336597 -0.183104
v -0.192168 0.337805 -0.145637
v 0.199420 0.335388 0.285835
v 0.184917 0.351100 0.253203
v 0.212714 0.336597 0.243534
v 0.211506 0.335388 0.284626
v 0.257433 0.336597 0.094876
v 0.275562 0.334179 0.215736
v 0.279188 0.335388 0.103336
v 0.284022 0.335388 0.215736
v -0.267102 0.336597 -0.173435
v -0.177665 0.337805 -0.139594
v 0.181291 0.331763 0.301547
v 0.183708 0.331763 0.297921
v 0.184917 0.331763 0.303964
v 0.164370 0.348683 0.268915
v 0.178874 0.332971 0.303964
v 0.188543 0.332971 0.299130
v 0.184917 0.332971 0.294295
v 0.167996 0.348683 0.264080
v 0.186125 0.336597 0.307590
v 0.250182 0.336597 0.245951
v 0.259851 0.335388 0.241117
v -0.216341 0.334179 -0.145637
v -0.234469 0.336597 -0.152889
v -0.224801 0.336597 -0.162557
v -0.212714 0.334179 -0.149263
v -0.211506 0.337805 -0.168601
v -0.194585 0.337805 -0.157723
v -0.178874 0.337805 -0.148054
v -0.073725 0.355960 0.026937
v -0.073725 0.355960 0.070447
v 0.076142 0.349917 0.072864
v 0.180082 0.335388 0.306381
v 0.188543 0.336597 0.294295
v 0.189751 0.337805 0.302756
v 0.201837 0.337805 0.285835
v 0.239304 0.339014 0.083998
v 0.211506 0.336597 0.279792
v 0.277979 0.336597 0.214527
v 0.284022 0.336597 0.207276
v 0.263476 0.345057 0.177061
v -0.285231 0.340223 -0.151680
v -0.252598 0.340223 -0.162557
v -0.241721 0.341431 -0.174644
v -0.177665 0.337805 -0.120256
v -0.218758 0.337805 -0.142011
v -0.210297 0.337805 -0.151680
v 0.061639 0.336623 -0.000861
v 0.252598 0.337805 0.244743
v 0.246556 0.337805 0.161349
v 0.242930 0.336597 0.166183
v 0.258642 0.337805 0.092458
v 0.284022 0.336597 0.212110
v -0.309403 0.352335 -0.077003
v 0.178874 0.339014 0.306381
v 0.161953 0.354726 0.271332
v 0.141407 0.348709 0.277118
v 0.204254 0.339014 0.284626
v 0.207880 0.339014 0.282210
v 0.255016 0.337805 0.242325
v 0.279188 0.337805 0.212110
v -0.276771 0.341431 -0.161349
v -0.268311 0.342640 -0.178270
v -0.235678 0.342640 -0.151680
v -0.224801 0.343848 -0.162557
v 0.041093 0.339040 -0.008112
v 0.183708 0.341431 0.307590
v 0.189751 0.340223 0.296713
v 0.174039 0.355934 0.262872
v 0.198212 0.357143 0.248369
v 0.210297 0.341431 0.232656
v 0.223592 0.351100 0.229031
v 0.212714 0.346265 0.247160
v 0.224801 0.339014 0.192772
v 0.219966 0.339014 0.196399
v 0.229635 0.337805 0.149263
v 0.233261 0.337805 0.144428
v 0.239304 0.342640 0.169809
v 0.281605 0.337805 0.208485
v -0.280397 0.345057 -0.161349
v -0.284022 0.345057 -0.156515
v -0.259851 0.342640 -0.183104
v -0.219966 0.343848 -0.140802
v -0.209089 0.343848 -0.150471
v -0.176457 0.342640 -0.119048
v 0.187334 0.343848 0.303964
v 0.188543 0.358352 0.253203
v 0.219966 0.339014 0.128716
v 0.216341 0.339014 0.132342
v 0.226009 0.343848 0.152889
v 0.248973 0.347474 0.160140
v 0.235678 0.348683 0.143220
v 0.236887 0.351100 0.213319
v 0.233261 0.351100 0.215736
v 0.258642 0.349891 0.181895
v 0.255016 0.348683 0.184312
v -0.264684 0.345057 -0.180686
v 0.015712 0.341457 -0.012947
v 0.177665 0.343848 0.303964
v 0.192168 0.360769 0.251994
v 0.192168 0.340223 0.103336
v 0.212714 0.343848 0.135968
v 0.221175 0.348683 0.127508
v 0.212714 0.340223 0.174644
v 0.207880 0.340223 0.178270
v 0.217549 0.346265 0.197607
v 0.228427 0.347474 0.190355
v -0.273145 0.342640 -0.142011
v -0.252598 0.347474 -0.167392
v 0.054388 0.340223 0.328136
v 0.058013 0.340223 0.325719
v 0.056804 0.340223 0.331763
v 0.050761 0.341431 0.329345
v 0.045927 0.355934 0.295504
v 0.061639 0.341431 0.328136
v 0.056804 0.345057 0.335388
v 0.059221 0.341431 0.322094
v 0.050761 0.355934 0.294295
v 0.188543 0.343848 0.297921
v 0.194585 0.342640 0.106962
v 0.142615 0.354752 0.275910
v 0.201837 0.341431 0.156515
v 0.197003 0.341431 0.160140
v 0.205463 0.347474 0.179478
v 0.216341 0.348683 0.172226
v -0.263476 0.343848 -0.152889
v -0.245347 0.347474 -0.172226
v -0.015712 0.345083 -0.011739
v 0.050761 0.343848 0.332971
v 0.062848 0.345057 0.323302
v 0.061639 0.346265 0.331763
v 0.180082 0.346265 0.302756
v 0.175248 0.343848 0.122673
v 0.194585 0.347474 0.162557
v 0.204254 0.348683 0.155306
v 0.198212 0.347474 0.236282
v 0.215132 0.349891 0.224196
v -0.311821 0.360795 -0.032285
v -0.251390 0.343848 -0.131133
v -0.271936 0.349891 -0.145637
v -0.235678 0.349891 -0.155306
v -0.211506 0.349891 -0.146846
v -0.178874 0.345057 -0.116631
v -0.065265 0.355960 0.013643
v -0.065265 0.355960 0.086159
v -0.043510 0.349917 -0.002070
v -0.051970 0.355960 0.006390
v -0.043510 0.349917 0.104288
v -0.051970 0.355960 0.097036
v -0.033841 0.349917 -0.003278
v -0.035050 0.355960 0.097036
v -0.013295 0.355960 0.086159
v 0.009669 0.355960 0.086159
v -0.001209 0.355960 0.081324
v 0.030215 0.355960 0.097036
v 0.041093 0.349917 0.104288
v 0.061639 0.355960 0.086159
v 0.048344 0.355960 0.097036
v 0.189751 0.348683 0.229031
v 0.182499 0.348683 0.232656
v 0.215132 0.351100 0.134760
v 0.240513 0.351100 0.167392
v -0.268311 0.349891 -0.152889
v -0.246556 0.345057 -0.142011
v -0.232052 0.345057 -0.119048
v -0.251390 0.352309 -0.134760
v -0.228427 0.349891 -0.160140
v -0.219966 0.351100 -0.143220
v 0.050761 0.347474 0.331763
v 0.043510 0.361978 0.297921
v 0.089437 0.362004 0.296456
v 0.178874 0.347474 0.123882
v 0.182499 0.347474 0.300339
v 0.186125 0.346265 0.296713
v 0.227218 0.351100 0.150471
v -0.248973 0.348683 -0.169809
v -0.250182 0.352309 -0.142011
v -0.228427 0.346265 -0.129925
v -0.215132 0.346265 -0.109379
v -0.230844 0.353517 -0.122673
v -0.183708 0.346265 -0.114213
v -0.032633 0.352335 -0.002070
v 0.054388 0.349891 0.334179
v 0.062848 0.348683 0.325719
v 0.055596 0.363186 0.294295
v -0.230844 0.353517 -0.128716
v -0.211506 0.346265 -0.119048
v -0.197003 0.346265 -0.102127
v -0.213923 0.352309 -0.113005
v -0.212714 0.352309 -0.116631
v -0.194585 0.346265 -0.109379
v -0.195794 0.349891 -0.104545
v -0.195794 0.349891 -0.108170
v -0.216341 0.351100 -0.142011
v 0.059221 0.351100 0.331763
v 0.165579 0.361978 0.271332
v 0.170413 0.363186 0.266498
v 0.222383 0.359560 0.231448
v 0.219966 0.353517 0.196399
v -0.314237 0.365629 -0.033494
v 0.195794 0.353517 0.160140
v 0.201837 0.353517 0.156515
v 0.207880 0.353517 0.178270
v 0.204254 0.352309 0.230240
v 0.224801 0.353517 0.193981
v 0.244138 0.352309 0.164975
v -0.332367 0.348683 -0.117839
v -0.328741 0.348683 -0.119048
v -0.328741 0.348683 -0.114213
v -0.329950 0.351100 -0.122673
v -0.329950 0.349891 -0.111796
v -0.334784 0.351100 -0.113005
v -0.335992 0.352309 -0.121465
v -0.296108 0.355934 -0.102127
v -0.232052 0.351100 -0.157723
v 0.060430 0.352309 0.326928
v 0.090645 0.366838 0.295247
v 0.159536 0.353517 0.247160
v 0.154702 0.354726 0.249577
v 0.181291 0.352309 0.209693
v 0.178874 0.357143 0.235074
v 0.174039 0.352309 0.213319
v 0.194585 0.354726 0.227822
v 0.210297 0.361978 0.229031
v 0.212714 0.354726 0.175852
v 0.230844 0.352309 0.148054
v -0.328741 0.353517 -0.109379
v 0.047135 0.369229 0.299130
v 0.212714 0.352309 0.212110
v -0.337201 0.355934 -0.116631
v -0.332367 0.355934 -0.109379
v -0.328741 0.354726 -0.123882
v -0.293691 0.359560 -0.109379
v -0.218758 0.352309 -0.142011
v 0.224801 0.355934 0.215736
v -0.333575 0.358352 -0.123882
v -0.314237 0.370464 -0.035911
v -0.050761 0.358378 0.007599
v 0.053179 0.369229 0.297921
v 0.146242 0.352309 0.311216
v 0.148659 0.352309 0.307590
v 0.149867 0.352309 0.314842
v 0.130529 0.365603 0.277375
v 0.143824 0.353517 0.313633
v 0.153493 0.352309 0.310008
v 0.149867 0.353517 0.303964
v 0.134155 0.364395 0.273749
v 0.151075 0.357143 0.317259
v 0.153493 0.355934 0.305173
v 0.155910 0.358352 0.313633
v 0.171622 0.353517 0.190355
v 0.164370 0.353517 0.193981
v 0.170413 0.360769 0.214527
v 0.186125 0.358352 0.208485
v 0.203046 0.355934 0.219362
v 0.206672 0.353517 0.196399
v -0.298526 0.361978 -0.097293
v 0.145033 0.355934 0.316050
v 0.151075 0.357143 0.227822
v 0.165579 0.361978 0.244743
v 0.163162 0.354726 0.173435
v 0.155910 0.354726 0.177061
v 0.161953 0.361978 0.196399
v 0.176457 0.359560 0.189147
v 0.198212 0.357143 0.204859
v 0.199420 0.354726 0.180686
v 0.216341 0.357143 0.197607
v -0.326323 0.358352 -0.123882
v 0.152284 0.360769 0.251994
v 0.146242 0.357143 0.230240
v 0.153493 0.361978 0.178270
v 0.166788 0.360769 0.172226
v 0.192168 0.363186 0.230240
v 0.190960 0.358352 0.187939
v 0.190960 0.355934 0.164975
v 0.207880 0.358352 0.179478
v -0.334784 0.359560 -0.110587
v -0.334784 0.360769 -0.119048
v -0.277979 0.357143 -0.097293
v -0.065265 0.364421 0.048692
v -0.059221 0.364421 0.026937
v -0.059221 0.364421 0.070447
v -0.043510 0.364421 0.086159
v -0.025381 0.364421 0.081324
v -0.001209 0.364421 0.070447
v 0.021755 0.364421 0.081324
v 0.021755 0.355934 0.342640
v 0.024172 0.355934 0.340223
v 0.024172 0.355934 0.346265
v 0.012086 0.376481 0.312425
v 0.019338 0.357143 0.345057
v 0.027798 0.357143 0.342640
v 0.025381 0.358352 0.336596
v 0.016920 0.376481 0.310008
v 0.024172 0.360769 0.349891
v 0.041093 0.359586 0.092202
v 0.036258 0.355934 0.247160
v 0.039884 0.355934 0.245951
v 0.038675 0.355934 0.250786
v 0.035050 0.358352 0.251994
v 0.041093 0.358352 0.243534
v 0.033841 0.360769 0.249577
v 0.036258 0.360769 0.243534
v 0.041093 0.355934 0.249577
v 0.049553 0.359560 0.282210
v 0.044719 0.359560 0.284626
v 0.044719 0.358352 0.248369
v 0.143824 0.359560 0.316050
v 0.128112 0.371646 0.279792
v 0.155910 0.359560 0.306381
v 0.140198 0.372855 0.271332
v 0.184917 0.359560 0.172226
v 0.181291 0.357143 0.150471
v 0.198212 0.359560 0.162557
v 0.205463 0.365603 0.214527
v 0.223592 0.364395 0.219362
v -0.275562 0.360769 -0.103336
v -0.257433 0.359560 -0.091250
v -0.279188 0.363186 -0.092458
v 0.019338 0.359560 0.347474
v 0.029006 0.361978 0.337805
v 0.030215 0.361978 0.346265
v 0.036258 0.375298 0.306125
v 0.142615 0.359560 0.208485
v 0.137781 0.359560 0.210902
v 0.143824 0.363186 0.231448
v 0.157119 0.364395 0.226614
v 0.148659 0.363186 0.317259
v 0.182499 0.364395 0.233865
v 0.176457 0.360769 0.156515
v 0.187334 0.360769 0.148054
v 0.199420 0.366812 0.200024
v 0.216341 0.366812 0.202441
v -0.328741 0.361978 -0.122673
v -0.293691 0.366812 -0.111796
v -0.270728 0.358352 -0.010273
v -0.269519 0.358352 -0.013899
v -0.267102 0.359560 -0.009064
v -0.349287 0.363186 -0.025985
v -0.271936 0.359560 -0.006647
v -0.349287 0.363186 -0.021151
v -0.265893 0.361978 -0.013899
v -0.270728 0.360769 -0.017524
v -0.236887 0.358352 -0.088832
v -0.235678 0.363186 -0.093667
v -0.219966 0.358352 -0.083998
v -0.255016 0.361978 -0.097293
v -0.218758 0.363186 -0.088832
v -0.198212 0.360769 -0.076747
v 0.041093 0.363186 0.242325
v 0.044719 0.363186 0.248369
v 0.153493 0.364395 0.313633
v 0.182499 0.366812 0.210902
v 0.190960 0.366812 0.183104
v 0.207880 0.366812 0.185521
v -0.333575 0.361978 -0.114213
v -0.271936 0.363186 -0.004230
v -0.267102 0.364395 -0.005439
v -0.235678 0.360769 -0.085207
v -0.258642 0.364395 -0.086415
v 0.018129 0.363186 0.347474
v 0.009669 0.383733 0.314842
v 0.042301 0.364395 0.284626
v 0.053179 0.366812 0.282210
v 0.122069 0.363186 0.169809
v 0.135364 0.365603 0.212110
v 0.147450 0.366812 0.207276
v 0.143824 0.364395 0.313633
v 0.154702 0.363186 0.307590
v 0.172830 0.368020 0.191564
v 0.199420 0.366812 0.169809
v -0.329950 0.363186 -0.119048
v -0.274353 0.368020 -0.105753
v -0.268311 0.364395 -0.017524
v -0.199420 0.360769 -0.074330
v -0.236887 0.364395 -0.081581
v -0.199420 0.364395 -0.073121
v -0.198212 0.363186 -0.076747
v 0.022964 0.365603 0.349891
v 0.033841 0.363186 0.248369
v 0.038675 0.365603 0.243534
v 0.155910 0.368020 0.250786
v 0.163162 0.366812 0.174644
v 0.174039 0.366812 0.213319
v 0.180082 0.364395 0.158932
v 0.186125 0.364395 0.151680
v 0.186125 0.365603 0.232656
v -0.298526 0.369229 -0.100918
v -0.329950 0.364395 -0.115422
v -0.294900 0.371646 -0.108170
v -0.265893 0.366812 -0.010273
v -0.253807 0.369229 -0.099710
v 0.030215 0.365603 0.340223
v 0.021755 0.383733 0.310008
v 0.026589 0.366812 0.347474
v 0.165579 0.368020 0.193981
v 0.157119 0.366812 0.175852
v 0.161953 0.368020 0.247160
v -0.352913 0.365603 -0.021151
v -0.349287 0.365603 -0.028402
v -0.350496 0.365603 -0.017524
v -0.279188 0.370438 -0.094876
v -0.271936 0.366812 -0.004230
v -0.234469 0.369229 -0.094876
v -0.217549 0.368020 -0.088832
v -0.198212 0.364395 -0.075538
v 0.018129 0.368020 0.346265
v 0.035050 0.366812 0.248369
v 0.043510 0.366812 0.249577
v 0.125695 0.366812 0.171018
v 0.147450 0.370438 0.230240
v 0.146242 0.366812 0.312425
v 0.151075 0.366812 0.308799
v 0.152284 0.366812 0.306381
v -0.297317 0.371646 -0.104545
v -0.271936 0.366812 -0.018733
v -0.268311 0.369229 -0.015108
v -0.270728 0.369229 -0.005439
v -0.257433 0.371646 -0.088832
v -0.236887 0.370438 -0.083998
v -0.199420 0.365603 -0.074330
v -0.053179 0.370464 0.048692
v -0.054388 0.371672 0.048692
v -0.043510 0.371672 0.070447
v -0.025381 0.370464 0.070447
v -0.001209 0.366838 0.070447
v 0.044719 0.369229 0.284626
v 0.125695 0.366812 0.254411
v 0.153493 0.371646 0.227822
v -0.352913 0.369229 -0.017524
v -0.352913 0.369229 -0.025985
v -0.348078 0.368020 -0.015108
v -0.346870 0.369229 -0.029611
v -0.311821 0.382550 0.006390
v -0.218758 0.371646 -0.083998
v 0.020546 0.370438 0.346265
v 0.029006 0.369229 0.342640
v 0.045927 0.365603 0.336596
v 0.048344 0.365603 0.334179
v 0.048344 0.365603 0.340223
v 0.036258 0.380107 0.302756
v 0.042301 0.366812 0.339014
v 0.051970 0.366812 0.335388
v 0.049553 0.366812 0.329345
v 0.041093 0.380107 0.300339
v 0.049553 0.370438 0.343848
v 0.074934 0.365603 0.330554
v 0.077351 0.365603 0.326928
v 0.077351 0.365603 0.334179
v 0.062848 0.378898 0.295504
v 0.071308 0.366812 0.331763
v 0.080976 0.366812 0.329345
v 0.078559 0.366812 0.323302
v 0.067682 0.377689 0.291878
v 0.077351 0.370438 0.337805
v 0.120860 0.368020 0.258037
v 0.137781 0.371646 0.210902
v 0.177665 0.369229 0.212110
v -0.271936 0.370438 -0.016316
v -0.269519 0.370438 -0.009064
v -0.025381 0.372881 0.070447
v 0.024172 0.371646 0.345057
v 0.038675 0.368020 0.250786
v 0.043510 0.369229 0.341431
v 0.053179 0.370438 0.330554
v 0.053179 0.371646 0.339014
v 0.051970 0.369229 0.283418
v 0.072516 0.369229 0.335388
v 0.082185 0.370438 0.324511
v 0.082185 0.371646 0.332971
v 0.145033 0.372855 0.208485
v 0.117235 0.369229 0.235074
v 0.131738 0.375272 0.253203
v 0.132947 0.378898 0.278584
v 0.137781 0.378898 0.274958
v -0.349287 0.372855 -0.016316
v -0.275562 0.372855 -0.102127
v 0.112400 0.369229 0.238700
v 0.118443 0.375272 0.259246
v -0.352913 0.374064 -0.021151
v -0.349287 0.372855 -0.027193
v -0.270728 0.371646 -0.012691
v -0.255016 0.372855 -0.096084
v -0.234469 0.372855 -0.090041
v 0.026589 0.371646 0.341431
v 0.042301 0.372855 0.341431
v 0.033841 0.387358 0.305173
v 0.071308 0.372855 0.334179
v 0.061639 0.386149 0.296713
v 0.108774 0.370438 0.215736
v 0.103940 0.370438 0.219362
v 0.109983 0.376481 0.239909
v 0.123278 0.376481 0.233865
v -0.311821 0.387384 0.003974
v -0.277979 0.372855 -0.098501
v -0.256224 0.374064 -0.092458
v -0.184917 0.370438 -0.050157
v -0.216341 0.371646 -0.057409
v -0.216341 0.376481 -0.058617
v -0.184917 0.372855 -0.050157
v 0.013295 0.390984 0.316050
v 0.047135 0.375272 0.342640
v 0.053179 0.374064 0.331763
v 0.045927 0.387358 0.299130
v 0.074934 0.376481 0.336596
v 0.082185 0.374064 0.325719
v 0.072516 0.386149 0.290670
v 0.089437 0.372855 0.179478
v 0.101523 0.376481 0.220571
v 0.113609 0.377689 0.214527
v -0.335992 0.371646 -0.074330
v -0.332367 0.371646 -0.074330
v -0.333575 0.371646 -0.070703
v -0.334784 0.374064 -0.068286
v -0.331158 0.372855 -0.077955
v -0.335992 0.375272 -0.080372
v -0.338410 0.376481 -0.070703
v -0.293691 0.374064 -0.059826
v -0.348078 0.375272 -0.023568
v -0.348078 0.375272 -0.019942
v -0.235678 0.372855 -0.061035
v -0.234469 0.377689 -0.063452
v -0.043510 0.374090 0.070447
v 0.018129 0.390984 0.313633
v 0.050761 0.377689 0.339014
v 0.079768 0.377689 0.332971
v -0.290066 0.374064 -0.068286
v -0.329950 0.376481 -0.080372
v -0.255016 0.374064 -0.061035
v -0.253807 0.378898 -0.065869
v -0.215132 0.381315 -0.056200
v -0.184917 0.374064 -0.047740
v 0.042301 0.376481 0.339014
v 0.071308 0.377689 0.331763
v 0.093063 0.376481 0.180686
v -0.333575 0.377689 -0.065869
v -0.275562 0.374064 -0.056200
v -0.293691 0.381315 -0.056200
v -0.273145 0.374064 -0.064661
v -0.290066 0.380107 -0.073121
v -0.255016 0.374064 -0.052574
v -0.275562 0.381315 -0.052574
v -0.271936 0.380107 -0.068286
v -0.235678 0.374064 -0.050157
v -0.235678 0.374064 -0.057409
v -0.255016 0.380107 -0.048948
v -0.218758 0.374064 -0.046531
v -0.216341 0.374064 -0.052574
v -0.235678 0.380107 -0.046531
v -0.218758 0.378898 -0.044114
v -0.184917 0.374064 -0.046531
v -0.215132 0.382524 -0.051366
v -0.184917 0.375272 -0.045323
v -0.105149 0.383759 0.078907
v 0.051970 0.377689 0.334179
v 0.080976 0.377689 0.328136
v -0.339618 0.380107 -0.076747
v -0.333575 0.380107 -0.081581
v -0.184917 0.375272 -0.044114
v -0.216341 0.383733 -0.047740
v -0.186125 0.376481 -0.041697
v 0.044719 0.380107 0.337805
v 0.123278 0.381315 0.258037
v 0.129321 0.381315 0.255620
v -0.337201 0.381315 -0.067078
v -0.234469 0.383733 -0.061035
v -0.189751 0.377689 -0.039280
v 0.013295 0.382524 0.293087
v 0.007251 0.383733 0.295504
v 0.073725 0.380107 0.331763
v 0.105149 0.382524 0.218154
v 0.111192 0.382524 0.215736
v 0.113609 0.382524 0.237491
v 0.119652 0.382524 0.235074
v -0.331158 0.381315 -0.064661
v -0.253807 0.384941 -0.063452
v -0.194585 0.378898 -0.039280
v -0.165579 0.377689 0.268915
v -0.163162 0.377689 0.265289
v -0.163162 0.377689 0.272541
v -0.188543 0.395818 0.238700
v -0.169205 0.378898 0.270124
v -0.159536 0.378898 0.267706
v -0.161953 0.380107 0.261663
v -0.183708 0.397027 0.233865
v -0.163162 0.383733 0.276166
v 0.047135 0.381315 0.335388
v 0.050761 0.380107 0.331763
v 0.061639 0.381315 0.272541
v 0.077351 0.381315 0.329345
v 0.079768 0.380107 0.325719
v -0.271936 0.386149 -0.065869
v -0.234469 0.384941 -0.048948
v -0.213923 0.382524 -0.039280
v -0.169205 0.381315 0.272541
v -0.159536 0.382524 0.262872
v -0.158328 0.384941 0.271332
v 0.056804 0.382524 0.274958
v -0.334784 0.383733 -0.079163
v -0.337201 0.384941 -0.071912
v -0.290066 0.387358 -0.070703
v -0.253807 0.387358 -0.052574
v -0.274353 0.388567 -0.056200
v 0.036258 0.384941 0.281001
v 0.031424 0.386149 0.282210
v 0.037467 0.395818 0.305173
v 0.042301 0.395818 0.302756
v 0.065265 0.393402 0.296713
v 0.070099 0.393402 0.294295
v -0.332367 0.384941 -0.067078
v -0.331158 0.381315 -0.047740
v -0.327532 0.381315 -0.048948
v -0.328741 0.381315 -0.045323
v -0.328741 0.382524 -0.042906
v -0.327532 0.383733 -0.052574
v -0.333575 0.384941 -0.044114
v -0.332367 0.384941 -0.052574
v -0.292483 0.383733 -0.036862
v -0.292483 0.388567 -0.059826
v -0.170413 0.384941 0.272541
v -0.190960 0.403070 0.241117
v 0.055596 0.382524 0.251994
v 0.067682 0.388567 0.271332
v -0.327532 0.386149 -0.040488
v -0.299734 0.399470 0.061987
v -0.234469 0.386149 -0.056200
v -0.233261 0.384941 -0.041697
v -0.216341 0.386149 -0.036862
v -0.158328 0.387358 0.264080
v -0.178874 0.404279 0.233865
v 0.009669 0.387358 0.273749
v 0.018129 0.389775 0.293087
v 0.050761 0.383733 0.254411
v 0.050761 0.383733 0.231448
v 0.061639 0.390984 0.250786
v 0.054388 0.389775 0.276166
v -0.333575 0.386149 -0.075538
v -0.290066 0.384941 -0.045323
v -0.326323 0.387358 -0.054992
v -0.275562 0.383733 -0.034446
v -0.292483 0.390984 -0.033237
v -0.273145 0.384941 -0.042906
v -0.255016 0.384941 -0.030819
v -0.275562 0.390984 -0.030819
v -0.234469 0.383733 -0.030819
v -0.253807 0.386149 -0.038071
v -0.234469 0.386149 -0.035654
v -0.212714 0.384941 -0.024777
v -0.165579 0.388567 0.274958
v -0.165579 0.393428 0.092202
v 0.004834 0.389775 0.297921
v 0.003626 0.387358 0.276166
v 0.042301 0.383733 0.166183
v 0.054388 0.384941 0.203650
v 0.048344 0.383733 0.204859
v 0.056804 0.390984 0.202441
v 0.043510 0.387358 0.167392
v 0.045927 0.384941 0.233865
v 0.037467 0.384941 0.197607
v 0.058013 0.384941 0.230240
v 0.048344 0.390984 0.255620
v -0.332367 0.387358 -0.069495
v -0.334784 0.389775 -0.047740
v -0.331158 0.389775 -0.040488
v -0.329950 0.390984 -0.054992
v -0.290066 0.392193 -0.048948
v -0.273145 0.392193 -0.045323
v -0.235678 0.384941 -0.025985
v -0.255016 0.390984 -0.027193
v -0.253807 0.388567 -0.058617
v -0.199420 0.384941 -0.017524
v -0.235678 0.389775 -0.023568
v -0.234469 0.387358 -0.035654
v -0.253807 0.387358 -0.042906
v -0.212714 0.386149 -0.027193
v -0.199420 0.388567 -0.016316
v -0.170413 0.389775 0.271332
v -0.161953 0.390984 0.271332
v 0.032633 0.387358 0.260455
v 0.042301 0.392193 0.279792
v 0.043510 0.390984 0.235074
v 0.037467 0.388567 0.198816
v 0.060430 0.392193 0.229031
v -0.331158 0.387358 -0.073121
v -0.325115 0.389775 -0.039280
v -0.273145 0.389775 -0.062243
v -0.252598 0.392193 -0.041697
v -0.233261 0.390984 -0.038071
v -0.218758 0.388567 -0.033237
v -0.212714 0.388567 -0.028402
v 0.027798 0.388567 0.261663
v 0.029006 0.392193 0.284626
v -0.291274 0.389775 -0.065869
v -0.323906 0.390984 -0.054992
v -0.299734 0.404305 0.060778
v -0.253807 0.389775 -0.038071
v -0.273145 0.388567 -0.045323
v -0.235678 0.388567 -0.030819
v -0.160744 0.390984 0.266498
v 0.006043 0.389775 0.254411
v 0.001209 0.393402 0.277375
v 0.000000 0.390984 0.255620
v 0.014503 0.394610 0.273749
v 0.027798 0.388567 0.239909
v 0.038675 0.394610 0.259246
v 0.041093 0.388567 0.168601
v 0.054388 0.395818 0.202441
v -0.342036 0.388567 0.024777
v -0.338410 0.388567 0.024777
v -0.339618 0.388567 0.028402
v -0.340827 0.390984 0.030819
v -0.337201 0.389775 0.021151
v -0.342036 0.392193 0.019942
v -0.344453 0.392193 0.028402
v -0.306986 0.390984 0.021151
v -0.290066 0.389775 -0.047740
v -0.273145 0.390984 -0.040488
v -0.255016 0.390984 -0.033237
v -0.212714 0.389775 -0.027193
v -0.201837 0.388567 0.149263
v -0.197003 0.389775 0.146846
v -0.198212 0.388567 0.150471
v -0.197003 0.392193 0.179478
v -0.201837 0.392193 0.144428
v -0.205463 0.390984 0.149263
v -0.200629 0.394610 0.180686
v -0.235678 0.394610 -0.025985
v -0.199420 0.389775 -0.017524
v -0.167996 0.393402 0.270124
v 0.022964 0.389775 0.241117
v 0.016920 0.389775 0.202441
v 0.033841 0.394610 0.238700
v 0.024172 0.394610 0.262872
v 0.047135 0.398235 0.232656
v 0.038675 0.390984 0.197607
v 0.041093 0.389775 0.171018
v 0.065265 0.395818 0.272541
v -0.308195 0.390984 0.011482
v -0.337201 0.392193 0.018733
v -0.332367 0.393402 -0.044114
v -0.331158 0.393402 -0.051366
v -0.326323 0.393402 -0.040488
v -0.290066 0.392193 -0.042906
v -0.253807 0.397027 -0.029611
v -0.234469 0.395818 -0.034446
v -0.213923 0.390984 -0.025985
v -0.200629 0.390984 -0.018733
v -0.194585 0.394610 0.146846
v -0.193377 0.395818 0.179478
v 0.008460 0.397027 0.297921
v -0.007251 0.393402 0.212110
v 0.010878 0.397027 0.253203
v 0.020546 0.395818 0.242325
v 0.018129 0.393402 0.202441
v 0.020546 0.393402 0.202441
v 0.015712 0.398235 0.295504
v 0.038675 0.389775 0.173435
v 0.049553 0.398235 0.203650
v 0.042301 0.394610 0.202441
v 0.058013 0.397027 0.274958
v -0.339618 0.394610 0.033237
v -0.325115 0.394610 -0.053783
v -0.308195 0.398235 0.007856
v -0.306986 0.399444 0.024777
v -0.292483 0.398235 -0.035654
v -0.274353 0.398235 -0.033237
v -0.274353 0.392193 -0.035654
v -0.252598 0.397027 -0.038071
v -0.213923 0.390984 -0.024777
v -0.234469 0.397027 -0.030819
v -0.215132 0.392193 -0.022359
v -0.205463 0.394610 0.146846
v -0.205463 0.398235 0.179478
v -0.201837 0.392193 -0.021151
v -0.234469 0.397027 -0.029611
v -0.165579 0.394610 0.267706
v -0.163162 0.393402 0.264080
v -0.002417 0.395818 0.256829
v 0.053179 0.398235 0.254411
v 0.060430 0.398235 0.251994
v -0.345661 0.395818 0.023568
v -0.343244 0.397027 0.032028
v -0.339618 0.395818 0.017524
v -0.290066 0.398235 -0.045323
v -0.291274 0.393402 -0.038071
v -0.273145 0.398235 -0.041697
v -0.226009 0.394610 -0.022359
v -0.204254 0.393402 -0.022359
v -0.198212 0.397027 0.144428
v -0.194585 0.397027 0.197607
v -0.136573 0.401862 0.273749
v 0.032633 0.399444 0.284626
v 0.038675 0.400653 0.282210
v 0.056804 0.399444 0.229031
v -0.329950 0.395818 -0.047740
v -0.326323 0.395818 -0.042906
v -0.325115 0.395818 -0.051366
v -0.206672 0.394610 -0.024777
v -0.187334 0.410322 0.241117
v -0.182499 0.410322 0.237491
v -0.004834 0.397027 0.213319
v 0.004834 0.401862 0.276166
v 0.031424 0.401862 0.239909
v 0.022964 0.400653 0.241117
v 0.090645 0.393402 -0.074330
v 0.113609 0.395818 -0.042906
v 0.095480 0.393402 -0.077955
v 0.076142 0.426034 -0.083998
v 0.107566 0.436911 -0.036862
v 0.071308 0.423617 -0.079163
v 0.119652 0.395818 -0.046531
v -0.337201 0.398235 0.033237
v -0.277979 0.404305 0.115165
v -0.236887 0.397027 -0.022359
v -0.226009 0.394636 0.236026
v -0.222383 0.395844 0.239652
v -0.229635 0.395844 0.236026
v -0.217549 0.412765 0.205811
v -0.212714 0.395818 -0.027193
v -0.204254 0.398235 0.146846
v -0.199420 0.398235 0.198816
v -0.192168 0.400653 0.178270
v -0.194585 0.398235 0.149263
v 0.012086 0.401862 0.274958
v 0.027798 0.401862 0.262872
v 0.035050 0.401862 0.261663
v -0.342036 0.399444 0.019942
v -0.344453 0.400653 0.027193
v -0.326323 0.397027 -0.046531
v -0.328741 0.395818 0.064661
v -0.325115 0.395818 0.065869
v -0.326323 0.395818 0.069495
v -0.331158 0.397027 0.068286
v -0.304568 0.398235 0.050157
v -0.329950 0.398235 0.062243
v -0.302152 0.400653 0.061035
v -0.325115 0.398235 0.071912
v -0.228427 0.398261 0.242069
v -0.232052 0.399470 0.236026
v -0.219966 0.399470 0.240860
v -0.219966 0.397027 -0.028402
v -0.190960 0.399444 0.197607
v -0.190960 0.400653 0.220571
v -0.195794 0.400653 0.222987
v -0.038675 0.395818 0.341431
v -0.035050 0.395818 0.339014
v -0.035050 0.395818 0.346265
v -0.042301 0.405487 0.306381
v -0.041093 0.398235 0.342640
v -0.031424 0.395818 0.341431
v -0.033841 0.397027 0.335388
v -0.037467 0.404279 0.305173
v -0.033841 0.401862 0.348683
v -0.029006 0.399444 0.336596
v -0.029006 0.401862 0.343848
v 0.001209 0.403070 0.255620
v 0.122069 0.398235 -0.023568
v 0.128112 0.398235 -0.024777
v -0.338410 0.401862 0.032028
v -0.333575 0.400653 0.064661
v -0.329950 0.400653 0.073121
v -0.291274 0.400653 -0.041697
v -0.274353 0.400653 -0.038071
v -0.252598 0.398235 -0.024777
v -0.230844 0.398235 -0.030819
v -0.198212 0.400653 0.148054
v 0.008460 0.403070 0.254411
v -0.305777 0.405487 0.046531
v -0.329950 0.401862 0.059826
v -0.323906 0.401862 0.073121
v -0.308195 0.405487 0.010273
v -0.273145 0.399444 -0.028402
v -0.253807 0.400653 -0.035654
v -0.232052 0.403096 0.239652
v -0.224801 0.401888 0.244486
v -0.204254 0.403070 0.179478
v -0.203046 0.401862 0.198816
v -0.201837 0.400653 0.149263
v -0.039884 0.400653 0.345057
v 0.122069 0.400653 -0.004230
v 0.113609 0.438119 -0.011482
v 0.128112 0.401862 -0.003022
v -0.342036 0.403070 0.022359
v -0.306986 0.406696 0.019942
v -0.279188 0.410348 0.116374
v -0.291274 0.400653 -0.032028
v -0.233261 0.403096 0.234817
v -0.226009 0.416391 0.205811
v -0.218758 0.403096 0.239652
v -0.211506 0.418808 0.210645
v -0.210297 0.399444 0.013899
v -0.230844 0.400653 0.019942
v -0.230844 0.405487 0.019942
v -0.211506 0.400653 0.016316
v -0.190960 0.404279 0.196399
v -0.187334 0.404279 0.219362
v -0.029006 0.403070 0.336596
v -0.032633 0.411530 0.303964
v -0.339618 0.403070 0.029611
v -0.332367 0.405487 0.069495
v -0.331158 0.405487 0.061035
v -0.325115 0.405487 0.073121
v -0.300943 0.409113 0.062243
v -0.291274 0.401862 -0.040488
v -0.274353 0.401862 -0.040488
v -0.250182 0.401862 0.024777
v -0.248973 0.409113 0.024777
v -0.229635 0.407904 0.023568
v -0.211506 0.400653 0.018733
v -0.211506 0.400653 0.019942
v -0.227218 0.407904 0.027193
v -0.211506 0.400653 0.021151
v -0.211506 0.400653 0.022359
v -0.211506 0.400653 0.023568
v -0.211506 0.400653 0.024777
v -0.211506 0.400653 0.025985
v -0.212714 0.401862 0.027193
v -0.198212 0.405487 0.178270
v -0.198212 0.405487 0.224196
v -0.039884 0.404279 0.343848
v -0.044719 0.412739 0.307590
v -0.015712 0.401862 0.242325
v -0.021755 0.400653 0.243534
v -0.024172 0.406696 0.243534
v -0.013295 0.406696 0.242325
v -0.022964 0.404279 0.207276
v -0.019338 0.400653 0.265289
v -0.021755 0.409113 0.265289
v -0.012086 0.400653 0.264080
v -0.015712 0.401862 0.285835
v -0.019338 0.409113 0.287044
v -0.008460 0.407904 0.264080
v -0.008460 0.400653 0.284626
v -0.004834 0.407904 0.284626
v -0.003626 0.404279 0.305173
v 0.119652 0.404279 0.017524
v 0.113609 0.403070 0.015108
v -0.291274 0.403070 -0.042906
v -0.269519 0.403070 0.030819
v -0.268311 0.410322 0.030819
v -0.228427 0.406722 0.242069
v -0.221175 0.406722 0.242069
v -0.215132 0.403070 0.028402
v -0.203046 0.405487 0.198816
v -0.035050 0.406696 0.346265
v -0.031424 0.407904 0.343848
v -0.015712 0.401862 0.306381
v -0.339618 0.404279 0.025985
v -0.288857 0.404279 0.038071
v -0.288857 0.411530 0.038071
v -0.232052 0.406722 0.236026
v -0.219966 0.405487 0.030819
v -0.030215 0.406696 0.337805
v 0.107566 0.407904 0.038071
v 0.101523 0.406696 0.034446
v 0.103940 0.445372 0.009064
v -0.279188 0.416391 0.115165
v -0.251390 0.410348 0.165927
v -0.187334 0.409113 0.218154
v -0.195794 0.407904 0.196399
v -0.039884 0.407904 0.341431
v -0.039884 0.405487 0.283418
v -0.016920 0.411530 0.242325
v -0.329950 0.409113 0.064661
v -0.327532 0.407904 0.070703
v -0.304568 0.412739 0.048948
v -0.246556 0.405487 0.215736
v -0.241721 0.405487 0.216945
v -0.247764 0.406696 0.219362
v -0.234469 0.421199 0.184312
v -0.248973 0.406696 0.213319
v -0.242930 0.407904 0.221779
v -0.238096 0.407904 0.215736
v -0.247764 0.412739 0.028402
v -0.224801 0.406696 0.034446
v -0.197003 0.410322 0.222987
v -0.044719 0.406696 0.284626
v -0.041093 0.406696 0.262872
v -0.035050 0.412739 0.283418
v -0.251390 0.409113 0.212110
v -0.240513 0.421199 0.183104
v -0.251390 0.411530 0.219362
v -0.229635 0.409139 0.237234
v -0.227218 0.426060 0.205811
v -0.224801 0.409139 0.240860
v -0.241721 0.415156 0.035654
v -0.229635 0.410322 0.039280
v -0.213923 0.427268 0.211853
v -0.210297 0.406696 0.256829
v -0.206672 0.406696 0.256829
v -0.205463 0.406696 0.260455
v -0.200629 0.421225 0.228774
v -0.210297 0.407904 0.261663
v -0.212714 0.409113 0.254411
v -0.203046 0.410322 0.261663
v -0.076142 0.406696 0.196399
v -0.066473 0.406696 0.235074
v -0.072516 0.406696 0.236282
v -0.076142 0.412739 0.236282
v -0.076142 0.410322 0.197607
v -0.071308 0.410322 0.197607
v -0.072516 0.407904 0.258037
v -0.076142 0.415156 0.258037
v -0.066473 0.407904 0.258037
v -0.064056 0.413948 0.258037
v -0.047135 0.406696 0.206067
v -0.047135 0.407904 0.262872
v -0.037467 0.412739 0.261663
v -0.050761 0.409113 0.207276
v -0.047135 0.413948 0.285835
v -0.037467 0.410322 0.341431
v -0.033841 0.410322 0.339014
v -0.031424 0.410322 0.335388
v -0.014503 0.413948 0.264080
v 0.095480 0.411530 0.050157
v 0.090645 0.410322 0.045323
v -0.327532 0.410322 0.067078
v -0.310612 0.407904 0.088832
v -0.306986 0.407904 0.090041
v -0.308195 0.407904 0.093667
v -0.313029 0.409113 0.092458
v -0.292483 0.411530 0.071912
v -0.311821 0.409113 0.086415
v -0.288857 0.412739 0.075538
v -0.306986 0.410322 0.096084
v -0.238096 0.411530 0.219362
v -0.245347 0.413948 0.222987
v -0.235678 0.411530 0.214527
v -0.213923 0.411530 0.260455
v -0.207880 0.412739 0.265289
v -0.193377 0.411530 0.218154
v -0.181291 0.407904 0.063452
v -0.195794 0.409113 0.075538
v -0.195794 0.413948 0.074330
v -0.182499 0.409113 0.065869
v -0.073725 0.409113 0.279792
v -0.077351 0.415156 0.279792
v -0.067682 0.409113 0.281001
v -0.064056 0.415156 0.281001
v -0.049553 0.413948 0.262872
v -0.012086 0.413948 0.284626
v -0.315446 0.412739 0.088832
v -0.311821 0.413948 0.097293
v -0.296108 0.413948 0.068286
v -0.313029 0.412739 0.083998
v -0.302152 0.413948 0.057409
v -0.273145 0.409113 0.186730
v -0.269519 0.409113 0.184312
v -0.267102 0.409113 0.187939
v -0.265893 0.423617 0.155306
v -0.270728 0.410322 0.191564
v -0.275562 0.411530 0.185521
v -0.264684 0.411530 0.189147
v -0.252598 0.412739 0.213319
v -0.265893 0.415156 0.034446
v -0.226009 0.410348 0.238443
v -0.223592 0.430894 0.208228
v -0.213923 0.412739 0.253203
v -0.210297 0.412739 0.088832
v -0.210297 0.418782 0.087624
v -0.194585 0.416365 0.076747
v -0.181291 0.409113 0.068286
v -0.181291 0.409113 0.070703
v -0.192168 0.416365 0.080372
v -0.181291 0.410322 0.073121
v -0.076142 0.409113 0.340223
v -0.072516 0.409113 0.340223
v -0.071308 0.409113 0.343848
v -0.074934 0.410322 0.310008
v -0.076142 0.410322 0.346265
v -0.078559 0.411530 0.339014
v -0.078559 0.416365 0.310008
v -0.068890 0.409113 0.340223
v -0.067682 0.411530 0.340223
v -0.068890 0.413948 0.345057
v -0.067682 0.411530 0.310008
v -0.065265 0.416365 0.310008
v -0.042301 0.418782 0.261663
v -0.287648 0.416365 0.077955
v -0.305777 0.415156 0.096084
v -0.252598 0.415182 0.165927
v -0.275562 0.415156 0.190355
v -0.267102 0.415156 0.192772
v -0.285231 0.416365 0.042906
v -0.235678 0.411530 0.044114
v -0.201837 0.413948 0.261663
v -0.194585 0.426034 0.229031
v -0.181291 0.410322 0.077955
v -0.183708 0.411530 0.082790
v -0.076142 0.418782 0.235074
v -0.074934 0.411530 0.197607
v -0.079768 0.415156 0.342640
v -0.073725 0.416365 0.347474
v -0.072516 0.411530 0.197607
v -0.066473 0.417573 0.235074
v -0.039884 0.418782 0.307590
v -0.035050 0.417573 0.305173
v 0.072516 0.419990 0.068286
v 0.067682 0.418782 0.063452
v -0.281605 0.413948 0.065869
v -0.276771 0.416365 0.184312
v -0.262267 0.415156 0.187939
v -0.258642 0.426034 0.157723
v -0.251390 0.416365 0.216945
v -0.235678 0.415156 0.215736
v -0.240513 0.416365 0.220571
v -0.242930 0.413948 0.048948
v -0.229635 0.428450 0.186730
v -0.213923 0.416365 0.255620
v -0.211506 0.416365 0.262872
v -0.079768 0.415156 0.336596
v -0.073725 0.412739 0.197607
v -0.072516 0.412739 0.197607
v -0.066473 0.415156 0.339014
v -0.065265 0.421199 0.258037
v -0.314237 0.416365 0.085207
v -0.315446 0.417573 0.093667
v -0.279188 0.415156 0.069495
v -0.252598 0.416365 0.212110
v -0.245347 0.428450 0.183104
v -0.206672 0.426034 0.226614
v -0.223592 0.416365 0.103336
v -0.223592 0.423617 0.102127
v -0.204254 0.417573 0.262872
v -0.076142 0.422408 0.258037
v -0.072516 0.421199 0.235074
v -0.068890 0.421199 0.235074
v -0.038675 0.418782 0.283418
v -0.306986 0.418782 0.096084
v -0.282814 0.417573 0.048948
v -0.285231 0.416365 0.061035
v -0.297317 0.421199 0.067078
v -0.264684 0.413948 0.057409
v -0.251390 0.413948 0.047740
v -0.262267 0.415156 0.062243
v -0.270728 0.416365 0.050157
v -0.255016 0.415156 0.041697
v -0.247764 0.418782 0.219362
v -0.258642 0.422408 0.059826
v -0.209089 0.422408 0.088832
v -0.193377 0.416365 0.094876
v -0.067682 0.418782 0.341431
v -0.066473 0.422408 0.279792
v -0.042301 0.419990 0.284626
v -0.277979 0.419990 0.071912
v -0.270728 0.418782 0.191564
v -0.275562 0.418782 0.185521
v -0.263476 0.418782 0.189147
v -0.262267 0.421199 0.046531
v -0.270728 0.424825 0.047740
v -0.255016 0.421199 0.039280
v -0.251390 0.421225 0.165927
v -0.238096 0.418782 0.215736
v -0.079768 0.418782 0.337805
v -0.077351 0.418782 0.343848
v -0.077351 0.423617 0.279792
v -0.078559 0.423617 0.310008
v -0.066473 0.418782 0.337805
v -0.066473 0.423617 0.310008
v -0.314237 0.419990 0.087624
v -0.288857 0.424825 0.076747
v -0.285231 0.423617 0.058617
v -0.270728 0.429659 0.155306
v -0.250182 0.419990 0.213319
v -0.242930 0.419990 0.218154
v -0.236887 0.419990 0.117839
v -0.212714 0.418782 0.258037
v -0.206672 0.433285 0.227822
v -0.207880 0.418782 0.261663
v -0.203046 0.424825 0.094876
v -0.198212 0.418782 0.102127
v -0.071308 0.421199 0.343848
v -0.067682 0.421199 0.337805
v -0.309403 0.421199 0.093667
v -0.279188 0.422408 0.054992
v -0.197003 0.434494 0.230240
v -0.188543 0.417599 0.095828
v -0.197003 0.418808 0.118791
v -0.197003 0.423643 0.117583
v -0.187334 0.418808 0.098245
v -0.181291 0.417599 0.100662
v -0.190960 0.418808 0.122417
v -0.186125 0.418808 0.121208
v -0.190960 0.423643 0.122417
v -0.182499 0.418808 0.100662
v -0.273145 0.421199 0.187939
v -0.269519 0.435703 0.157723
v -0.267102 0.421199 0.189147
v -0.258642 0.433285 0.158932
v -0.247764 0.421199 0.214527
v -0.241721 0.421199 0.215736
v -0.233261 0.435703 0.186730
v -0.209089 0.419990 0.259246
v -0.221175 0.428450 0.103336
v -0.203046 0.421199 0.108170
v -0.205463 0.421225 0.136920
v -0.205463 0.428476 0.135712
v -0.193377 0.424851 0.141754
v -0.199420 0.420016 0.140546
v -0.193377 0.426060 0.121208
v -0.184917 0.418808 0.099453
v -0.158328 0.418782 0.306381
v -0.155910 0.418782 0.305173
v -0.152284 0.418782 0.307590
v -0.149867 0.423617 0.273749
v -0.157119 0.421199 0.311216
v -0.161953 0.421199 0.305173
v -0.149867 0.422408 0.307590
v -0.143824 0.424825 0.274958
v -0.077351 0.421199 0.339014
v -0.074934 0.421199 0.342640
v 0.058013 0.446580 0.057409
v -0.310612 0.422408 0.090041
v -0.294900 0.427242 0.070703
v -0.277979 0.426034 0.069495
v -0.244138 0.435703 0.185521
v -0.244138 0.422408 0.214527
v -0.248973 0.423617 0.133551
v -0.201837 0.435703 0.229031
v -0.206672 0.423643 0.159884
v -0.198212 0.427268 0.140546
v 0.062848 0.448997 0.062243
v -0.269519 0.422408 0.186730
v -0.276771 0.427242 0.061035
v -0.252598 0.424825 0.042906
v -0.229635 0.426034 0.168601
v -0.235678 0.426034 0.166183
v -0.213923 0.424851 0.155049
v -0.213923 0.432103 0.155049
v -0.212714 0.429659 0.125091
v -0.195794 0.423617 0.210902
v -0.163162 0.424825 0.310008
v -0.154702 0.428450 0.273749
v -0.163162 0.424825 0.302756
v -0.153493 0.426034 0.312425
v -0.074934 0.422408 0.339014
v -0.071308 0.423617 0.339014
v -0.072516 0.424825 0.258037
v -0.068890 0.423617 0.258037
v -0.292483 0.428450 0.073121
v -0.263476 0.436911 0.158932
v -0.238096 0.438119 0.186730
v -0.148659 0.426034 0.306381
v -0.073725 0.426034 0.310008
v -0.070099 0.426034 0.279792
v -0.282814 0.428450 0.062243
v -0.259851 0.424825 0.138385
v -0.233261 0.433285 0.119048
v -0.213923 0.426060 0.181638
v -0.204254 0.430894 0.159884
v -0.201837 0.430894 0.138129
v -0.203046 0.428450 0.209693
v -0.190960 0.424825 0.192772
v -0.190960 0.428450 0.212110
v -0.187334 0.423617 0.281001
v -0.183708 0.423617 0.282210
v -0.183708 0.424825 0.285835
v -0.176457 0.427242 0.251994
v -0.188543 0.426034 0.284626
v -0.188543 0.426034 0.278584
v -0.180082 0.423617 0.282210
v -0.177665 0.426034 0.283418
v -0.170413 0.428450 0.253203
v -0.143824 0.423617 0.255620
v -0.138990 0.424825 0.256829
v -0.138990 0.423617 0.235074
v -0.134155 0.424825 0.236282
v -0.148659 0.428450 0.254411
v -0.134155 0.423617 0.215736
v -0.129321 0.423617 0.216945
v -0.142615 0.428450 0.235074
v -0.119652 0.423617 0.179478
v -0.136573 0.428450 0.215736
v -0.126904 0.429659 0.216945
v -0.131738 0.430868 0.236282
v -0.120860 0.426034 0.180686
v -0.073725 0.426034 0.279792
v -0.070099 0.426034 0.310008
v -0.267102 0.428450 0.052574
v -0.253807 0.426034 0.123882
v -0.263476 0.432077 0.137177
v -0.251390 0.426034 0.048948
v -0.223592 0.426060 0.179221
v -0.215132 0.433285 0.111796
v -0.198212 0.429659 0.191564
v -0.184917 0.424825 0.173435
v -0.186125 0.429659 0.193981
v -0.190960 0.429659 0.173435
v -0.178874 0.424825 0.154097
v -0.180082 0.429659 0.174644
v -0.181291 0.429659 0.287044
v -0.183708 0.428450 0.152889
v -0.175248 0.429659 0.155306
v -0.163162 0.428450 0.305173
v -0.158328 0.429659 0.311216
v -0.141407 0.430868 0.276166
v -0.136573 0.430868 0.256829
v -0.280397 0.429659 0.065869
v -0.257433 0.433285 0.121465
v -0.264684 0.429659 0.056200
v -0.247764 0.432077 0.104545
v -0.241721 0.433285 0.166183
v -0.226009 0.433285 0.169809
v -0.224801 0.435729 0.179221
v -0.211506 0.433311 0.181638
v -0.190960 0.429659 0.279792
v -0.181291 0.430868 0.250786
v -0.189751 0.429659 0.274958
v -0.186125 0.432077 0.287044
v -0.176457 0.429659 0.281001
v -0.151075 0.429659 0.307590
v -0.135364 0.433285 0.215736
v -0.128112 0.433285 0.215736
v 0.107566 0.439328 -0.041697
v 0.065265 0.451414 -0.082790
v 0.070099 0.453832 -0.088832
v -0.212714 0.435729 0.200976
v -0.170413 0.427242 0.233865
v -0.165579 0.428450 0.235074
v -0.165579 0.427242 0.215736
v -0.160744 0.428450 0.216945
v -0.175248 0.430868 0.232656
v -0.152284 0.427242 0.179478
v -0.169205 0.430868 0.214527
v -0.158328 0.433285 0.216945
v -0.154702 0.429659 0.179478
v -0.209089 0.435729 0.157467
v -0.203046 0.435703 0.209693
v -0.192168 0.436911 0.212110
v -0.190960 0.435703 0.173435
v -0.183708 0.433285 0.154097
v -0.169205 0.434494 0.253203
v -0.164370 0.434494 0.236282
v -0.154702 0.435703 0.273749
v -0.160744 0.430868 0.306381
v -0.148659 0.435703 0.254411
v -0.142615 0.434494 0.235074
v -0.226009 0.440537 0.168601
v -0.198212 0.436911 0.191564
v -0.189751 0.433285 0.276166
v -0.188543 0.434494 0.282210
v -0.187334 0.438119 0.192772
v -0.178874 0.433285 0.283418
v -0.181291 0.436911 0.174644
v -0.176457 0.433285 0.278584
v -0.176457 0.434494 0.155306
v -0.153493 0.432077 0.307590
v -0.169205 0.436911 0.213319
v -0.159536 0.438119 0.215736
v -0.164370 0.440537 0.214527
v -0.134155 0.435703 0.236282
v -0.222383 0.439354 0.197351
v -0.181291 0.436911 0.250786
v -0.175248 0.436911 0.232656
v -0.157119 0.433285 0.305173
v -0.145033 0.438119 0.276166
v -0.138990 0.436911 0.256829
v -0.262267 0.439328 0.138385
v -0.255016 0.440537 0.122673
v -0.245347 0.438119 0.105753
v -0.182499 0.435703 0.283418
v -0.251390 0.440537 0.161349
v -0.238096 0.442954 0.163766
v -0.248973 0.436911 0.161349
v -0.226009 0.440537 0.129925
v -0.217549 0.440563 0.178013
v -0.188543 0.435703 0.277375
v -0.181291 0.436911 0.154097
v -0.177665 0.435703 0.278584
v -0.165579 0.439328 0.235074
v -0.149867 0.438119 0.274958
v -0.184917 0.436911 0.281001
v -0.171622 0.440537 0.253203
v -0.198212 0.439328 0.210902
v -0.193377 0.440537 0.192772
v -0.187334 0.439328 0.173435
v -0.186125 0.436911 0.278584
v -0.181291 0.436911 0.278584
v -0.239304 0.444163 0.145637
v -0.183708 0.438119 0.278584
v -0.177665 0.440537 0.251994
v -0.171622 0.440537 0.233865
v 0.102732 0.468335 -0.039280
v 0.174039 0.436911 -0.012691
v 0.176457 0.438119 -0.015108
v 0.174039 0.436911 -0.009064
v 0.170413 0.446580 -0.003022
v 0.170413 0.446580 -0.021151
v 0.177665 0.439328 -0.007856
v 0.174039 0.448997 -0.000604
v -0.251390 0.440537 0.129925
v 0.099105 0.473169 0.003022
v 0.107566 0.479212 -0.018733
v 0.178874 0.442954 -0.015108
v 0.174039 0.448997 -0.023568
v 0.178874 0.442954 -0.009064
v 0.177665 0.453832 -0.003022
v 0.178874 0.453832 -0.023568
v 0.103940 0.447788 0.016316
v 0.163162 0.463500 0.000604
v 0.163162 0.463500 -0.027193
v 0.169205 0.468335 0.003022
v 0.051970 0.475587 0.048948
v 0.100314 0.473169 0.011482
v 0.055596 0.478004 0.054992
v 0.169205 0.468335 -0.030819
v 0.172830 0.474378 0.000604
v 0.103940 0.467126 -0.045323
v 0.060430 0.480421 -0.085207
v 0.065265 0.482838 -0.090041
v 0.177665 0.471961 -0.028402
v 0.176457 0.475587 -0.004230
v 0.172830 0.474378 -0.032028
v 0.148659 0.481629 0.003022
v 0.148659 0.481629 -0.032028
v 0.099105 0.492507 -0.047740
v 0.097897 0.493716 -0.041697
v 0.152284 0.508219 -0.041697
v 0.152284 0.508219 -0.001813
v 0.166788 0.517888 -0.038071
v 0.151075 0.473169 -0.040488
v 0.102732 0.509427 -0.062243
v 0.155910 0.515471 -0.045323
v 0.112400 0.538434 -0.062243
v 0.160744 0.522722 -0.044114
v 0.166788 0.525139 -0.011482
v 0.159536 0.529974 -0.004230
v 0.099105 0.499758 -0.000604
v 0.099105 0.500967 0.006647
v 0.048344 0.504593 0.035654
v 0.051970 0.507010 0.040488
v 0.102732 0.511844 -0.023568
v 0.097897 0.517888 -0.009064
v 0.149867 0.481629 0.011482
v 0.094271 0.525139 0.012691
v 0.105149 0.554146 0.000604
v 0.097897 0.508219 -0.045323
v 0.067682 0.525139 -0.069495
v 0.071308 0.526348 -0.075538
v 0.043510 0.531182 -0.082790
v 0.091854 0.520305 -0.004230
v 0.065265 0.540851 0.009064
v 0.061639 0.542060 0.013899
v 0.037467 0.544477 0.019942
v 0.082185 0.554146 -0.069495
v 0.161953 0.527557 -0.039280
v 0.151075 0.534808 -0.044114
v 0.114818 0.545686 -0.061035
v 0.074934 0.567441 0.000604
v 0.161953 0.533599 -0.012691
v 0.149867 0.542060 -0.012691
v 0.026589 0.534808 -0.083998
v 0.049553 0.561397 -0.074330
v 0.012086 0.537226 -0.081581
v 0.032633 0.565023 -0.075538
v 0.116026 0.551728 -0.053783
v -0.002417 0.539643 -0.076747
v 0.018129 0.566232 -0.071912
v -0.013295 0.542060 -0.067078
v 0.007251 0.567441 -0.065869
v -0.020546 0.544477 -0.054992
v 0.001209 0.569858 -0.057409
v 0.106358 0.563815 -0.011482
v 0.106358 0.562606 -0.005439
v -0.024172 0.545686 -0.041697
v -0.002417 0.572275 -0.045323
v 0.047135 0.573483 0.000604
v 0.021755 0.546894 0.018733
v -0.024172 0.546894 -0.027193
v -0.003626 0.573483 -0.033237
v 0.084603 0.561397 -0.068286
v -0.020546 0.546894 -0.013899
v -0.001209 0.573483 -0.021151
v -0.013295 0.546894 -0.000604
v 0.002417 0.573483 -0.010273
v -0.003626 0.546894 0.009064
v 0.009669 0.573483 -0.004230
v 0.008460 0.546894 0.016316
v 0.031424 0.574692 0.000604
v 0.019338 0.574692 -0.000604
v 0.085811 0.566232 -0.061035
v 0.050761 0.568649 -0.071912
v 0.065265 0.572275 -0.064661
v 0.077351 0.574692 -0.005439
v 0.078559 0.577109 -0.011482
v 0.035050 0.572275 -0.071912
v 0.020546 0.573483 -0.068286
v 0.010878 0.573483 -0.063452
v 0.048344 0.577109 -0.064661
v 0.008460 0.577109 -0.056200
v 0.007251 0.579527 -0.045323
v 0.032633 0.579527 -0.063452
v 0.059221 0.583152 -0.013899
v 0.007251 0.580735 -0.022359
v 0.006043 0.580735 -0.033237
v 0.008460 0.578318 -0.012691
v 0.013295 0.577109 -0.007856
v 0.019338 0.579527 -0.059826
v 0.048344 0.580735 -0.005439
v 0.032633 0.581944 -0.005439
v 0.019338 0.580735 -0.006647
v 0.016920 0.584361 -0.047740
v 0.043510 0.586778 -0.015108
v 0.018129 0.584361 -0.013899
v 0.016920 0.585570 -0.034446
v 0.030215 0.585570 -0.048948
v 0.016920 0.585570 -0.023568
v 0.031424 0.586778 -0.013899
v 0.030215 0.587987 -0.035654
v 0.030215 0.587987 -0.023568
v -0.055600 -0.009016 0.011567
v 0.004830 0.001861 0.011567
v 0.004834 -0.009038 0.011784
v 0.050761 -0.009038 0.003974
v -0.027277 0.224196 -0.334179
v -0.026815 0.254411 -0.301547
v -0.035737 0.259246 -0.306381
v -0.035737 0.254411 -0.301547
v -0.026815 0.259246 -0.306381
v -0.034528 0.271332 -0.289461
v -0.077351 0.395844 0.295247
v -0.136573 0.405513 0.274701
v 0.195794 0.342640 0.247160
v -0.019338 0.388593 0.306125
v -0.077351 0.392193 0.294295
v -0.253807 0.399444 -0.034446
v -0.025381 0.400653 0.206067
v -0.015712 0.400653 0.242325
v -0.027798 0.238726 0.105497
v -0.074934 0.406696 0.196399
v -0.065265 0.411530 0.235074
v -0.236887 0.428450 0.117839
v -0.245347 0.426034 0.106962
v -0.248973 0.430868 0.135968
v -0.188543 0.413948 0.088832
v -0.001209 0.201259 0.005182
v -0.242930 0.436911 0.137177
vn -0.0354 -0.9993 -0.0106
vn 0.0451 -0.9984 0.0338
vn -0.0677 -0.9963 0.0538
vn -0.2761 -0.9589 -0.0663
vn -0.0000 -1.0000 -0.0000
vn -0.0997 -0.9870 -0.1260
vn -0.3387 -0.9329 -0.1223
vn -0.1819 -0.9776 -0.1061
vn -0.0204 -0.9909 0.1328
vn 0.1993 -0.9361 0.2899
vn 0.1577 -0.9793 0.1271
vn 0.0116 -0.9847 -0.1738
vn -0.0298 -0.9834 -0.1788
vn 0.1378 -0.9879 -0.0710
vn 0.2029 -0.9386 -0.2791
vn 0.3112 -0.9336 0.1778
vn 0.2425 -0.9701 -0.0000
vn -0.1315 -0.9867 -0.0957
vn -0.0578 -0.9979 0.0289
vn 0.0352 -0.9993 -0.0088
vn -0.2425 -0.9701 -0.0000
vn -0.3112 -0.9336 0.1778
vn -0.0116 -0.9847 -0.1738
vn -0.2030 -0.9386 -0.2791
vn 0.0371 -0.9980 0.0519
vn -0.3527 -0.9208 0.1665
vn -0.2196 -0.9218 0.3195
vn 0.0448 -0.9236 0.3807
vn 0.0157 -0.9909 0.1337
vn 0.1357 -0.9843 -0.1131
vn 0.1074 -0.9823 -0.1535
vn 0.0333 -0.9825 -0.1832
vn 0.3192 -0.9443 -0.0798
vn 0.1807 -0.9616 0.2065
vn 0.0611 -0.9957 0.0699
vn 0.2883 -0.9569 -0.0346
vn -0.2878 -0.9404 0.1812
vn -0.4583 -0.8880 -0.0382
vn -0.5075 -0.8374 -0.2030
vn -0.0599 -0.9252 0.3746
vn -0.2087 -0.9314 0.2981
vn -0.5594 -0.7516 -0.3496
vn -0.7161 -0.6365 -0.2864
vn 0.2050 -0.7927 0.5741
vn -0.3959 -0.7322 -0.5542
vn -0.1270 -0.7620 -0.6350
vn 0.4291 -0.8382 0.3366
vn 0.4291 -0.7555 0.4951
vn 0.0665 -0.7982 -0.5987
vn 0.2982 -0.7453 -0.5963
vn 0.4943 -0.7944 0.3531
vn 0.4815 -0.8576 -0.1806
vn 0.4873 -0.7551 -0.4386
vn 0.5263 -0.8501 0.0202
vn 0.5903 -0.7781 0.2147
vn -0.5854 -0.8105 -0.0225
vn -0.5055 -0.8108 -0.2949
vn -0.5903 -0.7781 0.2147
vn -0.4828 -0.8189 0.3103
vn -0.4450 -0.8009 -0.4006
vn -0.0687 -0.8008 -0.5950
vn -0.2822 -0.7759 -0.5643
vn -0.7515 -0.5672 0.3369
vn -0.4961 -0.6529 0.5724
vn 0.1374 -0.7626 -0.6321
vn -0.2606 -0.7354 0.6255
vn 0.3959 -0.7322 -0.5542
vn 0.5767 -0.7208 -0.3845
vn -0.0000 -0.8716 0.4903
vn 0.2121 -0.9111 0.3535
vn 0.8110 -0.5148 -0.2781
vn 0.4806 -0.8650 -0.1442
vn 0.4380 -0.8759 0.2021
vn 0.4062 -0.9138 -0.0000
vn -0.8108 -0.5772 -0.0973
vn -0.6556 -0.7355 0.1710
vn -0.8002 -0.4996 -0.3318
vn -0.3791 -0.7991 0.4666
vn -0.5881 -0.7204 0.3676
vn -0.0586 -0.7621 0.6448
vn -0.2023 -0.7686 0.6068
vn -0.7872 -0.2290 -0.5725
vn -0.9113 -0.0737 -0.4050
vn 0.2075 -0.6917 0.6917
vn -0.5806 -0.1597 -0.7983
vn 0.5116 -0.4745 0.7163
vn -0.2207 -0.1913 -0.9564
vn 0.0752 -0.1955 -0.9778
vn 0.7144 -0.5001 0.4895
vn 0.6448 -0.4104 0.6448
vn 0.4223 -0.2183 -0.8798
vn 0.7845 -0.2489 0.5680
vn 0.7463 -0.2016 -0.6344
vn 0.8880 -0.3012 0.3475
vn 0.9127 -0.1660 -0.3734
vn 0.9582 -0.2836 0.0383
vn -0.9761 -0.2030 -0.0781
vn -0.9221 -0.2165 0.3207
vn -0.8800 -0.2561 -0.4000
vn -0.8119 -0.2408 0.5319
vn -0.7153 -0.2719 -0.6438
vn -0.4320 -0.2587 -0.8639
vn -0.8867 -0.1806 0.4256
vn -0.8278 -0.1004 0.5519
vn -0.0723 -0.2025 -0.9766
vn 0.2381 -0.1905 -0.9524
vn -0.5271 -0.3115 0.7906
vn 0.5806 -0.1597 -0.7983
vn -0.2163 -0.4523 0.8652
vn 0.8179 -0.1413 -0.5577
vn 0.1797 -0.7306 0.6588
vn -0.0000 -0.7071 0.7071
vn 0.9317 -0.0235 -0.3624
vn 0.8547 -0.4294 -0.2918
vn 0.5345 -0.8018 0.2673
vn 0.3765 -0.8157 0.4393
vn 0.7763 -0.6273 -0.0621
vn 0.7001 -0.7001 0.1400
vn -0.9380 -0.3350 0.0893
vn -0.9456 -0.2910 -0.1455
vn -0.7714 -0.4462 0.4537
vn -0.8615 -0.3487 -0.3692
vn -0.9291 -0.1245 -0.3484
vn -0.5975 -0.4731 0.6474
vn -0.8774 -0.1136 -0.4661
vn -0.2798 -0.4663 0.8392
vn -0.0000 -0.4473 0.8944
vn -0.8189 0.0296 -0.5732
vn -0.9639 0.0364 -0.2636
vn -0.9152 0.0551 -0.3992
vn 0.2639 -0.3959 0.8796
vn -0.5631 0.0280 -0.8259
vn 0.5094 -0.3155 0.8006
vn -0.2598 0.0284 -0.9652
vn 0.6883 -0.2295 0.6882
vn 0.0797 0.0208 -0.9966
vn 0.8169 0.0080 0.5767
vn 0.8489 -0.1415 0.5093
vn 0.4166 0.0189 -0.9089
vn 0.7675 0.0219 0.6407
vn 0.7681 0.0221 0.6399
vn 0.7684 0.0222 0.6396
vn 0.8010 0.1157 0.5874
vn 0.8702 -0.0297 0.4918
vn 0.7270 0.0116 -0.6866
vn 0.9104 0.0053 -0.4138
vn 0.9229 0.0180 0.3845
vn 0.7673 0.0218 0.6409
vn 0.9999 0.0106 -0.0000
vn -0.9966 0.0199 -0.0797
vn -0.9598 0.0213 0.2799
vn -0.8943 0.0190 -0.4471
vn -0.8194 0.0142 0.5731
vn -0.8312 0.0462 0.5541
vn -0.8355 0.0206 0.5491
vn -0.7069 0.0226 -0.7070
vn -0.9125 -0.0992 0.3968
vn -0.4314 0.0259 -0.9018
vn -0.8510 -0.1586 0.5006
vn -0.0766 0.0220 -0.9968
vn -0.7071 -0.0001 0.7071
vn 0.2695 0.0242 -0.9627
vn -0.5217 -0.2360 0.8198
vn 0.5811 0.0185 -0.8136
vn -0.2410 -0.4017 0.8835
vn 0.8573 0.0201 -0.5144
vn 0.9835 0.0247 -0.1793
vn 0.9152 0.0551 -0.3992
vn 0.2408 -0.4816 0.8427
vn 0.5848 -0.4387 0.6823
vn 0.8607 -0.3894 -0.3279
vn 0.8965 -0.1401 -0.4202
vn 0.8160 -0.3840 0.4320
vn 0.9456 -0.2910 -0.1455
vn 0.9452 -0.1393 -0.2954
vn 0.9200 -0.3505 0.1752
vn -0.9958 -0.0113 0.0906
vn -0.9882 0.0190 -0.1521
vn -0.8726 -0.0606 0.4847
vn -0.9480 0.0395 -0.3159
vn -0.6479 -0.0945 0.7559
vn -0.8797 0.0966 -0.4657
vn -0.3140 -0.1177 0.9421
vn -0.0000 -0.1240 0.9923
vn -0.8320 -0.0000 -0.5548
vn 0.3297 -0.0589 0.9422
vn 0.5544 0.0347 0.8316
vn 0.6899 0.0410 0.7227
vn 0.8087 -0.0092 0.5881
vn 0.8704 0.0696 0.4874
vn 0.8944 -0.0000 0.4474
vn -0.8945 -0.0000 0.4471
vn -0.8552 0.0097 0.5183
vn -0.9142 0.0488 0.4023
vn -0.6899 0.0411 0.7228
vn -0.5357 0.0670 0.8418
vn -0.3031 -0.0216 0.9527
vn 0.2996 -0.0999 0.9488
vn 0.8320 -0.0000 -0.5548
vn 0.6236 -0.0584 0.7795
vn 0.9018 0.0813 -0.4244
vn 0.8726 -0.0606 0.4847
vn 0.9882 0.0190 -0.1520
vn 0.9657 0.0322 -0.2575
vn 0.9836 -0.0224 0.1788
vn -0.9363 0.3248 0.1338
vn -0.9683 0.2234 -0.1117
vn -0.8344 0.3295 0.4417
vn -0.9336 0.1778 -0.3112
vn -0.6580 0.2428 0.7128
vn -0.8671 0.1897 -0.4606
vn -0.2600 0.2376 0.9359
vn -0.0000 0.2746 0.9616
vn -0.9452 0.2755 -0.1753
vn 0.3238 0.1981 0.9252
vn 0.5696 0.1162 0.8137
vn 0.6689 0.1051 0.7358
vn 0.8040 0.1399 0.5779
vn 0.8411 0.2483 0.4806
vn 0.6520 0.1397 0.7452
vn 0.7496 0.0381 0.6607
vn -0.6963 0.1741 0.6963
vn -0.8471 0.0144 0.5312
vn -0.8320 0.1931 0.5200
vn -0.8711 0.2627 0.4148
vn -0.6817 0.1510 0.7159
vn -0.5331 0.1196 0.8376
vn -0.3112 0.1777 0.9336
vn 0.2600 0.2376 0.9359
vn 0.9489 0.2200 -0.2263
vn 0.6067 0.2383 0.7584
vn 0.8295 0.2718 0.4879
vn 0.9300 0.2391 -0.2790
vn 0.8728 0.3040 -0.3818
vn 0.9683 0.2234 -0.1117
vn 0.9490 0.2582 0.1808
vn -0.8868 0.4567 -0.0709
vn -0.8471 0.4765 0.2353
vn -0.8506 0.4547 -0.2640
vn -0.7433 0.5389 0.3964
vn -0.8119 0.4075 -0.4179
vn -0.5624 0.5485 0.6187
vn -0.2102 0.4992 0.8406
vn 0.0515 0.4824 0.8745
vn 0.2608 0.4999 0.8259
vn 0.5219 0.4753 0.7083
vn 0.5902 0.4796 0.6493
vn 0.7494 0.4158 0.5152
vn 0.5662 0.5398 0.6229
vn 0.7219 0.4973 0.4812
vn -0.7769 0.4007 0.4856
vn -0.7595 0.4878 0.4304
vn -0.6247 0.4685 0.6247
vn -0.6029 0.5225 0.6029
vn -0.4851 0.4851 0.7276
vn -0.2608 0.5000 0.8259
vn -0.0460 0.4833 0.8743
vn 0.2000 0.4875 0.8499
vn 0.8602 0.3669 -0.3542
vn 0.5310 0.4913 0.6904
vn 0.7421 0.5010 0.4453
vn 0.8506 0.4547 -0.2640
vn 0.8333 0.5209 0.1852
vn 0.8682 0.4950 -0.0347
vn -0.7575 0.6492 -0.0688
vn -0.7361 0.6309 0.2454
vn -0.7420 0.6400 -0.1998
vn -0.6907 0.6060 0.3946
vn -0.9949 0.0138 0.0999
vn -0.7318 0.5750 -0.3659
vn -0.6088 0.7407 -0.2841
vn -0.4141 0.7421 0.5271
vn -0.1924 0.7142 0.6730
vn -0.0000 0.7071 0.7071
vn -0.9941 0.0298 -0.1046
vn 0.2575 0.6673 0.6989
vn 0.4819 0.6196 0.6196
vn 0.4356 0.7168 0.5445
vn 0.5506 0.7202 0.4221
vn 0.7069 0.0217 0.7069
vn 0.4134 0.0229 0.9103
vn -0.7496 0.0271 0.6614
vn -0.4571 0.0289 0.8890
vn -0.5767 0.7208 0.3845
vn -0.4616 0.5935 0.6594
vn -0.4356 0.7168 0.5445
vn -0.2484 0.6591 0.7098
vn 0.1682 0.7206 0.6726
vn 0.9875 0.0216 -0.1559
vn 0.9949 0.0138 0.0999
vn 0.7995 0.5139 -0.3109
vn 0.3705 0.7794 0.5052
vn 0.6109 0.7106 0.3491
vn 0.7757 0.6052 -0.1790
vn 0.6480 0.7236 -0.2376
vn 0.6883 0.6882 0.2294
vn 0.7593 0.6507 -0.0000
vn -0.5089 0.8605 0.0231
vn -0.4644 0.8757 0.1327
vn -0.4721 0.8585 -0.2003
vn -0.5752 0.8053 -0.1438
vn -0.2386 0.8892 0.3904
vn 0.1846 0.8677 0.4615
vn -0.0544 0.8703 0.4895
vn -0.9589 0.0184 0.2830
vn 0.1748 0.8961 0.4080
vn 0.3630 0.8797 0.3072
vn 0.1254 0.0022 0.9921
vn -0.1268 0.0044 0.9919
vn -0.3906 0.8752 0.2855
vn -0.1793 0.8514 0.4929
vn -0.1942 0.8861 0.4208
vn 0.0938 0.8971 0.4317
vn 0.9450 0.0157 0.3267
vn 0.4700 0.8594 0.2014
vn 0.3184 0.8550 0.4093
vn 0.5044 0.8438 -0.1834
vn 0.6366 0.7639 -0.1061
vn 0.5362 0.8384 0.0975
vn -0.3707 0.9267 0.0618
vn -0.3032 0.9441 -0.1292
vn -0.1012 0.9640 0.2458
vn -0.8335 0.0212 0.5521
vn 0.1950 0.9629 0.1865
vn -0.0000 -0.0000 1.0000
vn -0.2369 0.9537 0.1854
vn 0.0715 0.9642 0.2555
vn 0.2808 0.9558 -0.0874
vn 0.8527 -0.0072 0.5223
vn 0.2860 0.9535 0.0953
vn -0.1102 0.9938 -0.0142
vn -0.5469 0.0315 0.8366
vn -0.3406 0.0139 0.9401
vn 0.1744 0.0195 0.9845
vn 0.0858 0.9962 0.0138
vn 0.5712 0.0029 0.8208
vn -0.0000 1.0000 -0.0000
vn -0.7953 -0.3738 0.4772
vn -0.1464 -0.6658 -0.7316
vn -0.6837 0.5698 0.4559
vn 0.2084 -0.5108 -0.8341
vn -0.8506 0.4061 -0.3342
vn 0.4922 -0.5316 0.6892
vn -0.8523 0.4195 0.3125
vn 0.7890 -0.5819 0.1973
vn 0.8002 -0.5819 0.1454
vn -0.0000 -0.5735 0.8192
vn 0.6844 -0.6291 -0.3686
vn 0.7866 -0.6007 -0.1429
vn -0.0000 -0.6690 -0.7433
vn 0.6901 -0.5935 0.4141
vn 0.4769 -0.5553 -0.6814
vn -0.6667 0.3333 -0.6667
vn -0.4528 -0.5774 0.6794
vn -0.4123 -0.5980 -0.6874
vn -0.6590 0.3625 0.6590
vn 0.5471 -0.4104 -0.7296
vn -0.5562 0.4155 -0.7197
vn 0.6504 -0.4496 0.6122
vn -0.5717 0.4299 0.6988
vn 0.4757 -0.6255 0.6184
vn 0.3427 -0.6854 -0.6425
vn 0.4419 -0.6600 -0.6075
vn -0.5359 -0.5985 -0.5955
vn 0.6557 -0.4514 -0.6053
vn 0.2278 -0.6323 0.7405
vn -0.0000 0.3714 -0.9285
vn -0.8944 -0.4472 -0.0000
vn -0.6652 -0.4247 0.6141
vn -0.0000 -0.6247 0.7809
vn -0.0000 0.2874 0.9578
vn -0.7098 -0.3549 -0.6084
vn -0.0000 -0.5735 -0.8192
vn 0.8762 -0.4819 -0.0000
vn -0.0782 0.3386 -0.9377
vn -0.0648 -0.6254 0.7776
vn -0.0680 -0.5744 -0.8157
vn -0.0000 0.3162 0.9487
vn -0.8718 -0.4835 -0.0792
vn -0.2901 -0.6767 0.6767
vn -0.8684 -0.4895 0.0789
vn -0.3483 -0.6271 -0.6968
vn 0.4822 0.4942 -0.7234
vn 0.4907 0.4662 0.7361
vn 0.6948 -0.4747 0.5403
vn 0.6798 -0.4738 -0.5598
vn 0.3026 0.3896 -0.8699
vn 0.3704 0.3704 0.8518
vn 0.0184 -0.9915 0.1285
vn 0.7550 0.3302 -0.5665
vn -0.6201 -0.6077 -0.4961
vn -0.5482 -0.6126 0.5695
vn -0.5810 -0.6123 -0.5363
vn -0.5268 -0.6092 0.5927
vn 0.0439 -0.9872 -0.1535
vn 0.6737 0.3031 0.6739
vn -0.6389 -0.5750 0.5111
vn -0.3759 -0.6221 -0.6868
vn -0.5519 -0.5770 0.6021
vn -0.5661 -0.6481 -0.5094
vn 0.4614 -0.5323 0.7098
vn 0.7805 0.3612 -0.5103
vn 0.4756 -0.5045 -0.7207
vn 0.7361 0.3669 0.5688
vn -0.7433 -0.6690 -0.0000
vn 0.7717 -0.6342 0.0482
vn -0.3232 -0.4928 -0.8079
vn 0.9578 0.2873 -0.0000
vn -0.6810 0.4308 -0.5921
vn 0.4426 -0.4688 0.7644
vn -0.4951 -0.5469 0.6751
vn -0.0215 -0.9914 0.1292
vn 0.6201 -0.6077 -0.4961
vn -0.8096 0.4251 -0.4048
vn -0.5451 -0.5030 0.6707
vn -0.7950 0.3588 -0.4892
vn -0.0519 -0.9864 -0.1557
vn -0.7605 0.4057 0.5070
vn -0.5600 -0.4751 -0.6787
vn -0.7529 0.3651 0.5476
vn 0.7204 -0.5628 0.4052
vn 0.5774 -0.5773 0.5773
vn 0.5438 -0.5744 0.6119
vn 0.6304 -0.6062 -0.4849
vn 0.6281 -0.5321 -0.5678
vn -0.7319 -0.4757 0.4879
vn -0.4879 0.4757 -0.7319
vn -0.3146 0.3906 -0.8651
vn -0.8411 -0.4626 -0.2803
vn 0.8524 -0.4627 0.2435
vn -0.4962 0.4467 0.7445
vn -0.3842 0.3714 0.8452
vn 0.2958 -0.6605 0.6901
vn 0.2690 -0.5249 -0.8075
vn 0.4360 -0.5306 -0.7269
vn -0.8031 -0.4709 -0.3650
vn 0.8929 -0.4485 -0.0406
vn 0.8159 -0.4604 0.3497
vn 0.0655 -0.5206 -0.8513
vn 0.9119 -0.4104 -0.0000
vn 0.0852 0.3380 -0.9373
vn -0.1893 -0.6249 0.7574
vn 0.0648 -0.6254 0.7776
vn -0.8941 -0.4443 -0.0559
vn -0.8639 -0.4319 -0.2591
vn -0.1842 -0.6061 -0.7738
vn 0.9126 -0.3945 -0.1074
vn 0.9078 -0.4085 0.0955
vn -0.4828 -0.6567 0.5794
vn -0.8221 -0.5610 0.0967
vn -0.4623 -0.4392 -0.7703
vn -0.7934 -0.5914 -0.1442
vn -0.4623 -0.4392 0.7703
vn 0.4198 -0.5605 0.7138
vn 0.7988 0.2797 0.5327
vn 0.4174 -0.5845 -0.6958
vn 0.4869 -0.5843 -0.6492
vn -0.4541 -0.6868 -0.5676
vn 0.8045 0.2549 -0.5365
vn 0.5121 0.4639 -0.7229
vn 0.5265 0.4797 0.7020
vn -0.7530 -0.6306 0.1881
vn -0.2095 -0.5031 -0.8385
vn -0.4256 -0.5351 -0.7297
vn -0.6891 -0.6375 0.3446
vn -0.6781 -0.6650 -0.3130
vn -0.4557 -0.5104 0.7292
vn 0.7954 0.4573 -0.3977
vn 0.1610 -0.5714 0.8047
vn -0.7631 -0.6312 0.1387
vn 0.6837 0.5698 0.4559
vn 0.1464 -0.6658 -0.7316
vn -0.7498 -0.6475 -0.1363
vn 0.8629 0.4006 -0.3082
vn 0.8641 0.4128 0.2880
vn 0.3135 -0.5362 0.7837
vn -0.6939 -0.6474 0.3154
vn 0.5115 -0.5018 -0.6976
vn -0.6824 -0.6734 -0.2843
vn 0.7017 -0.6009 0.3827
vn -0.4090 -0.5201 0.7498
vn 0.8412 -0.4981 -0.2103
vn -0.6592 -0.4542 -0.5993
vn -0.8591 0.4009 0.3181
vn -0.8478 0.3957 -0.3532
vn -0.7581 0.5307 -0.3791
vn -0.7499 0.4333 -0.4999
vn -0.7427 0.5571 0.3714
vn -0.7677 0.4330 0.4724
vn -0.4794 0.5033 -0.7190
vn -0.3597 0.4077 -0.8393
vn -0.5433 0.4657 0.6985
vn -0.0000 0.3714 0.9285
vn -0.6509 0.3906 0.6509
vn 0.1252 0.3757 -0.9183
vn 0.1658 0.3757 0.9118
vn 0.4554 0.4655 -0.7589
vn 0.7379 0.4092 -0.5367
vn 0.4999 0.4333 0.7499
vn 0.6798 0.4155 0.6043
vn 0.9070 0.3931 -0.1512
vn 0.8575 0.5145 -0.0000
vn -0.0000 0.5145 0.8575
vn -0.7892 0.5633 -0.2449
vn 0.9079 0.3852 0.1651
vn -1.0000 -0.0000 -0.0000
vn -0.8018 0.2672 -0.5345
vn -0.7864 0.2335 0.5719
vn -0.7148 0.4679 -0.5198
vn -0.4843 0.4449 -0.7533
vn -0.6600 0.4693 0.5867
vn -0.5302 0.4100 0.7422
vn -0.3903 0.3643 -0.8456
vn 0.0426 0.2851 -0.9575
vn -0.1818 0.3756 0.9088
vn 0.3597 0.4076 -0.8393
vn 0.4907 0.4662 -0.7361
vn 0.3074 0.4058 0.8607
vn 0.5567 0.4215 0.7158
vn 0.6931 0.4313 -0.5776
vn 0.8944 0.3578 -0.2683
vn 0.7147 0.4325 0.5497
vn 0.8856 0.3809 0.2657
vn 0.8591 0.4009 0.3181
vn 0.8478 0.3957 -0.3532
vn -0.9732 -0.0973 -0.2085
vn -0.3881 -0.0000 0.9216
vn -0.9656 -0.0966 0.2413
vn -0.4281 -0.0000 -0.9037
vn 0.2169 0.0217 -0.9760
vn 0.2169 0.0217 0.9760
vn -0.7809 -0.0000 -0.6246
vn -0.5547 -0.0000 0.8321
vn -0.7808 -0.0000 0.6247
vn -0.5215 -0.0000 -0.8533
vn 0.4315 -0.0000 -0.9021
vn 0.3644 -0.0000 0.9312
vn -0.9923 -0.0000 -0.1240
vn -0.9939 -0.0000 0.1104
vn -0.8321 -0.0000 -0.5547
vn -0.8683 -0.0000 0.4961
vn -0.8320 -0.0000 -0.5547
vn -0.8320 -0.0000 0.5547
vn -0.4472 -0.0000 -0.8944
vn -0.4472 -0.0000 0.8944
vn -0.5145 -0.0000 -0.8575
vn -0.9823 -0.0000 0.1871
vn -0.3714 -0.0000 0.9285
vn -0.9785 -0.0000 -0.2060
vn 0.9487 -0.0000 -0.3162
vn 0.9383 -0.0000 0.3457
vn 0.0830 -0.0000 -0.9965
vn 0.1644 -0.0000 0.9864
vn -0.1292 -0.9907 -0.0431
vn 0.9487 -0.0000 0.3163
vn -0.9029 -0.0000 -0.4299
vn -0.4407 -0.8968 -0.0390
vn 0.5813 -0.0000 -0.8137
vn -0.1292 -0.9907 0.0431
vn 0.9487 -0.0000 -0.3163
vn -0.9029 -0.0000 0.4299
vn -0.4407 -0.8968 0.0390
vn 0.6507 -0.0000 0.7593
vn 0.2747 -0.0000 -0.9615
vn 0.2747 -0.0000 0.9615
vn -0.8396 -0.0000 -0.5432
vn 0.4472 -0.0000 -0.8944
vn -0.8533 -0.0000 0.5214
vn 0.4472 -0.0000 0.8944
vn 0.9567 -0.0000 0.2912
vn 0.9762 -0.0000 -0.2169
vn 0.9529 -0.0000 -0.3032
vn 0.9615 -0.0000 0.2747
vn 1.0000 -0.0000 -0.0000
vn 0.7809 -0.0000 -0.6247
vn 0.7808 -0.0000 0.6248
vn -0.7809 -0.0000 -0.6247
vn -0.8866 -0.0000 0.4626
vn -0.7808 -0.0000 0.6248
vn -0.8779 -0.0000 -0.4789
vn 0.7282 -0.0000 -0.6854
vn -0.7072 -0.0000 -0.7070
vn -0.8001 -0.0000 0.5999
vn 0.7474 -0.0000 0.6644
vn -0.8741 -0.0000 -0.4857
vn -0.8137 -0.0000 0.5813
vn -0.5547 -0.0000 -0.8320
vn -0.5548 -0.0000 0.8320
vn 0.1133 -0.9926 -0.0432
vn -0.9345 -0.0000 0.3560
vn -0.2425 -0.0000 -0.9701
vn 0.1133 -0.9926 0.0432
vn -0.9345 -0.0000 -0.3560
vn -0.2425 -0.0000 0.9701
vn 0.9191 -0.0000 -0.3939
vn 0.4788 -0.8771 -0.0381
vn -0.5301 -0.0000 -0.8480
vn 0.9191 -0.0000 0.3939
vn 0.4788 -0.8771 0.0381
vn -0.6000 -0.0000 0.8000
vn -0.9728 -0.0000 -0.2316
vn -0.9671 -0.0000 0.2545
vn -0.1789 -0.0000 0.9839
vn 0.3939 -0.0000 -0.9191
vn 0.9728 -0.0000 0.2316
vn 0.9671 -0.0000 -0.2545
vn -0.4315 -0.0000 -0.9021
vn -0.3644 -0.0000 0.9312
vn 0.3939 -0.0000 0.9191
vn 0.5547 -0.0000 0.8321
vn 0.7682 -0.0000 -0.6402
vn 0.5215 -0.0000 -0.8533
vn 0.7682 -0.0000 0.6402
vn 0.8137 -0.0000 0.5812
vn 0.3881 -0.0000 0.9216
vn 0.9923 -0.0000 -0.1240
vn 0.4281 -0.0000 -0.9037
vn 0.9939 -0.0000 0.1104
vn 0.9615 -0.0000 -0.2747
vn 0.9487 -0.0000 0.3162
vn -0.8917 0.0092 0.4526
vn -0.8933 0.0091 0.4494
vn -0.8944 0.0091 0.4472
vn -0.9805 0.0085 -0.1961
vn -0.9949 0.0097 0.1006
vn -0.9151 0.0083 -0.4030
vn 0.3739 -0.2755 0.8856
vn -0.9589 0.0097 0.2837
vn -0.8406 0.0076 -0.5416
vn -0.7071 0.0058 -0.7071
vn -0.7557 0.0093 0.6549
vn -0.8906 0.0092 0.4548
vn -0.5048 0.0060 -0.8632
vn -0.6389 0.0069 -0.7693
vn -0.5214 0.0085 0.8533
vn -0.2085 0.0028 -0.9780
vn -0.2316 0.0057 0.9728
vn 0.0995 -0.0039 -0.9950
vn 0.1962 -0.0104 0.9805
vn -0.1702 0.0043 0.9854
vn 0.0544 -0.0029 0.9985
vn 0.4837 -0.0151 -0.8751
vn -0.0000 -0.1962 -0.9806
vn 0.2341 -0.0073 -0.9722
vn -0.0504 -0.0049 -0.9987
vn 0.0088 -0.0039 -1.0000
vn 0.4837 -0.0151 0.8751
vn -0.0000 -0.3715 0.9284
vn 0.4338 -0.0135 0.9009
vn 0.7069 -0.0222 -0.7069
vn 0.7069 -0.0222 0.7069
vn 0.8941 -0.0280 -0.4470
vn 0.8941 -0.0280 0.4470
vn 0.9885 -0.0291 -0.1483
vn 0.9860 -0.0290 0.1643
vn -0.9947 -0.0273 -0.0995
vn -0.9935 -0.0273 0.1104
vn -0.8942 -0.0245 -0.4470
vn -0.8942 -0.0245 0.4470
vn -0.7524 -0.0207 -0.6584
vn -0.7524 -0.0207 0.6584
vn -0.4640 -0.0136 -0.8857
vn -0.4640 -0.0136 0.8857
vn -0.0906 -0.0052 -0.9959
vn -0.2340 -0.0073 -0.9722
vn -0.1789 -0.0102 0.9838
vn -0.4338 -0.0134 0.9009
vn 0.2736 0.0024 -0.9618
vn -0.0417 -0.0024 -0.9991
vn 0.2426 0.0064 0.9701
vn 0.1678 0.0050 0.9858
vn -0.0928 -0.0053 0.9957
vn 0.4903 0.0056 -0.8715
vn 0.5214 0.0095 0.8533
vn 0.8143 0.0072 -0.5804
vn 0.7071 0.0042 -0.7071
vn -0.6399 -0.2889 -0.7121
vn -0.6425 -0.2815 -0.7127
vn -0.6401 -0.2886 -0.7120
vn 0.3836 0.0044 -0.9235
vn 0.7310 0.0100 0.6823
vn 0.9154 0.0102 -0.4024
vn 0.9027 0.0084 -0.4302
vn 0.8838 0.0088 0.4679
vn 0.9950 0.0097 -0.0995
vn 0.9988 0.0102 0.0482
vn -0.9983 -0.0526 0.0263
vn 0.9917 0.0101 0.1284
vn -0.0000 -0.0000 -1.0000
vn -0.1240 -0.9923 -0.0000
vn -0.1798 -0.8272 -0.5324
vn 0.3017 -0.2446 0.9215
vn 0.0741 -0.7413 0.6671
vn -0.0618 -0.9405 0.3343
vn -0.1074 -0.9939 -0.0268
vn 0.0694 -0.7391 -0.6700
vn 0.3162 -0.0000 -0.9487
vn -0.1517 -0.8684 0.4721
vn 0.1114 -0.9934 -0.0278
vn -0.0717 -0.7401 -0.6687
vn -0.3285 -0.0000 -0.9445
vn 0.1576 -0.8669 0.4729
vn 0.1191 -0.9929 -0.0000
vn 0.1727 -0.8289 -0.5320
vn -0.2902 -0.2430 0.9256
vn 0.0156 -0.8911 0.4535
vn -0.1123 -0.2145 -0.9702
vn 0.4239 0.4002 -0.8125
vn 0.2649 -0.2649 -0.9272
vn -0.0394 0.0131 0.9991
vn -0.1762 -0.2936 0.9395
vn -0.1121 -0.3525 0.9291
vn 0.5773 -0.5773 -0.5774
vn 0.0445 -0.9562 0.2892
vn -0.3790 -0.7699 -0.5134
vn -0.3560 -0.0000 -0.9345
vn -0.1206 -0.9919 0.0402
vn 0.4155 -0.6333 0.6529
vn -0.0445 -0.9562 0.2892
vn 0.3790 -0.7699 -0.5134
vn 0.3560 -0.0000 -0.9345
vn 0.1206 -0.9919 0.0402
vn -0.4796 -0.5483 0.6852
vn -0.3067 -0.1533 -0.9394
vn 0.0410 0.0137 0.9991
vn 0.1762 -0.2936 0.9396
vn 0.1162 -0.3487 0.9300
vn 0.1078 -0.2157 -0.9705
vn 0.3020 0.8628 -0.4054
vn 0.0656 0.3932 -0.9171
vn 0.4364 0.2180 0.8729
vn 0.4729 0.7882 0.3939
vn 0.4275 0.8770 -0.2191
vn 0.3263 0.8947 0.3052
vn 0.0633 0.3952 0.9164
vn 0.7071 -0.0000 -0.7071
vn -0.3620 -0.0518 -0.9307
vn 0.6495 -0.1873 0.7369
vn 0.3620 -0.0518 -0.9307
vn -0.7276 0.4851 0.4850
vn -0.6356 -0.2747 0.7214
vn -0.4275 0.8770 -0.2191
vn -0.4298 0.5218 -0.7368
vn -0.0725 0.4169 0.9060
vn -0.3560 0.9345 -0.0000
vn -0.3111 0.8657 0.3921
vn -0.2892 0.8675 -0.4047
vn -0.0633 0.3951 -0.9164
vn -0.4417 0.8265 0.3490
vn -0.4213 0.2283 0.8777
vn -0.4892 -0.7852 -0.3797
vn -0.3438 -0.5348 -0.7719
vn -0.4516 -0.8766 0.1661
vn -0.4701 -0.8748 -0.1175
vn -0.4829 -0.7896 0.3785
vn -0.2281 -0.7602 -0.6083
vn 0.3881 0.9216 -0.0000
vn 0.4518 0.8324 0.3209
vn 0.4995 0.8657 -0.0333
vn 0.2368 0.8634 -0.4456
vn -0.2279 0.3419 -0.9117
vn 0.7155 0.4472 0.5367
vn -0.2878 0.8853 -0.3652
vn 0.2603 0.2603 -0.9298
vn -0.5524 0.8284 0.0922
vn -0.3714 0.9285 -0.0000
vn 0.4923 -0.8683 -0.0615
vn 0.2281 -0.7602 -0.6083
vn 0.4620 -0.7781 -0.4255
vn 0.3438 -0.5351 -0.7717
vn 0.4445 -0.8889 0.1112
vn 0.5023 -0.8010 0.3258
vn -0.3218 -0.8276 0.4599
vn -0.5255 -0.8277 0.1971
vn -0.6173 -0.6734 -0.4069
vn -0.2696 -0.7704 0.5778
vn 0.5372 -0.8327 0.1343
vn 0.2595 -0.7787 0.5711
vn 0.6064 -0.7166 -0.3446
vn 0.1035 -0.6119 0.7841
vn 0.3718 -0.8396 0.3959
vn 0.0524 -0.0526 -0.9972
vn -0.0000 -0.5145 0.8575
vn 0.4216 -0.0468 -0.9056
vn 0.2019 -0.3365 -0.9198
vn 0.0879 -0.5643 0.8209
vn -0.0852 -0.5608 0.8235
vn -0.2532 -0.2954 -0.9212
vn -0.1521 -0.3377 0.9289
vn -0.0524 -0.0526 -0.9972
vn -0.1362 -0.3016 0.9437
vn -0.3693 -0.2686 -0.8896
vn 0.3529 -0.2887 -0.8900
vn 0.1362 -0.3016 0.9437
vn 0.5365 -0.1878 0.8227
vn -0.5234 -0.1570 0.8375
vn 0.4826 0.4489 -0.7520
vn 0.5439 0.1464 0.8263
vn 0.1658 -0.3318 0.9287
vn 0.3669 0.3874 0.8458
vn 0.0356 -0.0712 0.9968
vn 0.7209 0.5382 -0.4366
vn -0.7587 0.4916 -0.4274
vn -0.5494 0.1373 -0.8242
vn -0.4082 0.4083 0.8165
vn -0.0356 -0.0712 0.9968
vn -0.5221 0.1807 0.8335
vn -0.4827 0.4490 -0.7519
vn 0.2377 0.3510 -0.9057
vn -0.0332 0.0830 -0.9960
vn 0.8477 0.3066 0.4329
vn -0.8451 0.3956 0.3595
vn 0.0424 0.0742 -0.9963
vn 0.6811 0.5959 -0.4255
vn 0.7986 0.4736 0.3714
vn 0.6296 0.7060 0.3244
vn 0.7297 0.6487 -0.2161
vn -0.7733 0.6015 -0.2004
vn -0.6667 0.6667 0.3333
vn -0.6810 0.5959 -0.4257
vn -0.7613 0.5312 0.3718
vn 0.7725 0.6110 -0.1729
vn 0.6120 0.5320 -0.5852
vn 0.7961 0.5970 -0.0995
vn -0.7960 0.5970 -0.0994
vn -0.5060 0.5280 -0.6820
vn -0.7648 0.6393 -0.0799
vn -0.8140 -0.5804 -0.0212
vn -0.6612 -0.4524 -0.5985
vn -0.7290 -0.5240 0.4405
vn -0.7863 -0.6116 -0.0873
vn -0.7574 -0.5224 0.3917
vn -0.4850 -0.4851 -0.7276
vn 0.8122 -0.5831 -0.0208
vn 0.5209 -0.4798 -0.7060
vn 0.7915 -0.5117 0.3343
vn 0.8299 -0.5556 0.0505
vn 0.6097 -0.4172 -0.6739
vn 0.7290 -0.5240 0.4404
vn -0.3467 -0.3852 0.8552
vn -0.3624 -0.2758 0.8903
vn 0.0707 -0.1697 -0.9830
vn -0.0707 -0.1697 -0.9830
vn 0.3952 -0.2750 0.8765
vn 0.3683 -0.4092 0.8348
vn -0.3476 -0.2374 -0.9071
vn -0.8390 -0.4506 0.3051
vn -0.8649 -0.3622 -0.3475
vn -0.5202 -0.4162 0.7457
vn 0.8163 -0.5329 0.2227
vn 0.4726 -0.4253 0.7719
vn 0.8359 -0.4286 -0.3430
vn 0.3655 -0.2675 -0.8916
vn 0.1545 -0.1903 0.9695
vn 0.1544 -0.1903 0.9695
vn 0.0308 -0.1025 0.9943
vn -0.5278 -0.1785 -0.8304
vn -0.0904 -0.3014 0.9492
vn 0.0904 -0.3014 0.9492
vn 0.5278 -0.1785 -0.8304
vn -0.0308 -0.1025 0.9943
vn -0.1540 -0.1903 0.9696
vn 0.2367 -0.0473 -0.9704
vn 0.5620 0.0527 -0.8255
vn -0.5620 0.0526 -0.8255
vn -0.2122 -0.0424 -0.9763
vn 0.5613 -0.0295 0.8271
vn 0.6290 0.1165 0.7686
vn 0.4743 -0.1294 0.8708
vn -0.5069 -0.0922 0.8571
vn -0.6289 0.1164 0.7687
vn -0.5613 -0.0295 0.8271
vn 0.7779 0.1144 -0.6178
vn 0.9447 0.1592 -0.2866
vn -0.9448 0.1592 -0.2865
vn -0.7779 0.1144 -0.6178
vn 0.9028 0.0967 0.4191
vn 0.9671 0.1527 -0.2036
vn 0.9172 0.1223 0.3792
vn 0.5363 0.1006 -0.8380
vn 0.9108 -0.0192 0.4123
vn 0.9093 -0.0212 0.4155
vn 0.9107 -0.0197 0.4125
vn -0.9041 0.0857 0.4187
vn -0.5363 0.1005 -0.8380
vn -0.9173 0.1222 0.3791
vn -0.9894 0.1431 -0.0260
vn -0.9028 0.0967 0.4191
vn 0.9779 0.0734 -0.1955
vn -0.9827 0.1310 -0.1310
vn -0.7074 -0.7068 -0.0000
vn 0.7979 -0.5910 -0.1182
vn 0.6630 -0.1864 -0.7251
vn 0.5301 -0.0000 -0.8480
vn -0.3189 -0.6375 0.7013
vn 0.3494 -0.7766 0.5242
vn 0.7072 -0.0000 -0.7071
vn 0.7074 -0.7068 -0.0000
vn -0.7979 -0.5910 -0.1182
vn -0.6630 -0.1864 -0.7251
vn 0.3189 -0.6375 0.7013
vn -0.3494 -0.7766 0.5242
vn -0.9483 -0.3137 -0.0488
vn -0.7321 -0.2737 -0.6238
vn -0.9524 -0.2780 -0.1251
vn -0.5023 -0.1997 -0.8413
vn -0.8756 0.3327 -0.3502
vn -0.2297 0.3216 -0.9186
vn -0.8985 -0.1563 0.4102
vn 0.2298 0.3216 -0.9186
vn 0.8755 0.3328 -0.3503
vn 0.8987 -0.1560 0.4099
vn 0.5625 -0.2101 -0.7997
vn 0.9287 -0.3187 -0.1898
vn 0.6716 -0.2570 -0.6949
vn 0.9337 -0.3570 0.0275
vn -0.8073 -0.3169 0.4979
vn -0.8713 -0.2815 0.4021
vn -0.3537 -0.1895 -0.9159
vn -0.3980 -0.1990 0.8956
vn 0.0144 -0.1080 -0.9940
vn -0.0144 -0.1080 -0.9940
vn 0.3772 -0.1752 -0.9094
vn 0.8356 -0.3150 0.4500
vn 0.4533 -0.2105 0.8662
vn 0.8252 -0.3548 0.4396
vn -0.3832 -0.2416 0.8915
vn 0.2490 -0.0277 -0.9681
vn 0.0166 -0.1076 0.9941
vn -0.2342 -0.0434 -0.9712
vn -0.0166 -0.1076 0.9941
vn 0.3832 -0.2416 0.8915
vn 0.0984 -0.1476 0.9841
vn 0.5583 -0.0338 -0.8290
vn -0.9052 -0.2437 -0.3482
vn -0.9127 -0.2752 0.3021
vn 0.5907 -0.0599 0.8047
vn -0.5071 -0.1691 -0.8451
vn -0.5447 -0.2194 0.8094
vn 0.8899 -0.1985 -0.4108
vn 0.5071 -0.1691 -0.8451
vn 0.9428 -0.2357 0.2357
vn 0.5058 -0.2388 0.8289
vn -0.5906 -0.0599 0.8047
vn -0.5582 -0.0338 -0.8290
vn -0.0984 -0.1476 0.9841
vn 0.5407 -0.1152 0.8333
vn 0.7808 -0.0000 -0.6247
vn 0.9882 0.0090 -0.1528
vn 0.9317 0.0381 -0.3613
vn 0.9402 -0.0227 0.3398
vn -0.0528 -0.1507 0.9872
vn 0.0089 -0.1164 -0.9932
vn -0.0089 -0.1164 -0.9932
vn 0.0520 -0.1557 0.9864
vn -0.7806 0.0007 -0.6251
vn -0.7742 0.0059 -0.6329
vn -0.7808 -0.0000 -0.6248
vn -0.9317 0.0381 -0.3613
vn -0.9402 -0.0227 0.3398
vn -0.5407 -0.1152 0.8333
vn 0.8930 -0.0558 0.4465
vn 0.4516 -0.0934 0.8873
vn 0.5460 -0.0862 -0.8333
vn -0.5795 -0.0509 -0.8134
vn -0.4825 -0.0665 0.8733
vn -0.8930 -0.0558 0.4465
vn 0.9077 -0.0233 0.4190
vn 0.9819 -0.0578 -0.1804
vn -0.9819 -0.0577 -0.1804
vn -0.8780 -0.0750 0.4728
vn 0.5544 -0.5236 0.6469
vn -0.0500 -0.4500 0.8916
vn 0.8988 -0.4308 -0.0817
vn -0.5544 -0.5236 0.6469
vn -0.8987 -0.4308 -0.0817
vn 0.0500 -0.4500 0.8916
vn -0.9794 -0.1119 0.1679
vn -0.6456 -0.2719 0.7136
vn 0.6926 -0.3308 -0.6410
vn -0.6927 -0.3309 -0.6409
vn 0.9844 -0.1594 0.0751
vn 0.5521 -0.3197 0.7701
vn -0.8933 -0.0496 -0.4467
vn -0.5282 0.0821 -0.8451
vn 0.5282 0.0821 -0.8451
vn 0.8932 -0.0497 -0.4468
vn -0.9806 -0.1961 -0.0000
vn -0.7561 -0.1950 -0.6247
vn -0.8630 -0.1653 0.4774
vn -0.9687 -0.1550 -0.1938
vn -0.8846 -0.1821 0.4293
vn -0.5381 -0.0997 -0.8370
vn -0.2797 -0.1318 -0.9510
vn -0.3693 -0.1055 0.9233
vn -0.0000 -0.0665 -0.9978
vn 0.2646 -0.0593 -0.9625
vn 0.0101 -0.0706 0.9975
vn 0.5696 -0.0087 -0.8218
vn -0.5696 -0.0087 -0.8219
vn 0.2650 -0.1401 -0.9540
vn -0.2808 -0.0484 -0.9585
vn 0.4165 -0.1091 0.9026
vn -0.0101 -0.0706 0.9975
vn 0.5650 -0.1214 -0.8161
vn 0.7561 -0.1950 -0.6248
vn 0.8628 -0.1523 0.4821
vn 0.9687 -0.1550 -0.1938
vn 0.9839 -0.1661 -0.0656
vn 0.8630 -0.1652 0.4774
vn -0.3556 -0.1371 0.9245
vn 0.0733 -0.1074 0.9915
vn 0.7752 -0.0520 -0.6296
vn 0.5546 -0.0198 0.8319
vn 0.9332 0.0205 0.3589
vn -0.9332 0.0205 0.3589
vn -0.9191 -0.0000 -0.3939
vn -0.5545 -0.0198 0.8319
vn -0.7736 0.0052 -0.6336
vn 0.3556 -0.1371 0.9245
vn -0.0733 -0.1074 0.9915
vn 0.5535 -0.0638 0.8304
vn -0.8971 -0.1409 -0.4187
vn -0.9427 -0.0929 0.3205
vn -0.4900 -0.1575 -0.8574
vn 0.8793 -0.0520 0.4734
vn 0.9871 -0.0759 -0.1410
vn -0.0000 -0.1414 -0.9900
vn 0.5771 -0.1073 -0.8096
vn -0.6411 -0.1043 -0.7603
vn 0.4635 -0.1738 -0.8689
vn -0.9078 -0.0161 0.4190
vn -0.5535 -0.0638 0.8304
vn 0.9150 -0.1699 -0.3660
vn 0.9743 -0.1008 0.2015
vn -0.5519 -0.0409 0.8329
vn 0.9769 -0.1215 -0.1755
vn -0.9676 -0.0892 -0.2363
vn 0.5519 -0.0409 0.8329
vn 0.4190 -0.0161 0.9078
vn 0.9027 -0.0880 0.4212
vn -0.8813 -0.0497 0.4700
vn -0.4190 -0.0161 0.9078
vn -0.9616 -0.2740 0.0161
vn -0.6267 -0.3635 -0.6893
vn -0.6595 -0.2489 0.7093
vn 0.0273 -0.3548 -0.9346
vn 0.7623 -0.2843 -0.5814
vn 0.9645 -0.2486 -0.0895
vn -0.7623 -0.2843 -0.5814
vn -0.9778 -0.2067 -0.0353
vn -0.0273 -0.3548 -0.9346
vn 0.6267 -0.3635 -0.6893
vn 0.9559 -0.2777 -0.0961
vn 0.5957 -0.2473 0.7642
vn 0.0847 -0.2117 0.9737
vn 0.6963 -0.1741 0.6963
vn -0.7352 -0.1470 0.6617
vn -0.0847 -0.2117 0.9737
vn -0.2156 -0.9754 -0.0454
vn -0.1453 -0.9877 -0.0581
vn 0.1415 -0.9899 -0.0000
vn -0.0000 -0.8944 0.4474
vn -0.2673 -0.8017 -0.5346
vn 0.2426 -0.9701 -0.0000
vn 0.1543 -0.9875 0.0309
vn -0.9974 0.0427 0.0587
vn -0.9838 -0.0822 -0.1595
vn -0.8490 0.0551 0.5255
vn -0.9350 -0.0531 -0.3506
vn -0.5983 -0.2315 0.7671
vn -0.0755 -0.9815 0.1762
vn -0.5796 0.0738 -0.8115
vn 0.0744 -0.9923 0.0993
vn -0.0000 0.0906 -0.9959
vn 0.1253 -0.9710 0.2036
vn 0.5797 0.0738 -0.8115
vn 0.0705 -0.9967 0.0403
vn 0.7893 -0.6140 -0.0000
vn 0.4638 -0.0268 -0.8855
vn 0.4695 -0.0362 -0.8822
vn 0.4652 -0.0292 -0.8847
vn 0.8940 -0.2322 -0.3832
vn 0.6156 -0.7426 0.2638
vn 0.6525 -0.6714 -0.3514
vn 0.9516 -0.2576 -0.1675
vn -0.6293 -0.1831 -0.7553
vn -0.9241 -0.3670 0.1062
vn -0.6837 -0.4558 -0.5699
vn -0.9192 -0.3939 -0.0000
vn -0.0672 -0.9973 0.0288
vn -0.6326 -0.6054 -0.4830
vn -0.5797 0.0738 -0.8115
vn -0.8821 -0.3994 -0.2496
vn -0.5883 -0.7845 0.1962
vn -0.1145 -0.9730 0.2004
vn -0.0751 -0.9929 0.0918
vn 0.5472 -0.3530 0.7590
vn 0.0816 -0.9783 0.1903
vn 0.5796 0.0738 -0.8115
vn 0.8674 -0.0450 0.4956
vn 0.9825 -0.0279 -0.1842
vn 0.9959 -0.0905 -0.0000
vn 0.9974 -0.0426 -0.0586
vn -0.5576 -0.1774 0.8110
vn -0.9356 0.0390 0.3509
vn -0.6030 0.1813 0.7769
vn 0.5626 -0.4409 -0.6993
vn -0.6297 -0.3744 -0.6807
vn 0.4816 -0.2408 0.8427
vn 0.9701 -0.0000 0.2425
vn 0.6030 0.1813 0.7769
vn -0.0618 0.1407 0.9881
vn 0.4313 0.0939 0.8973
vn 0.9246 -0.0035 0.3809
vn 0.9621 -0.1283 -0.2405
vn 0.8965 -0.2510 -0.3651
vn -0.9524 -0.1905 -0.2381
vn -0.9042 -0.0203 0.4267
vn -0.8707 -0.2786 -0.4053
vn -0.4547 0.0770 0.8873
vn 0.0581 0.1421 0.9881
vn -0.6155 -0.4924 -0.6155
vn -0.9088 -0.4157 0.0361
vn 0.0630 -0.3989 -0.9148
vn 0.6155 -0.4924 -0.6155
vn -0.0630 -0.3989 -0.9148
vn 0.9171 -0.3986 -0.0052
vn -0.6436 -0.1714 0.7459
vn 0.7458 -0.2021 -0.6348
vn -0.7458 -0.2021 -0.6348
vn 0.6261 -0.1434 0.7665
vn 0.0927 0.0753 0.9928
vn 0.9983 -0.0366 -0.0444
vn -0.9986 -0.0523 0.0078
vn -0.0927 0.0753 0.9928
vn 0.6984 0.1141 0.7066
vn -0.7262 0.0933 0.6811
vn -0.7087 -0.7047 -0.0332
vn 0.6987 -0.7121 -0.0685
vn 0.0520 -0.2360 0.9704
vn -0.0631 -0.2359 0.9697
vn -0.7569 -0.4829 -0.4403
vn 0.8492 -0.4501 -0.2762
vn 0.1311 0.1531 -0.9795
vn -0.1233 0.1546 -0.9802
vn -0.1011 0.1563 -0.9825
vn 0.1011 0.1563 -0.9825
vn 0.0125 0.1631 -0.9865
vn -0.0125 0.1631 -0.9865
vn 0.8247 -0.4573 -0.3329
vn -0.9871 0.1018 0.1234
vn -0.9862 0.1063 -0.1272
vn -0.8151 0.0967 0.5712
vn -0.8758 0.1216 -0.4671
vn -0.6056 0.1161 -0.7873
vn -0.5971 0.0995 0.7960
vn -0.1194 0.0715 -0.9903
vn 0.7627 -0.0618 -0.6438
vn 0.4707 -0.0382 -0.8815
vn 0.3161 0.0263 -0.9483
vn 0.1194 0.0715 -0.9903
vn -0.7510 -0.0481 -0.6585
vn -0.3662 0.0259 -0.9302
vn -0.3100 -0.0022 -0.9507
vn 0.6055 0.1161 -0.7873
vn 0.8482 0.0980 0.5206
vn 0.5140 0.0996 0.8520
vn 0.9426 0.1134 -0.3142
vn 0.9957 0.0924 -0.0000
vn 0.9933 0.0973 0.0621
vn -0.5032 0.1165 0.8563
vn 0.4797 0.1206 0.8691
vn 0.1281 -0.9875 -0.0915
vn 0.4615 -0.8516 0.2485
vn -0.0000 -0.9971 0.0767
vn 0.7550 -0.6468 0.1079
vn -0.2122 -0.9697 -0.1212
vn -0.9336 0.3556 0.0445
vn -0.7059 -0.5976 0.3802
vn -0.2184 -0.6067 -0.7644
vn 0.4409 -0.0304 0.8970
vn 0.7071 -0.0000 0.7071
vn 0.2121 -0.9756 -0.0566
vn 0.2609 -0.3276 -0.9081
vn -0.0980 -0.5018 -0.8594
vn 0.2388 -0.5837 -0.7760
vn -0.2121 -0.9756 -0.0566
vn -0.2735 -0.3308 -0.9032
vn 0.1159 -0.4979 -0.8594
vn 0.1171 -0.4971 -0.8597
vn 0.1219 -0.4934 -0.8612
vn -0.6365 -0.7187 -0.2800
vn -0.4980 0.0086 0.8671
vn -0.7905 0.0648 0.6090
vn 0.3161 -0.9487 -0.0000
vn -0.4078 -0.1464 0.9012
vn -0.3161 -0.9487 -0.0000
vn 0.3995 -0.1324 0.9071
vn -0.0927 0.1438 0.9852
vn -0.1226 0.1543 0.9804
vn 0.1736 0.1317 0.9760
vn 0.4874 -0.8664 -0.1083
vn -0.4874 -0.8664 -0.1083
vn 0.0990 0.1460 0.9843
vn 0.0962 0.1451 0.9847
vn 0.1059 0.1484 0.9832
vn 0.1092 0.1496 0.9827
vn -0.2291 0.1344 0.9641
vn 0.7922 0.0630 -0.6071
vn -0.8048 0.0903 -0.5867
vn 0.8755 -0.3257 -0.3570
vn 0.2282 -0.9698 0.0856
vn 0.1755 0.3290 0.9279
vn -0.2282 -0.9698 0.0856
vn -0.0337 0.2025 0.9787
vn 0.1231 -0.4924 -0.8616
vn -0.8655 -0.2485 -0.4349
vn -0.8504 -0.1863 -0.4921
vn 0.7161 -0.6905 0.1023
vn -0.7161 -0.6905 0.1023
vn 0.4207 -0.8668 0.2677
vn -0.4207 -0.8668 0.2677
vn -0.1241 -0.4789 -0.8691
vn 0.8311 -0.3606 -0.4234
vn 0.6365 0.4456 0.6295
vn 0.9475 0.3194 -0.0122
vn -0.9344 0.3557 -0.0181
vn -0.4672 0.4410 0.7664
vn -0.6656 0.4992 0.5547
vn -0.0585 0.2145 0.9750
vn 0.0577 0.2166 0.9746
vn 0.3305 -0.1181 -0.9364
vn -0.3320 -0.0712 -0.9406
vn 0.4662 -0.0710 -0.8818
vn 0.7138 0.4325 -0.5509
vn -0.5047 0.0818 -0.8594
vn -0.2887 -0.4973 -0.8181
vn -0.7467 0.4456 -0.4938
vn 0.2848 0.5428 0.7901
vn -0.3204 0.5521 0.7698
vn -0.0640 0.1493 0.9867
vn 0.5486 0.1477 0.8230
vn 0.7967 -0.1344 -0.5892
vn 0.5369 0.7098 0.4560
vn 0.7191 0.6922 -0.0605
vn -0.7380 0.6725 -0.0552
vn -0.5516 0.6952 0.4609
vn -0.7641 -0.0277 -0.6445
vn 0.0645 0.1505 0.9865
vn -0.5713 0.1355 0.8095
vn 0.5628 -0.0900 -0.8217
vn -0.0601 0.0013 -0.9982
vn 0.0729 -0.0264 -0.9970
vn -0.6428 -0.1215 -0.7563
vn -0.2726 -0.0659 -0.9599
vn 0.4539 0.0556 0.8893
vn 0.9027 -0.1437 -0.4056
vn 0.9599 -0.1524 -0.2352
vn -0.9605 -0.1525 -0.2329
vn -0.8125 -0.1419 -0.5653
vn -0.5216 0.0532 0.8516
vn 0.6384 -0.1056 -0.7624
vn 0.7419 -0.0314 0.6698
vn 0.9873 -0.1453 0.0639
vn -0.9866 -0.1497 0.0643
vn -0.7636 -0.0367 0.6446
vn 0.9016 -0.1282 0.4132
vn 0.8995 -0.1376 0.4147
vn 0.9010 -0.1276 0.4147
vn 0.7767 -0.0844 0.6241
vn -0.9332 -0.1480 0.3275
vn -0.7603 -0.0843 0.6441
vn 0.7539 -0.6567 -0.0174
vn -0.0534 -0.1511 0.9871
vn -0.1750 -0.1517 0.9728
vn 0.2142 0.1524 -0.9648
vn -0.7595 -0.6505 -0.0102
vn 0.0540 -0.1527 0.9868
vn 0.1989 -0.1540 0.9678
vn -0.2697 0.1528 -0.9507
vn -0.2016 -0.9793 -0.0192
vn 0.3539 -0.9267 0.1264
vn -0.3904 0.0747 0.9176
vn -0.2661 0.0686 0.9615
vn 0.1812 -0.9834 -0.0086
vn -0.3698 -0.9155 0.1584
vn 0.3734 0.0635 0.9255
vn 0.2931 0.0472 0.9549
vn -0.7869 -0.5399 -0.2987
vn 0.7937 -0.5793 -0.1854
vn 0.8245 -0.5039 0.2576
vn -0.2100 0.0943 0.9731
vn -0.8245 -0.5039 0.2576
vn 0.1960 0.0920 0.9763
vn -0.9386 0.0966 -0.3312
vn -0.3664 0.1172 0.9231
vn -0.7437 0.0933 0.6620
vn -0.7680 0.1730 0.6166
vn -0.3685 0.0450 -0.9286
vn -0.0000 -0.0062 -1.0000
vn 0.0778 -0.0165 -0.9968
vn 0.1473 0.0187 -0.9889
vn 0.3899 0.0562 -0.9191
vn 0.9835 0.0506 -0.1735
vn 0.7804 0.0704 0.6213
vn 0.8109 0.1713 0.5596
vn 0.3530 0.0847 0.9318
vn -0.9889 0.1419 0.0446
vn -0.9798 0.1313 -0.1507
vn -0.7273 0.0851 0.6810
vn -0.9604 0.1411 0.2401
vn -0.7928 0.1114 0.5992
vn -0.8879 0.1201 -0.4440
vn -0.7041 0.0930 -0.7040
vn 0.9021 0.2678 0.3383
vn -0.3388 0.0328 0.9403
vn 0.5327 -0.0327 0.8457
vn -0.9049 0.3182 0.2828
vn 0.3387 0.0328 0.9403
vn -0.5578 -0.0367 0.8292
vn 0.6721 0.1041 -0.7331
vn 0.8867 0.1311 -0.4434
vn 0.9905 0.1378 -0.0013
vn 0.9908 0.1352 -0.0019
vn 0.9915 0.1302 -0.0068
vn 0.6496 0.0138 0.7602
vn 0.9620 0.1293 0.2405
vn 0.9478 0.1267 0.2927
vn 0.9906 0.1371 -0.0000
vn -0.2891 0.1985 0.9365
vn 0.2755 0.1933 0.9417
vn -0.6447 0.7252 -0.2417
vn -0.5024 0.0775 0.8612
vn 0.6688 0.7244 -0.1672
vn 0.4731 0.0649 0.8786
vn 0.6196 0.7573 0.2066
vn -0.2745 0.0329 0.9610
vn -0.6196 0.7572 0.2066
vn 0.2673 0.0409 0.9627
vn 0.2745 0.0330 0.9610
vn 0.2664 0.0414 0.9630
vn -0.0000 -0.8574 -0.5146
vn -0.0000 -0.8574 0.5146
vn -0.0941 0.9950 -0.0336
vn -0.3209 0.0507 0.9458
vn 0.0840 0.9962 -0.0240
vn 0.2665 0.0421 0.9629
vn 0.6472 -0.0833 0.7578
vn 0.0160 -0.0095 -0.9998
vn -0.0009 -0.0231 0.9997
vn -0.7119 -0.1124 0.6932
vn 0.7815 -0.6226 0.0397
vn -0.3728 -0.1694 0.9123
vn -0.6212 -0.4778 -0.6212
vn -0.3454 -0.1681 0.9233
vn -0.7973 -0.6032 0.0184
vn 0.3831 -0.1640 0.9090
vn 0.8222 -0.5692 -0.0000
vn 0.3354 -0.1608 0.9282
vn 0.3295 0.1687 -0.9289
vn -0.3460 0.1612 -0.9243
vn -0.7071 -0.7071 -0.0000
vn 0.6775 -0.7355 -0.0000
vn 0.7071 -0.7071 -0.0000
vn 0.0307 -0.9968 0.0738
vn -0.6562 -0.7406 -0.1445
vn -0.0272 -0.9971 0.0708
vn 0.6690 -0.7426 -0.0307
vn -0.3250 0.1250 0.9374
vn 0.5967 -0.7707 0.2237
vn -0.3702 0.0793 0.9256
vn -0.5967 -0.7707 0.2238
vn 0.3015 0.1392 0.9432
vn 0.3702 0.0794 0.9256
vn -0.6679 0.7442 -0.0000
vn -0.0286 -0.0181 0.9994
vn -0.0017 0.0145 0.9999
vn -0.0062 -0.0025 1.0000
vn 0.0560 -0.0846 0.9948
vn -0.5998 -0.0092 0.8001
vn 0.6000 -0.0088 0.7999
vn 0.0189 0.0023 0.9998
vn 0.6872 0.7265 -0.0000
vn -0.9309 -0.1020 -0.3507
vn 0.9863 -0.1351 -0.0946
vn -0.3110 0.0622 0.9484
vn 0.8164 -0.2933 0.4975
vn -0.8163 -0.2933 0.4975
vn 0.2895 0.0579 0.9554
vn -0.8490 0.4127 -0.3301
vn -0.5522 0.0920 0.8286
vn -0.3869 0.0368 0.9214
vn -0.3543 0.0777 0.9319
vn 0.7144 0.4696 0.5187
vn 0.2019 -0.0113 0.9793
vn -0.7144 0.4697 0.5187
vn -0.1981 -0.0168 0.9800
vn 0.4051 0.0558 0.9126
vn 0.2501 0.0804 0.9649
vn 0.8851 0.4548 -0.0984
vn 0.4123 0.0825 0.9073
vn -0.3677 0.9260 -0.0853
vn 0.3668 0.9302 0.0131
vn -0.6555 0.0864 0.7503
vn 0.2505 0.9546 0.1611
vn -0.2956 0.0374 0.9546
vn -0.0790 0.0746 0.9941
vn -0.0107 0.0101 0.9999
vn -0.2407 0.9631 0.1204
vn 0.2819 0.0380 0.9587
vn 0.0580 0.0709 0.9958
vn 0.0081 0.0099 0.9999
vn 0.5593 0.0863 0.8245
vn -0.0000 -1.0000 0.0001
vn -1.0000 -0.0001 0.0005
vn 0.0391 0.0080 -0.9992
vn -0.0617 -0.0183 0.9979
vn 0.0129 -0.0118 0.9998
vn -1.0000 -0.0001 0.0003
vn 0.0129 -0.0211 0.9997
vn 0.7800 -0.6213 0.0745
vn 0.0817 -0.5330 0.8422
vn -0.4720 -0.2142 0.8552
vn -0.1148 -0.1844 -0.9761
vn -0.6036 -0.2559 0.7551
vn -0.7539 -0.6413 0.1427
vn -0.0909 -0.5213 0.8485
vn 0.4603 -0.1996 0.8650
vn 0.1744 -0.2220 -0.9593
vn 0.5370 -0.2270 0.8125
vn 0.4395 0.2061 -0.8743
vn -0.4290 0.1886 -0.8834
vn -0.0002 -1.0000 0.0029
vn -0.0001 -1.0000 0.0031
vn -0.0001 -1.0000 0.0035
vn -1.0000 -0.0004 0.0006
vn -0.0000 -1.0000 0.0040
vn -0.0059 0.0572 0.9983
vn 0.0258 0.0199 0.9995
vn -0.0258 0.0828 0.9962
vn 0.0098 0.0100 0.9999
vn -0.9067 -0.3707 -0.2012
vn 0.6723 -0.7258 0.1460
vn 0.2238 -0.0900 -0.9705
vn 0.8874 -0.3776 -0.2644
vn -0.6481 -0.7378 0.1884
vn -0.2158 -0.0902 -0.9723
vn -0.2595 0.1102 0.9594
vn 0.2509 0.1108 0.9616
vn -1.0000 -0.0000 0.0003
vn 0.0011 -0.0002 1.0000
vn -0.0129 0.0034 0.9999
vn 0.0002 1.0000 -0.0014
vn 1.0000 -0.0000 0.0003
vn -0.3464 -0.8953 0.2800
vn 0.7985 -0.4595 -0.3890
vn 0.5560 -0.2893 0.7792
vn 0.5195 -0.2621 0.8133
vn 0.3334 -0.9114 0.2412
vn -0.7917 -0.4697 -0.3907
vn -0.5560 -0.2893 0.7792
vn -0.5195 -0.2621 0.8133
vn -0.2741 -0.9236 0.2681
vn 0.7551 -0.3602 -0.5478
vn 0.7276 -0.4215 -0.5413
vn 0.2838 -0.9145 0.2884
vn -0.7311 -0.4109 -0.5447
vn -0.7253 -0.4340 -0.5345
vn 0.6813 -0.3711 0.6309
vn -0.7079 -0.3581 0.6088
vn -0.7856 0.4619 -0.4117
vn -0.8017 0.4395 0.4051
vn -0.8411 0.4551 0.2924
vn 0.8473 0.4752 0.2373
vn 0.8628 0.5030 -0.0503
vn -0.6318 0.3598 -0.6865
vn -0.7090 0.5318 0.4632
vn -0.7328 0.3923 0.5560
vn 0.7298 0.4257 0.5349
vn 0.7076 0.3978 0.5840
vn 0.5737 0.3225 -0.7529
vn 0.6854 -0.4349 -0.5840
vn 0.5346 -0.3724 -0.7586
vn -0.5911 -0.4006 -0.7000
vn -0.5389 0.3646 0.7593
vn 0.5402 0.3761 0.7528
vn -0.4033 -0.9149 -0.0149
vn 0.9243 -0.3666 -0.1067
vn -0.2226 -0.0053 -0.9749
vn 0.2267 0.0018 0.9740
vn 0.4327 -0.9015 -0.0000
vn -0.9135 -0.3670 -0.1757
vn -0.2363 0.0016 0.9717
vn 0.2451 0.0033 -0.9695
vn -0.9112 0.1688 -0.3758
vn -0.9843 0.1763 -0.0080
vn -0.7609 0.1383 -0.6340
vn -0.6143 0.1066 -0.7818
vn -0.4657 0.1446 0.8730
vn -0.7085 0.1813 0.6820
vn -0.1894 0.0344 -0.9813
vn 0.1483 0.0270 -0.9886
vn 0.6431 0.0939 -0.7600
vn 0.4912 0.1414 0.8595
vn 0.7014 0.1275 -0.7013
vn 0.6309 0.1777 0.7553
vn 0.8870 0.1785 -0.4259
vn 0.9742 0.2036 -0.0978
vn -0.9365 0.1933 0.2927
vn 0.9110 0.2312 0.3416
vn -0.6678 -0.7443 0.0008
vn 0.6872 -0.7265 -0.0000
vn 0.6668 0.7452 -0.0000
vn -0.6968 0.7173 -0.0000
vn 0.9852 -0.1713 -0.0000
vn 0.9040 -0.1893 -0.3833
vn 0.9138 -0.1632 0.3720
vn 0.8992 -0.1383 0.4151
vn -0.9772 -0.2124 -0.0000
vn -0.9177 -0.2114 -0.3363
vn -0.8397 -0.0600 0.5398
vn -0.9256 -0.1869 0.3293
vn 0.6803 -0.1862 -0.7089
vn 0.7929 -0.1030 0.6006
vn -0.7965 -0.1761 -0.5785
vn -0.9216 -0.1288 0.3660
vn 0.3488 -0.1163 -0.9300
vn 0.3824 0.0367 0.9233
vn -0.3693 -0.0965 -0.9243
vn -0.3829 0.0524 0.9223
vn -0.0195 -0.0949 -0.9953
vn 0.0213 0.1475 0.9888
vn 0.0146 -0.0984 -0.9950
vn -0.0165 0.1494 0.9886
vn -0.1575 -0.9874 0.0182
vn 0.9007 -0.4289 -0.0692
vn -0.1589 0.0370 -0.9866
vn 0.1610 -0.0318 0.9864
vn 0.1594 -0.9869 0.0245
vn -0.9061 -0.4099 -0.1046
vn -0.1657 -0.0318 0.9857
vn 0.1662 0.0425 -0.9852
vn -0.7152 0.3356 -0.6131
vn -0.7898 0.2048 -0.5782
vn -0.4229 0.0086 -0.9062
vn -0.2338 0.2386 0.9425
vn -0.6478 0.3061 0.6976
vn 0.6010 -0.3373 -0.7246
vn 0.8418 -0.3513 -0.4097
vn 0.4202 -0.1115 -0.9005
vn 0.2039 0.2270 0.9523
vn 0.7520 0.1381 -0.6446
vn 0.7003 0.3027 0.6465
vn -0.5880 -0.3354 -0.7361
vn -0.9483 -0.3134 -0.0495
vn 0.8320 0.1541 -0.5329
vn -0.9263 0.3222 0.1952
vn -0.0000 0.1961 -0.9806
vn -0.9104 0.2483 -0.3310
vn -0.8803 0.3408 0.3301
vn 0.8416 0.3387 0.4208
vn 0.9263 0.3222 0.1952
vn 0.9583 0.2556 -0.1278
vn -0.1852 0.0702 -0.9802
vn 0.1864 -0.0202 0.9823
vn -0.1928 -0.0261 0.9809
vn 0.1963 0.0832 -0.9770
vn 0.9372 -0.3155 -0.1485
vn 0.7930 -0.3965 -0.4625
vn 0.7029 -0.2992 -0.6453
vn 0.9750 -0.2032 0.0903
vn -0.9959 -0.0830 0.0369
vn -0.9740 -0.2049 -0.0964
vn -0.8607 -0.3279 -0.3894
vn -0.7729 -0.2418 -0.5866
vn 0.4468 -0.2766 -0.8508
vn 0.2879 -0.2109 -0.9341
vn 0.3919 -0.3183 -0.8632
vn 0.5345 -0.2673 -0.8018
vn -0.2971 -0.1950 -0.9347
vn -0.6425 -0.2811 -0.7128
vn -0.6885 -0.2623 -0.6761
vn -0.7068 0.7074 0.0007
vn -0.0618 0.0065 0.9981
vn -0.0602 0.0155 0.9981
vn -0.0603 0.0157 0.9981
vn 0.7071 0.7071 -0.0000
vn 0.0891 0.0125 0.9959
vn -0.0623 0.0031 0.9980
vn 0.0712 0.0044 0.9975
vn -0.9310 0.3581 0.0716
vn -0.7073 -0.7069 -0.0000
vn 0.6508 -0.7593 -0.0000
vn -0.7417 -0.6706 -0.0102
vn -0.7238 -0.6858 -0.0762
vn 0.9311 0.3576 0.0717
vn -0.6783 -0.7348 -0.0000
vn 0.7776 -0.6284 -0.0213
vn 0.7590 -0.6471 -0.0719
vn 0.4005 -0.3536 -0.8453
vn -0.3699 -0.3501 -0.8606
vn 0.1947 -0.0872 0.9770
vn -0.3766 0.3500 0.8577
vn -0.2051 -0.1002 0.9736
vn 0.3648 0.3568 0.8600
vn -0.6549 0.7557 -0.0000
vn -0.1509 0.1240 -0.9808
vn 0.5467 0.3521 -0.7597
vn 0.1311 -0.0752 0.9885
vn 0.6805 0.7328 -0.0000
vn 0.1685 0.1220 -0.9781
vn 0.1687 0.1220 -0.9781
vn 0.1690 0.1216 -0.9781
vn -0.5446 0.3046 -0.7814
vn -0.1460 -0.0814 0.9859
vn -0.0000 0.8480 0.5300
vn -0.6402 -0.7682 -0.0000
vn 0.6616 -0.7498 -0.0000
vn 0.5711 0.8209 -0.0000
vn -0.6247 0.7809 -0.0000
vn -0.0000 0.1081 -0.9941
vn -0.0000 -0.1015 0.9948
vn -0.9281 0.0272 0.3713
vn 0.4592 0.0648 0.8860
vn 0.3500 0.0816 0.9332
vn -0.0594 0.1929 0.9794
vn -0.1727 0.1238 -0.9772
vn 0.2905 -0.3710 -0.8820
vn 0.1745 0.1319 -0.9758
vn -0.3320 -0.3688 -0.8682
vn -0.3488 0.1162 0.9300
vn 0.0550 0.1892 0.9804
vn -0.6585 0.7526 -0.0000
vn -0.1498 0.1150 -0.9820
vn 0.6139 0.7893 -0.0000
vn -0.0000 -0.9363 0.3512
vn -0.0000 -0.9701 -0.2425
vn -0.4717 -0.8291 0.3002
vn -0.2977 -0.9262 -0.2315
vn 0.3748 -0.8994 -0.2249
vn 0.5761 -0.7407 0.3457
vn -0.4364 -0.8729 -0.2182
vn -0.6458 -0.6919 0.3229
vn 0.3119 -0.9186 -0.2426
vn 0.5040 -0.8019 0.3207
vn -0.8744 -0.4705 0.1188
vn -0.6646 -0.7249 -0.1812
vn -0.0000 -0.9153 -0.4027
vn -0.2080 -0.8961 -0.3920
vn -0.0000 -0.3163 0.9486
vn -0.5100 -0.2720 0.8160
vn -0.5345 -0.8018 -0.2672
vn 0.4663 -0.8393 -0.2797
vn 0.4298 -0.8265 -0.3636
vn 0.4298 -0.8264 -0.3636
vn 0.5653 -0.2610 0.7825
vn -0.4959 -0.7948 -0.3497
vn -0.4960 -0.7948 -0.3497
vn -0.6351 -0.2443 0.7327
vn 0.2250 -0.8944 -0.3866
vn 0.5610 -0.2618 0.7853
vn 0.6088 -0.7562 -0.2397
vn 0.9010 -0.3820 0.2057
vn -0.0696 0.0865 -0.9938
vn 0.0091 0.1106 0.9938
vn 0.1244 -0.1462 0.9814
vn -0.9094 -0.0181 0.4156
vn -0.5961 -0.7477 -0.2926
vn 0.0780 0.0851 -0.9933
vn 0.1626 0.0968 -0.9819
vn -0.0098 0.1102 0.9939
vn -0.1601 -0.1561 0.9747
vn 0.5648 -0.7726 -0.2901
vn 0.9094 -0.0181 0.4156
vn 0.3341 -0.5068 -0.7947
vn -0.0000 -0.8944 -0.4473
vn -0.0000 -0.8944 -0.4472
vn -0.0000 -0.8944 -0.4474
vn -0.9521 -0.1813 0.2461
vn 0.4299 -0.8264 -0.3636
vn 0.4875 -0.0791 0.8695
vn -0.5566 -0.0752 0.8273
vn 0.9010 -0.2574 0.3493
vn 0.1119 -0.1992 0.9736
vn 0.6402 -0.7682 -0.0000
vn -0.0000 -0.8945 -0.4471
vn -0.9945 -0.1047 -0.0000
vn -0.8447 0.1988 -0.4970
vn -0.1228 0.3686 -0.9214
vn -0.1184 -0.9478 -0.2961
vn 0.9878 -0.1560 -0.0000
vn 0.5068 0.3202 -0.8004
vn -0.1599 -0.4250 0.8910
vn -0.6715 -0.3133 -0.6715
vn -0.0000 0.1962 0.9806
vn -0.3656 0.3539 0.8609
vn 0.2106 0.3509 -0.9124
vn -0.3910 0.3041 -0.8687
vn 0.2470 0.3201 -0.9146
vn -0.5479 0.3246 -0.7710
vn 0.3682 0.3919 0.8431
vn 0.5924 -0.3174 -0.7405
vn 0.6115 -0.3422 -0.7134
vn -0.6307 -0.3679 -0.6833
vn -0.5643 -0.2822 -0.7759
vn -0.2713 0.2830 -0.9199
vn -0.1803 0.2331 -0.9556
vn -0.9706 -0.2399 0.0197
vn -0.8570 -0.4867 -0.1693
vn 0.9706 -0.2398 0.0198
vn 0.9116 -0.3883 -0.1351
vn 0.1803 0.2331 -0.9556
vn 0.2580 0.2841 -0.9234
vn -0.5058 0.5463 0.6677
vn 0.5058 0.5463 0.6677
vn 0.2182 0.4364 0.8729
vn -0.2592 0.4319 0.8639
vn -0.4867 0.1947 0.8516
vn -0.0000 -0.8645 -0.5026
vn -0.1899 -0.8475 -0.4957
vn -0.0000 -0.5547 0.8321
vn -0.2289 0.7326 0.6410
vn 0.2907 -0.8337 -0.4695
vn -0.3426 -0.8186 -0.4610
vn 0.2289 0.7326 0.6410
vn 0.2157 -0.8409 -0.4964
vn -0.8840 0.1678 0.4364
vn -0.9858 -0.1451 0.0841
vn 0.8795 0.2283 0.4175
vn 0.9507 0.0958 0.2948
vn -0.2314 0.4165 0.8792
vn -0.4141 -0.7978 -0.4383
vn 0.9633 -0.1692 0.2083
vn -0.8408 -0.3600 0.4042
vn -0.6866 -0.4622 0.5612
vn 0.8279 -0.3566 0.4330
vn -0.9633 -0.1692 0.2083
vn 0.8704 -0.3482 0.3482
vn 0.6185 -0.4996 0.6066
vn -0.8279 -0.3566 0.4330
vn 0.3912 -0.7996 -0.4557
vn 0.2314 0.4165 0.8792
vn -0.3822 0.3194 -0.8671
vn -0.1189 0.2353 -0.9646
vn -0.1154 0.8083 0.5774
vn -0.0122 0.8431 0.5376
vn 0.0138 0.8425 0.5386
vn 0.1155 0.8083 0.5774
vn 0.1189 0.2353 -0.9646
vn 0.4128 0.3315 -0.8483
vn 0.1712 -0.4603 -0.8711
vn 0.6270 0.4547 -0.6326
vn -0.6269 0.4547 -0.6326
vn -0.1841 -0.4623 -0.8674
vn -0.8072 -0.5450 -0.2268
vn -0.5092 0.5582 0.6551
vn -0.8133 0.3452 -0.4684
vn 0.6549 0.4534 -0.6046
vn 0.4154 0.6333 0.6530
vn 0.8387 -0.5020 -0.2112
vn -0.0000 0.7809 0.6247
vn -0.0594 0.7978 0.6000
vn 0.0633 0.7973 0.6003
vn -0.2340 0.7019 0.6727
vn -0.2422 0.5859 -0.7734
vn 0.2722 0.6804 0.6804
vn 0.5299 0.4966 -0.6875
vn -0.0187 0.2425 -0.9700
vn 0.0187 0.2425 -0.9700
vn -0.0193 0.8478 0.5299
vn 0.0132 0.7638 0.6453
vn 0.0202 0.8478 0.5299
vn -0.0137 0.7640 0.6451
vn 0.1843 0.6140 -0.7675
vn -0.5213 0.3719 -0.7681
vn -0.9854 -0.1620 0.0528
vn -0.9397 -0.3328 -0.0783
vn 0.9754 -0.2194 0.0203
vn 0.8922 -0.4306 -0.1363
vn 0.5809 0.4314 -0.6902
vn -0.3692 -0.8897 0.2685
vn -0.4904 -0.6746 -0.5518
vn -0.0000 -0.8321 0.5546
vn 0.0437 -0.9183 -0.3934
vn -0.0437 -0.9183 -0.3934
vn 0.3692 -0.8897 0.2685
vn 0.5656 -0.4243 -0.7072
vn -0.8742 -0.2914 0.3885
vn 0.1617 -0.5659 0.8085
vn -0.2188 -0.9153 -0.3383
vn 0.0413 -0.8824 -0.4687
vn -0.0000 -0.8683 -0.4961
vn -0.0000 -0.8685 -0.4957
vn -0.0000 -0.8677 -0.4970
vn -0.0000 -0.8688 -0.4952
vn -0.0413 -0.8824 -0.4687
vn 0.2188 -0.9153 -0.3382
vn 0.8741 -0.2914 0.3886
vn -0.1929 -0.5627 0.8038
vn -0.9333 0.2872 0.2154
vn -0.9117 -0.2279 0.3418
vn -0.8364 0.3041 -0.4561
vn -0.6191 -0.4150 0.6667
vn -0.7878 -0.6151 -0.0324
vn -0.0000 -0.3939 0.9192
vn -0.0000 -0.8741 -0.4857
vn 0.6695 -0.4120 0.6180
vn 0.7878 -0.6151 -0.0324
vn 0.9103 0.2683 0.3151
vn 0.9606 -0.1843 0.2079
vn -0.9700 0.0638 0.2344
vn -0.9635 0.0923 0.2512
vn 0.9802 -0.1398 0.1401
vn 0.9089 0.2223 0.3529
vn -0.3036 0.3346 -0.8921
vn -0.2072 0.3682 -0.9064
vn 0.2889 0.3362 -0.8964
vn 0.2072 0.3682 -0.9064
vn -0.2008 0.4381 0.8762
vn -0.0558 0.4465 0.8930
vn 0.0796 -0.9019 -0.4246
vn -0.0000 -0.8319 -0.5549
vn -0.0796 -0.9019 -0.4246
vn 0.2092 0.4373 0.8747
vn 0.0704 0.4461 0.8922
vn -0.7687 0.5226 0.3689
vn -0.1709 0.7408 0.6496
vn -0.7890 0.3517 -0.5037
vn -0.1490 0.5216 -0.8400
vn -0.6876 -0.7212 -0.0839
vn 0.0626 -0.5180 -0.8531
vn -0.0426 0.7802 0.6241
vn 0.0446 0.7801 0.6240
vn -0.0089 0.8115 0.5843
vn 0.0093 0.8115 0.5843
vn -0.0704 -0.5177 -0.8527
vn 0.6487 -0.7595 0.0475
vn 0.1871 0.7485 0.6362
vn 0.4133 0.5078 -0.7558
vn 0.6688 0.6422 0.3745
vn -0.7529 0.5736 -0.3227
vn -0.6478 0.4688 -0.6005
vn -0.6305 0.5296 0.5674
vn -0.7752 0.5963 0.2087
vn -0.5535 0.4504 0.7006
vn -0.6007 0.5653 0.5653
vn 0.0925 -0.9245 -0.3698
vn 0.0545 -0.9058 -0.4201
vn -0.0603 -0.9046 -0.4220
vn -0.0925 -0.9245 -0.3698
vn 0.5203 0.5827 0.6243
vn 0.5784 0.4411 0.6862
vn 0.6254 0.5518 0.5518
vn 0.7200 0.6416 -0.2645
vn 0.7335 0.6583 0.1693
vn -0.4462 0.4645 0.7650
vn -0.2472 0.4576 0.8541
vn -0.1858 0.4801 0.8573
vn -0.7499 0.3969 0.5292
vn -0.8136 0.3488 0.4651
vn -0.1963 0.5045 -0.8408
vn 0.2335 0.5003 -0.8338
vn 0.4065 0.6695 0.6217
vn 0.6824 0.4386 0.5848
vn 0.2473 0.4576 0.8541
vn 0.1935 0.4794 0.8560
vn 0.4271 0.4693 0.7729
vn -0.3793 0.4138 -0.8276
vn -0.3322 0.4556 -0.8258
vn -0.5607 -0.0904 0.8230
vn -0.8690 -0.1811 0.4604
vn -0.0000 -0.8001 -0.5999
vn 0.5886 -0.1328 0.7974
vn 0.8845 -0.2212 0.4107
vn 0.3793 0.4138 -0.8276
vn 0.3165 0.4582 -0.8306
vn -0.1188 -0.5074 0.8535
vn 0.5767 -0.8170 -0.0000
vn -0.8878 0.4603 -0.0000
vn -0.1133 -0.4624 -0.8794
vn 0.4473 -0.8944 -0.0000
vn -0.5882 -0.8087 -0.0000
vn 0.1189 -0.4599 -0.8800
vn 0.8878 0.4603 -0.0000
vn 0.1247 -0.5048 0.8542
vn -0.9267 0.0618 0.3707
vn -0.0000 0.1645 0.9864
vn -0.3094 -0.7220 -0.6188
vn 0.4871 -0.6631 -0.5683
vn -0.0967 -0.2325 0.9678
vn -0.1217 -0.1947 0.9733
vn -0.1343 0.4206 -0.8973
vn -0.0472 -0.0270 0.9985
vn -0.2017 0.8071 0.5549
vn -0.7499 -0.6561 -0.0852
vn -0.0000 -0.0005 1.0000
vn -0.0000 -0.0004 1.0000
vn 0.0521 -0.0298 0.9982
vn 0.7950 -0.5968 -0.1087
vn 0.7953 -0.5963 -0.1089
vn 0.7953 -0.5965 -0.1084
vn 0.2399 0.8000 0.5500
vn 0.1216 -0.1948 0.9733
vn 0.1216 -0.1949 0.9733
vn 0.1217 -0.1947 0.9733
vn 0.1343 0.4206 -0.8973
vn 0.8503 0.2024 0.4858
vn -0.5149 -0.6509 -0.5579
vn 0.3094 -0.7220 -0.6188
vn -0.0534 -0.9361 -0.3478
vn -0.8197 -0.5674 -0.0779
vn -0.1856 -0.9275 -0.3246
vn -0.0000 -0.8849 -0.4658
vn -0.1963 -0.8797 -0.4331
vn 0.2052 -0.8661 -0.4558
vn 0.0292 -0.8366 -0.5470
vn -0.0306 -0.8366 -0.5470
vn -0.2439 -0.8582 -0.4517
vn 0.2290 -0.8738 -0.4290
vn 0.2162 -0.9262 -0.3088
vn 0.0414 -0.9346 -0.3532
vn 0.7874 -0.6058 -0.1140
vn -0.3512 -0.8480 -0.3969
vn 0.3183 -0.8540 -0.4115
vn -0.7127 -0.6809 -0.1686
vn -0.9509 -0.1468 0.2726
vn -0.0000 -0.8945 0.4471
vn -0.8915 -0.4052 0.2026
vn -0.3289 0.2249 0.9172
vn 0.3149 0.2651 0.9114
vn 0.9264 -0.3369 0.1684
vn 0.9264 -0.3368 0.1684
vn 0.9508 -0.1468 0.2727
vn 0.7127 -0.6809 -0.1686
vn -0.4998 0.6076 -0.6173
vn -0.1048 -0.6282 0.7709
vn -0.9474 -0.1878 0.2593
vn -0.0344 0.4469 -0.8939
vn 0.1700 -0.6489 0.7416
vn -0.7205 0.1055 0.6854
vn -0.0000 -0.1644 0.9864
vn 0.7205 0.1055 0.6854
vn 0.0344 0.4469 -0.8939
vn 0.0787 -0.6297 0.7728
vn -0.2027 -0.6449 0.7369
vn 0.8921 -0.2650 0.3660
vn 0.2653 -0.9619 -0.0664
vn -0.3844 -0.8513 -0.3570
vn -0.3452 -0.7355 0.5829
vn -0.6507 -0.7118 0.2644
vn 0.5199 0.6116 -0.5963
vn -0.0613 0.5724 0.8177
vn 0.0774 0.5718 0.8168
vn 0.5994 -0.4946 -0.6293
vn -0.0927 -0.4173 -0.9040
vn 0.7276 -0.4851 0.4850
vn 0.6019 -0.1119 0.7907
vn 0.3518 -0.3996 0.8465
vn -0.8703 -0.4891 0.0575
vn -0.8784 0.2811 0.3865
vn -0.8101 0.3171 -0.4932
vn -0.0000 0.8321 0.5546
vn -0.0001 0.7779 0.6284
vn 0.0027 0.7779 0.6284
vn -0.0000 0.7779 0.6284
vn -0.0028 0.7779 0.6284
vn 0.9530 0.1417 0.2678
vn 0.4185 0.6349 0.6494
vn 0.6777 0.3976 -0.6186
vn 0.8687 -0.4954 0.0071
vn -0.7829 -0.6221 0.0021
vn 0.9901 -0.1382 -0.0230
vn -0.9640 -0.2637 0.0330
vn 0.9641 -0.2637 0.0330
vn -0.6641 -0.0368 -0.7468
vn -0.2094 0.5498 -0.8086
vn -0.9263 -0.0408 0.3746
vn 0.9521 -0.0840 0.2941
vn 0.2094 0.5498 -0.8086
vn -0.0828 0.7409 0.6665
vn 0.0453 0.5774 -0.8152
vn -0.2550 0.7269 0.6377
vn 0.0828 0.7409 0.6665
vn -0.0453 0.5774 -0.8152
vn 0.2153 0.7322 0.6461
vn -0.6004 0.7453 -0.2899
vn -0.6498 0.7297 0.2128
vn -0.4250 0.5795 0.6954
vn -0.4439 0.6908 0.5707
vn -0.2591 0.5995 0.7573
vn -0.1715 0.6072 0.7759
vn -0.9044 -0.3618 0.2261
vn -0.0000 -0.9162 -0.4008
vn -0.1222 -0.9123 -0.3910
vn 0.0856 -0.9128 -0.3993
vn -0.0958 -0.9112 -0.4006
vn 0.1249 -0.9136 -0.3871
vn 0.9307 -0.3102 0.1939
vn 0.2591 0.5995 0.7573
vn 0.1787 0.6064 0.7749
vn 0.4064 0.5849 0.7019
vn 0.4248 0.6979 0.5766
vn -0.0467 0.1868 -0.9813
vn -0.4446 0.2171 -0.8690
vn 0.5667 0.3896 -0.7260
vn 0.6735 -0.0481 0.7376
vn 0.6251 0.7275 -0.2829
vn 0.6738 0.7093 0.2069
vn -0.2399 -0.9009 -0.3618
vn -0.2403 -0.9013 -0.3605
vn -0.2383 -0.8990 -0.3674
vn -0.8884 -0.4442 -0.1159
vn -0.2377 -0.8982 -0.3698
vn -0.3145 -0.9142 -0.2556
vn 0.0078 -0.8886 -0.4586
vn -0.1743 -0.9013 -0.3965
vn -0.4402 0.5987 0.6691
vn -0.3822 0.5435 0.7473
vn -0.0082 -0.8886 -0.4586
vn 0.3849 0.5956 0.7050
vn 0.2078 -0.8954 -0.3939
vn 0.3145 -0.9142 -0.2556
vn 0.1825 -0.9129 -0.3651
vn 0.8918 -0.4458 -0.0775
vn 0.1611 -0.9126 -0.3758
vn 0.8017 0.5346 -0.2673
vn -0.5922 -0.8054 -0.0236
vn 0.5971 -0.8002 -0.0557
vn -0.6306 0.7761 -0.0000
vn -0.3438 0.6998 -0.6261
vn 0.3496 -0.9323 0.0932
vn -0.5002 -0.8414 0.2047
vn 0.2505 -0.6376 -0.7285
vn -0.4731 -0.5460 -0.6914
vn 0.3277 0.7041 -0.6300
vn 0.8220 0.5481 0.1548
vn 0.6549 0.7557 -0.0000
vn -0.9869 -0.0444 0.1553
vn 0.2702 -0.9454 0.1825
vn -0.3868 -0.9024 0.1899
vn 0.9869 -0.0443 0.1552
vn 0.0082 0.5896 -0.8076
vn -0.1592 -0.9867 0.0319
vn 0.2194 -0.8415 -0.4938
vn -0.6504 -0.7319 -0.2032
vn -0.4175 -0.5845 -0.6957
vn 0.3732 -0.8614 0.3445
vn -0.4263 -0.8696 0.2489
vn 0.0930 -0.7807 0.6179
vn 0.7809 -0.6247 -0.0000
vn 0.0519 -0.9864 -0.1558
vn -0.2226 -0.9491 0.2226
vn 0.4449 -0.7234 0.5280
vn -0.1560 0.5926 -0.7902
vn -0.7472 -0.6340 0.1992
vn -0.8554 -0.1479 0.4964
vn 0.7899 -0.6118 0.0426
vn 0.8464 -0.4076 -0.3429
vn 0.8135 -0.5739 0.0943
vn 0.8795 -0.0923 0.4669
vn 0.7472 -0.6340 0.1993
vn 0.1560 0.5926 -0.7902
vn 0.1614 -0.9688 -0.1883
vn -0.4271 -0.8295 0.3600
vn -0.3714 -0.7428 -0.5570
vn -0.5910 -0.7752 0.2229
vn 0.6590 -0.7164 0.2292
vn -0.0396 -0.8191 0.5723
vn -0.7772 -0.5735 -0.2591
vn -0.6810 -0.7266 -0.0906
vn 0.1599 -0.9868 0.0266
vn -0.3229 -0.8770 0.3560
vn -0.2515 -0.8987 -0.3593
vn -0.6070 -0.7946 0.0090
vn 0.5176 -0.6409 0.5670
vn 0.4949 -0.3437 0.7981
vn 0.1390 -0.7230 0.6767
vn 0.7254 -0.5727 -0.3819
vn 0.2183 -0.4364 -0.8729
vn -0.4690 -0.5518 -0.6896
vn -0.7501 -0.6180 -0.2355
vn 0.7010 -0.5258 -0.4819
vn 0.2671 -0.2337 -0.9349
vn 0.7412 -0.3408 0.5784
vn 0.1643 -0.9864 -0.0000
vn -0.2412 -0.9305 -0.2756
vn -0.3062 -0.8642 0.3991
vn -0.4619 -0.8618 0.2097
vn 0.7071 -0.5657 -0.4243
vn 0.0848 -0.4875 -0.8690
vn 0.5917 -0.0858 0.8016
vn 0.0806 -0.7182 0.6911
vn -0.8481 -0.4544 0.2727
vn -0.9428 0.0471 -0.3299
vn -0.0581 -0.9490 -0.3099
vn -0.2141 -0.9681 -0.1304
vn -0.8393 -0.5289 0.1257
vn -0.1160 0.5539 0.8244
vn -0.0238 0.6446 0.7641
vn -0.0000 -0.0830 0.9965
vn 0.1377 0.5352 0.8334
vn 0.0402 0.6436 0.7643
vn 0.2186 -0.9695 -0.1109
vn 0.0573 -0.9498 -0.3074
vn 0.5235 -0.4886 -0.6980
vn -0.0448 -0.3359 -0.9408
vn 0.9428 -0.3299 0.0471
vn 0.4820 0.7318 -0.4818
vn 0.7220 0.6871 -0.0815
vn 0.4235 -0.5539 0.7168
vn -0.7647 -0.2510 -0.5935
vn 0.9174 -0.2548 0.3058
vn -0.7589 -0.4984 -0.4191
vn 0.9218 -0.2080 0.3271
vn -0.2908 -0.3964 -0.8708
vn -0.2884 -0.3941 -0.8726
vn -0.2896 -0.3951 -0.8718
vn 0.1961 -0.9806 -0.0000
vn -0.5615 0.8275 -0.0000
vn -0.2908 -0.3964 0.8708
vn -0.5190 -0.8547 0.0102
vn -0.0000 -0.8682 -0.4962
vn 0.0490 -0.9468 -0.3180
vn -0.0904 -0.9200 -0.3815
vn -0.0530 -0.9466 -0.3181
vn 0.0890 -0.9192 -0.3837
vn 0.3703 -0.9257 0.0772
vn -0.8906 -0.4039 -0.2091
vn 0.2293 -0.6883 0.6882
vn 0.7812 -0.1852 0.5962
vn -0.1520 -0.9877 0.0380
vn 0.2113 -0.7984 -0.5638
vn -0.5565 -0.8130 -0.1713
vn -0.4265 -0.6396 -0.6396
vn 0.3886 -0.8741 0.2914
vn -0.3857 -0.8801 0.2769
vn 0.0983 -0.8397 0.5340
vn 0.7976 -0.5923 -0.1140
vn 0.2800 -0.4098 -0.8681
vn -0.1915 -0.9815 -0.0000
vn 0.5615 0.8275 -0.0000
vn 0.2800 -0.4098 0.8681
vn -0.4927 -0.8442 -0.2111
vn 0.3666 -0.8551 -0.3666
vn -0.3791 -0.5306 -0.7581
vn 0.2662 -0.7386 0.6194
vn -0.2797 -0.8920 0.3550
vn 0.6867 -0.7139 0.1373
vn -0.8238 -0.3690 -0.4303
vn 0.4471 -0.0000 -0.8945
vn -0.2284 0.0572 -0.9719
vn 0.9450 0.2043 -0.2554
vn 0.7586 -0.0629 0.6485
vn -0.7231 -0.0685 -0.6874
vn -0.7230 -0.1558 -0.6731
vn -0.0000 -0.7070 -0.7073
vn -0.0000 -0.7338 0.6794
vn 0.2936 0.1761 -0.9396
vn -0.3575 0.2200 -0.9076
vn 0.7847 0.4212 -0.4549
vn 0.7701 0.1546 -0.6189
vn 0.9887 -0.0469 0.1421
vn 0.9910 -0.0911 0.0983
vn 0.9999 -0.0073 -0.0074
vn 0.9782 -0.2045 0.0364
vn 0.0321 0.6739 0.7381
vn -0.0336 0.6739 0.7381
vn -0.4609 -0.8612 0.2143
vn -0.1308 -0.9526 0.2748
vn -0.1304 -0.9526 0.2748
vn -0.1232 -0.9520 0.2801
vn 0.1891 -0.8286 -0.5270
vn -0.1428 -0.9551 0.2595
vn 0.3529 -0.7688 -0.5333
vn 0.5413 -0.1649 -0.8245
vn 0.5413 -0.1648 -0.8245
vn 0.3190 -0.8278 -0.4615
vn -0.8164 -0.5201 -0.2510
vn -0.7999 -0.0000 -0.6001
vn -0.8298 0.1456 -0.5387
vn -0.8651 -0.0930 -0.4930
vn 0.9824 -0.0307 -0.1841
vn 0.8186 -0.1392 0.5573
vn -0.4084 -0.8165 -0.4081
vn -0.2823 -0.8800 0.3819
vn -0.5636 -0.8259 0.0157
vn 0.5959 -0.6107 -0.5215
vn -0.1138 -0.4743 -0.8730
vn 0.3879 -0.7516 0.5336
vn 0.4036 -0.3949 0.8253
vn -0.0754 -0.8179 0.5704
vn 0.9500 -0.2980 0.0931
vn -0.1248 0.5407 0.8319
vn -0.3243 -0.8111 -0.4867
vn -0.8537 -0.5071 -0.1183
vn -0.9900 -0.1414 -0.0000
vn -0.9006 0.4343 -0.0157
vn -0.9270 -0.3609 0.1024
vn -0.7589 0.3163 -0.5692
vn -0.0380 0.6492 0.7597
vn -0.1231 -0.9847 0.1231
vn -0.0727 -0.7521 -0.6551
vn -0.7418 -0.6592 0.1236
vn -0.8166 -0.4082 -0.4082
vn 0.2342 -0.9699 0.0669
vn 0.3560 -0.7340 -0.5783
vn -0.2007 -0.8026 0.5618
vn 0.2287 -0.8002 0.5544
vn 0.0362 0.6484 0.7604
vn 0.1248 0.5407 0.8319
vn 0.2432 -0.8208 -0.5168
vn 0.8827 -0.4633 -0.0787
vn 0.9901 -0.1370 0.0310
vn -0.7547 0.2232 -0.6169
vn 0.3687 -0.1824 -0.9115
vn 0.1769 -0.8591 -0.4802
vn 0.0451 -0.8606 -0.5073
vn -0.1440 -0.9506 0.2750
vn -0.1432 -0.9508 0.2747
vn -0.1419 -0.9510 0.2747
vn -0.1223 -0.9519 0.2808
vn 0.8658 0.0438 0.4985
vn 0.5872 -0.5192 0.6210
vn -0.6074 0.3037 -0.7340
vn 0.8437 0.4270 0.3253
vn 0.6536 -0.4240 -0.6269
vn -0.1480 -0.9577 0.2466
vn -0.1480 -0.9577 0.2469
vn -0.1481 -0.9578 0.2464
vn 0.4493 -0.8151 -0.3657
vn -0.4427 -0.8764 0.1898
vn -0.1547 -0.9276 -0.3401
vn -0.5421 -0.8394 0.0382
vn 0.1741 -0.6962 0.6964
vn 0.2291 -0.4580 0.8589
vn -0.1565 -0.8218 0.5479
vn 0.7586 -0.5765 -0.3035
vn 0.3304 -0.5054 -0.7971
vn 0.8511 -0.2530 0.4600
vn -0.6597 -0.6598 0.3599
vn -0.8007 -0.4992 0.3311
vn -0.0000 0.6794 -0.7338
vn -0.0461 0.5994 -0.7992
vn 0.9999 0.0025 0.0101
vn 0.5545 0.8318 -0.0238
vn 0.9980 0.0634 -0.0018
vn -0.9852 0.1343 -0.1065
vn 0.9986 -0.0421 0.0334
vn -0.9005 -0.3272 0.2864
vn -0.6337 -0.6337 0.4436
vn 0.6333 -0.6485 0.4223
vn 0.9739 -0.1932 0.1192
vn 0.0461 0.5994 -0.7992
vn 0.8007 -0.4992 0.3311
vn 0.5927 -0.6915 0.4131
vn -0.8937 0.0376 -0.4470
vn -0.9062 -0.2537 -0.3383
vn -0.2286 0.0572 -0.9718
vn 0.9337 0.0274 -0.3570
vn 0.8273 -0.1191 0.5490
vn -0.7513 0.0989 -0.6525
vn -0.0870 0.1450 -0.9856
vn 0.5206 -0.4987 0.6931
vn 0.9635 -0.0332 -0.2657
vn 0.2044 0.2555 -0.9450
vn -0.5883 0.1962 -0.7845
vn 0.8069 0.3690 -0.4612
vn 0.6275 -0.1214 0.7691
vn -0.3861 0.4632 -0.7977
vn 0.9359 0.3510 0.0293
vn 0.5958 0.4258 -0.6810
vn 0.1066 0.1332 -0.9853
vn -0.6402 -0.0000 -0.7682
vn 0.7428 0.3714 -0.5570
vn 0.6087 -0.1239 0.7837
vn -0.6947 -0.0159 -0.7191
vn -0.7506 -0.3591 -0.5547
vn -0.6773 -0.4320 -0.5955
vn -0.2394 0.7582 -0.6065
vn -0.3073 0.6465 0.6983
vn -0.8939 0.3401 0.2920
vn -0.0000 -0.9551 -0.2964
vn -0.0772 -0.9608 -0.2663
vn 0.0776 -0.9615 -0.2636
vn 0.3160 0.6198 0.7183
vn 0.9215 0.2823 0.2668
vn 0.2394 0.7581 -0.6065
vn 0.6026 0.3375 -0.7232
vn 0.1040 0.3378 -0.9355
vn 0.9173 0.3862 -0.0966
vn 0.1092 0.9714 -0.2108
vn 0.1111 0.9716 -0.2089
vn 0.1131 0.9720 -0.2058
vn 0.5413 -0.1650 -0.8245
vn 0.9172 0.3931 -0.0655
vn -0.5851 -0.0831 -0.8067
vn -0.3463 0.8646 -0.3640
vn -0.3891 0.8657 0.3148
vn -0.2618 0.7536 0.6029
vn -0.2987 -0.5554 -0.7761
vn -0.2873 -0.5152 0.8075
vn -0.1543 0.7715 0.6172
vn -0.6871 -0.7255 -0.0382
vn 0.0707 0.4602 0.8850
vn -0.3573 -0.9075 -0.2210
vn 0.5086 0.6105 -0.6071
vn -0.7472 0.6476 -0.1494
vn -0.2424 -0.0000 -0.9702
vn -0.6169 0.0561 -0.7850
vn 0.4354 0.0968 -0.8950
vn 0.8148 0.5649 -0.1304
vn -0.0765 -0.8257 -0.5589
vn 0.5782 -0.8111 -0.0884
vn -0.0795 0.4773 0.8751
vn 0.3599 -0.9094 -0.2084
vn 0.2618 0.7536 0.6029
vn 0.1608 0.7707 0.6166
vn 0.2949 -0.5647 -0.7708
vn 0.2893 -0.5287 0.7980
vn -0.5984 0.4256 -0.6788
vn 0.1841 -0.2105 -0.9601
vn 0.1112 0.9714 -0.2097
vn 0.3301 0.8700 -0.3663
vn 0.3715 0.8725 0.3172
vn -0.5954 0.5103 -0.6206
vn 0.8840 0.3952 0.2496
vn -0.5997 0.4095 -0.6875
vn 0.8340 0.0993 0.5427
vn -0.1731 0.7009 -0.6919
vn 0.1690 0.8451 -0.5071
vn 0.5026 0.8304 -0.2404
vn 0.1032 0.9677 -0.2300
vn 0.1045 0.9702 -0.2188
vn 0.1034 0.9681 -0.2281
vn 0.7001 -0.1400 -0.7001
vn 0.7688 0.2562 0.5859
vn 0.6864 0.6891 0.2324
vn 0.7598 0.3299 0.5603
vn 0.5586 -0.1781 0.8101
vn -0.7310 0.6805 -0.0511
vn -0.2287 0.6902 -0.6865
vn -0.8745 0.4075 -0.2631
vn -0.0424 0.6958 -0.7170
vn -0.9678 -0.1708 0.1850
vn 0.9343 0.2882 -0.2100
vn 0.1700 0.7137 -0.6796
vn 0.5324 -0.8142 -0.2316
vn -0.1479 -0.9575 0.2476
vn 0.7506 0.3861 -0.5362
vn 0.1162 0.3486 -0.9300
vn 0.9173 0.3439 -0.2006
vn 0.3635 -0.2924 0.8845
vn -0.4631 -0.8459 0.2646
vn -0.1825 -0.9129 -0.3650
vn -0.5500 -0.8281 0.1089
vn 0.2294 -0.6883 0.6881
vn 0.2228 -0.3342 0.9158
vn -0.2543 -0.8048 0.5363
vn 0.7585 -0.5767 -0.3035
vn 0.3738 -0.4838 -0.7914
vn 0.8302 -0.3591 0.4264
vn -0.2556 0.6076 -0.7520
vn -0.8545 -0.0000 -0.5194
vn -0.4760 0.7141 -0.5133
vn -0.4734 0.7163 -0.5126
vn -0.4671 0.7217 -0.5109
vn -0.2982 0.5567 -0.7754
vn -0.6460 0.0663 -0.7604
vn 0.4004 0.2827 -0.8716
vn -0.4062 0.2217 -0.8865
vn 0.8422 0.3368 -0.4211
vn 0.9459 0.2782 0.1669
vn -0.6561 -0.4668 -0.5930
vn -0.4322 -0.1081 -0.8953
vn -0.2883 -0.3938 -0.8728
vn -0.3806 -0.0952 0.9198
vn -0.2512 -0.3559 0.9002
vn -0.7620 -0.1270 0.6350
vn -0.9900 0.1413 -0.0000
vn -0.9912 0.1327 0.0016
vn -0.9903 0.1390 0.0004
vn -0.9974 0.0505 0.0505
vn -0.9914 0.1307 0.0019
vn -0.1798 -0.7390 -0.6493
vn -0.9227 0.3478 -0.1664
vn 0.1798 -0.7390 -0.6493
vn 0.0162 -0.1993 -0.9798
vn 0.7644 -0.2093 0.6098
vn 0.3799 -0.2719 -0.8842
vn 0.3335 -0.2437 0.9107
vn 0.0568 0.8290 -0.5564
vn -0.1960 0.7845 -0.5883
vn 0.1272 0.8721 -0.4724
vn 0.5736 0.7981 -0.1846
vn -0.0000 0.8269 -0.5623
vn 0.2028 0.8660 -0.4571
vn 0.5812 0.8026 -0.1344
vn 0.4608 0.8620 -0.2114
vn 0.7702 0.2853 0.5705
vn 0.6247 0.7809 -0.0000
vn 0.2985 0.8793 -0.3711
vn 0.7336 0.4219 0.5327
vn -0.5762 -0.1405 -0.8051
vn -0.3624 0.9320 -0.0000
vn -0.7196 -0.5456 0.4295
vn -0.9243 -0.3386 0.1760
vn -0.9852 0.1506 0.0817
vn 0.9686 0.2242 0.1079
vn 0.9449 -0.2734 0.1800
vn 0.6885 -0.5553 0.4664
vn 0.3853 0.8385 -0.3853
vn 0.3457 0.9383 -0.0000
vn -0.4669 0.7221 -0.5104
vn 0.7201 0.6548 0.2297
vn 0.7484 0.4449 0.4919
vn 0.4852 0.8593 -0.1618
vn 0.8322 -0.0912 -0.5469
vn 0.6202 0.2875 0.7298
vn -0.1862 0.7860 -0.5895
vn -0.0762 0.7833 0.6169
vn -0.1562 -0.8061 -0.5707
vn -0.2699 0.7908 -0.5493
vn -0.0947 0.8265 -0.5549
vn 0.3029 0.7800 -0.5476
vn 0.6692 0.6087 0.4261
vn -0.0000 0.7593 0.6508
vn 0.1515 -0.8121 -0.5636
vn 0.1862 0.7860 -0.5895
vn 0.1325 0.9702 -0.2028
vn 0.1116 0.9714 -0.2094
vn -0.2998 0.5578 -0.7739
vn 0.3254 -0.2035 0.9234
vn -0.4776 -0.6164 -0.6261
vn -0.3568 -0.6165 -0.7018
vn -0.0000 0.8574 0.5147
vn -0.1687 -0.8201 -0.5468
vn -0.1458 -0.9502 0.2755
vn -0.1444 -0.9506 0.2748
vn -0.0000 0.9889 -0.1484
vn -0.0000 0.7371 0.6757
vn -0.1824 0.7478 0.6384
vn 0.1824 0.7478 0.6384
vn 0.4417 -0.6178 -0.6506
vn 0.3762 -0.6173 -0.6909
vn 0.3263 0.9424 -0.0732
vn 0.3804 0.8797 -0.2853
vn 0.7366 0.3967 0.5477
vn 0.4895 0.8566 -0.1632
vn -0.0592 0.6659 -0.7437
vn 0.2229 -0.9284 -0.2972
vn -0.1030 -0.9436 -0.3146
vn 0.0825 -0.9072 0.4125
vn -0.0767 -0.9164 0.3929
vn 0.4186 0.1971 -0.8865
vn -0.2907 0.2998 -0.9086
vn 0.9014 0.2705 -0.3380
vn 0.9321 0.3609 0.0300
vn -0.2747 0.8985 -0.3423
vn -0.2596 0.8478 0.4624
vn -0.3031 0.9163 0.2618
vn -0.6277 0.6759 0.3863
vn -0.1741 -0.6960 0.6966
vn 0.2856 -0.4283 0.8573
vn 0.2858 -0.4286 0.8571
vn 0.6618 0.6482 0.3767
vn 0.2748 0.8985 -0.3423
vn 0.2596 0.8478 0.4624
vn 0.3032 0.9163 0.2618
vn 0.4298 0.8831 -0.1883
vn 0.5369 0.8437 -0.0000
vn 0.0465 -0.6068 -0.7935
vn -0.1104 -0.7137 -0.6917
vn 0.7254 -0.4299 0.5375
vn 0.8716 -0.4005 -0.2827
vn -0.2693 -0.2016 0.9417
vn 0.5545 0.0001 0.8322
vn -0.3627 -0.9248 0.1148
vn 0.1130 -0.8470 0.5195
vn -0.1333 -0.9333 0.3334
vn -0.5242 -0.8424 -0.1248
vn 0.8023 -0.5774 -0.1518
vn -0.1499 -0.9488 0.2782
vn -0.1491 -0.9497 0.2753
vn -0.1502 -0.9483 0.2794
vn 0.6880 -0.7195 -0.0951
vn -0.0794 -0.9841 0.1588
vn 0.0161 -0.0023 0.9999
vn 0.0163 -0.0006 0.9999
vn 0.0162 -0.0017 0.9999
vn 0.4782 -0.2050 -0.8540
vn 0.6201 0.4294 0.6566
vn -0.1359 0.8625 0.4875
vn -0.0727 -0.1817 -0.9807
vn 0.1417 0.8618 0.4871
vn -0.3923 -0.8917 0.2259
vn 0.2250 -0.7811 0.5825
vn -0.2105 -0.8793 0.4272
vn -0.6856 -0.7273 -0.0311
vn 0.6374 -0.2883 0.7146
vn -0.3255 -0.9267 0.1879
vn -0.3257 -0.9266 0.1878
vn 0.1848 -0.8547 0.4851
vn -0.1641 -0.9302 0.3283
vn -0.7456 -0.5750 -0.3369
vn 0.4808 -0.5725 0.6641
vn -0.1508 -0.9265 0.3448
vn -0.7528 -0.4898 -0.4398
vn 0.5941 -0.3094 0.7425
vn -0.3891 -0.9174 0.0835
vn -0.3892 -0.9174 0.0834
vn -0.1383 -0.9218 0.3621
vn -0.0879 -0.3736 -0.9234
vn 0.1899 -0.9813 -0.0317
vn -0.4613 -0.8872 -0.0000
vn -0.4206 -0.8628 0.2804
vn 0.4682 -0.5984 -0.6502
vn -0.2117 -0.4869 -0.8474
vn -0.2095 -0.4805 -0.8516
vn -0.2094 -0.4802 -0.8518
vn 0.6396 -0.6397 0.4264
vn -0.1967 -0.4435 0.8744
vn -0.5887 -0.4722 0.6561
vn -0.7588 0.6323 0.1564
vn -0.2738 0.9576 -0.0900
vn -0.2195 0.7467 0.6279
vn -0.3619 0.5171 0.7757
vn -0.0483 0.8375 -0.5444
vn 0.0483 0.8375 -0.5444
vn 0.8233 0.5489 0.1444
vn 0.6264 -0.4893 0.6068
vn -0.6428 -0.7654 -0.0306
vn -0.8503 -0.3417 -0.4002
vn 0.6344 -0.2210 0.7408
vn -0.7059 -0.0588 -0.7059
vn -0.6969 -0.3690 -0.6149
vn 0.5388 -0.2450 0.8060
vn -0.1052 -0.9071 0.4075
vn -0.5147 -0.8466 -0.1354
vn 0.1049 0.9702 -0.2183
vn 0.0036 0.6381 -0.7700
vn 0.9465 -0.2930 -0.1353
vn -0.3011 0.9536 -0.0000
vn -0.7073 -0.5147 0.4846
vn -0.8718 0.1397 0.4695
vn -0.1982 -0.5765 -0.7927
vn -0.3509 -0.5347 -0.7687
vn -0.0000 0.9487 0.3163
vn -0.1793 -0.5143 -0.8387
vn -0.6099 -0.7892 0.0718
vn -0.1543 -0.6171 -0.7716
vn -0.8603 -0.3719 -0.3487
vn -0.0000 -0.9216 0.3881
vn -0.2544 -0.8721 0.4179
vn 0.5681 -0.8205 -0.0631
vn 0.4248 -0.8495 0.3130
vn 0.6968 -0.3483 -0.6271
vn -0.3253 -0.8676 0.3760
vn 0.2262 -0.9044 0.3618
vn 0.1869 -0.5778 -0.7945
vn 0.1729 -0.5160 -0.8389
vn 0.3688 -0.5308 -0.7630
vn 0.8609 0.2097 0.4636
vn 0.7137 -0.4798 0.5102
vn 0.3012 0.9536 -0.0000
vn 0.7587 -0.3034 0.5765
vn -0.2119 -0.6359 0.7421
vn -0.8689 -0.4634 0.1737
vn 0.4259 -0.4162 0.8034
vn -0.2824 -0.9243 0.2568
vn -0.4920 -0.8392 -0.2316
vn -0.4920 -0.8393 -0.2315
vn 0.2459 -0.4635 0.8513
vn 0.1068 0.9634 -0.2459
vn 0.9363 -0.0577 -0.3463
vn -0.0632 0.1539 -0.9861
vn 0.8480 0.3180 0.4241
vn 0.9407 0.3305 -0.0762
vn 0.5419 0.8346 -0.0989
vn 0.5812 0.8137 -0.0000
vn 0.4263 0.6395 0.6397
vn -0.0000 0.8638 0.5039
vn 0.9176 -0.3952 0.0423
vn -0.6887 -0.7206 -0.0801
vn -0.8130 -0.5029 -0.2934
vn -0.9373 -0.3159 0.1474
vn 0.6888 -0.7206 -0.0801
vn 0.8131 -0.5028 -0.2933
vn 0.9123 -0.3802 0.1521
vn 0.3762 -0.0288 0.9261
vn -0.9117 -0.2279 0.3419
vn -0.8296 -0.0790 -0.5528
vn -0.6734 -0.1945 -0.7132
vn 0.6329 0.5179 -0.5755
vn 0.3505 -0.0584 -0.9347
vn 0.1695 0.2998 -0.9388
vn -0.0756 -0.2595 -0.9628
vn 0.5004 -0.0834 0.8618
vn 0.1091 0.2480 0.9626
vn -0.1580 -0.3591 0.9198
vn -0.1548 0.9511 -0.2674
vn -0.9102 -0.2488 0.3311
vn 0.1581 0.9489 -0.2732
vn -0.7823 0.1767 -0.5973
vn 0.0518 0.9421 0.3314
vn 0.0164 -0.0000 0.9999
vn -0.5518 -0.2123 -0.8065
vn -0.4674 -0.1169 0.8763
vn -0.1414 -0.9899 -0.0000
vn -0.3344 0.9424 -0.0000
vn -0.4674 -0.1169 -0.8763
vn -0.3067 -0.8073 -0.5042
vn -0.6087 -0.5303 0.5902
vn -0.9514 -0.1518 0.2680
vn 0.1561 0.9664 -0.2044
vn 0.1590 0.9656 -0.2056
vn 0.1574 0.9661 -0.2049
vn 0.1558 0.9665 -0.2042
vn 0.9660 -0.2557 -0.0379
vn 0.5797 -0.5138 0.6324
vn 0.4674 -0.1169 0.8763
vn 0.1414 -0.9900 -0.0000
vn 0.3344 0.9424 -0.0000
vn 0.4674 -0.1169 -0.8763
vn -0.5839 0.4529 -0.6738
vn -0.3752 -0.9245 0.0670
vn 0.1409 -0.8829 0.4479
vn 0.1408 -0.8829 0.4479
vn -0.6122 0.3962 -0.6843
vn -0.0737 -0.9404 0.3319
vn -0.4735 -0.8740 -0.1094
vn -0.4734 -0.8740 -0.1093
vn -0.4734 -0.8741 -0.1091
vn -0.9758 0.0271 0.2168
vn -0.4093 0.1861 0.8932
vn 0.7950 0.3478 -0.4970
vn 0.8586 0.3489 0.3756
vn -0.1424 0.9763 0.1627
vn -0.1055 0.2953 -0.9495
vn -0.8018 0.2671 -0.5345
vn 0.4188 0.2691 -0.8673
vn 0.1484 0.9755 0.1626
vn -0.8543 -0.4475 -0.2644
vn -0.7227 0.3756 -0.5801
vn -0.3090 -0.9394 0.1483
vn 0.1630 -0.9177 0.3622
vn -0.7663 -0.5747 -0.2873
vn -0.0733 -0.9532 0.2933
vn 0.4866 -0.5603 0.6703
vn 0.7799 0.1071 0.6167
vn -0.7760 -0.4759 -0.4139
vn 0.7191 0.5231 0.4576
vn 0.5598 -0.3566 0.7480
vn 0.7320 0.3430 0.5887
vn -0.3395 -0.9402 0.0261
vn -0.3394 -0.9403 0.0262
vn -0.0938 -0.9376 0.3348
vn -0.7175 -0.2717 -0.6414
vn -0.5011 0.4036 -0.7655
vn 0.6917 0.4289 0.5810
vn -0.8700 0.4834 0.0966
vn -0.0525 0.5540 -0.8309
vn -0.2937 -0.9194 0.2618
vn -0.3876 -0.9205 -0.0486
vn 0.2246 -0.2979 0.9278
vn 0.3007 -0.9524 -0.0501
vn -0.4238 -0.8977 -0.1202
vn -0.2968 -0.7015 0.6479
vn -0.4346 0.8348 0.3380
vn -0.6107 0.7669 0.1970
vn -0.2553 0.8831 0.3937
vn 0.9279 0.3415 -0.1494
vn 0.9280 0.3414 -0.1494
vn 0.9280 -0.3414 0.1494
vn 0.4346 0.8348 0.3380
vn 0.2553 0.8831 0.3937
vn 0.6107 0.7669 0.1970
vn -0.2811 -0.9421 0.1828
vn 0.2386 -0.8824 0.4055
vn 0.0142 -0.9351 0.3542
vn -0.7287 -0.6751 -0.1151
vn 0.7004 0.7061 0.1045
vn -0.8833 -0.2166 -0.4157
vn -0.8854 -0.2337 -0.4019
vn -0.8854 -0.2338 -0.4018
vn -0.6171 0.5432 -0.5693
vn 0.8432 0.4265 0.3274
vn 0.5772 -0.5775 0.5773
vn -0.1761 -0.9685 0.1761
vn 0.7223 -0.2408 0.6483
vn 0.1403 -0.8830 0.4479
vn -0.7071 -0.0000 -0.7071
vn -0.4734 -0.8741 -0.1093
vn -0.4930 0.4886 -0.7199
vn 0.5809 0.6682 0.4649
vn -0.6804 -0.2721 -0.6805
vn 0.5794 -0.1932 0.7918
vn -0.4868 -0.8410 -0.2361
vn -0.0834 -0.9174 0.3891
vn 0.5919 0.1325 0.7951
vn 0.5612 0.3405 0.7544
vn -0.4364 -0.2184 -0.8728
vn 0.8320 0.5547 -0.0000
vn 0.5976 0.6329 -0.4922
vn 0.0621 0.5227 0.8503
vn 0.8451 0.5072 -0.1690
vn 0.4806 -0.6073 -0.6326
vn -0.2500 -0.6417 -0.7251
vn 0.6311 -0.6312 0.4508
vn -0.2587 -0.5850 0.7687
vn -0.6086 -0.7911 0.0608
vn -0.1491 -0.7267 -0.6706
vn -0.7047 -0.6460 -0.2936
vn 0.1637 -0.9095 0.3820
vn -0.8445 -0.2070 0.4939
vn -0.3100 -0.8088 0.4997
vn 0.6035 -0.7955 -0.0548
vn 0.4327 -0.8655 0.2524
vn 0.6397 -0.4263 -0.6396
vn -0.2770 -0.1349 -0.9513
vn -0.1240 0.9923 -0.0000
vn -0.6055 -0.0626 0.7934
vn -0.5604 0.6530 0.5095
vn -0.0383 0.9963 -0.0767
vn -0.0139 0.9702 -0.2418
vn -0.9347 0.3541 0.0295
vn -0.0000 0.9048 0.4258
vn 0.8797 0.3771 -0.2896
vn -0.8973 0.4044 -0.1769
vn -0.9280 -0.3413 0.1493
vn 0.2309 -0.9231 0.3077
vn -0.4285 -0.8572 0.2857
vn 0.0380 0.9877 -0.1520
vn 0.0179 0.9698 -0.2433
vn 0.6197 0.5991 0.5070
vn 0.1293 0.9916 -0.0000
vn 0.6055 -0.0626 0.7934
vn -0.7402 -0.6679 -0.0782
vn 0.7133 -0.4044 0.5725
vn 0.7769 -0.3390 0.5306
vn 0.5124 -0.2236 0.8291
vn -0.1244 -0.9461 0.2989
vn -0.4246 0.4148 -0.8048
vn -0.1561 -0.9370 0.3124
vn -0.4546 -0.8507 -0.2640
vn 0.9768 -0.1627 -0.1395
vn -0.5256 -0.4628 -0.7138
vn -0.2540 -0.9033 -0.3458
vn -0.7573 -0.6196 -0.2065
vn 0.1479 -0.9205 -0.3616
vn 0.7327 -0.6256 -0.2681
vn 0.9299 -0.3488 0.1163
vn 0.4966 -0.4577 -0.7375
vn -0.5495 0.8241 0.1373
vn -0.2126 0.9035 0.3720
vn -0.6186 -0.2284 -0.7518
vn -0.4507 -0.8710 -0.1954
vn 0.3121 -0.4579 0.8324
vn -0.5548 -0.1632 -0.8158
vn -0.2620 0.5098 -0.8194
vn 0.2426 0.4929 -0.8355
vn 0.2209 0.4561 0.8621
vn 0.3619 -0.0517 -0.9308
vn -0.0110 -0.2447 -0.9695
vn 0.1898 -0.9813 -0.0316
vn -0.4051 -0.9134 -0.0405
vn -0.4102 -0.8701 0.2734
vn 0.5721 -0.6673 -0.4768
vn -0.1749 -0.6664 -0.7248
vn 0.6700 -0.5359 0.5137
vn -0.3399 -0.5140 0.7876
vn 0.6673 -0.7387 0.0953
vn -0.0000 0.9939 0.1105
vn 0.5432 -0.8156 0.1993
vn -0.1503 -0.9317 0.3306
vn -0.1504 -0.9317 0.3306
vn -0.9300 -0.3487 0.1162
vn -0.0353 0.8578 -0.5128
vn -0.3085 -0.9502 0.0432
vn 0.1810 -0.8922 0.4138
vn -0.0116 0.9024 -0.4308
vn -0.0000 -0.9487 0.3162
vn -0.4423 -0.8847 -0.1474
vn 0.7504 0.4360 0.4969
vn 0.3301 0.9352 -0.1284
vn 0.3671 0.9249 -0.0989
vn -0.0000 0.9864 -0.1644
vn -0.5333 -0.1660 -0.8295
vn 0.6620 -0.7451 0.0812
vn -0.1268 -0.9661 0.2248
vn -0.1264 -0.9663 0.2242
vn -0.1255 -0.9667 0.2229
vn -0.1480 -0.9511 0.2710
vn 0.5218 0.0549 0.8513
vn 0.0931 0.2585 0.9615
vn 0.9900 -0.1413 -0.0000
vn -0.8246 -0.2911 0.4851
vn -0.5869 -0.2935 -0.7546
vn -0.5619 -0.2810 0.7780
vn -0.4642 0.8299 -0.3095
vn -0.0505 0.9134 -0.4039
vn -0.9242 -0.3080 0.2259
vn 0.2171 0.8806 -0.4212
vn -0.9285 -0.3714 -0.0000
vn -0.8973 -0.4282 -0.1075
vn 0.9285 -0.3714 -0.0000
vn 0.7589 -0.5692 -0.3162
vn 0.6694 -0.6936 -0.2662
vn 0.8973 -0.4282 -0.1075
vn 0.0001 0.8944 -0.4472
vn -0.3709 -0.9275 0.0464
vn 0.1095 -0.9593 0.2603
vn 0.5918 -0.2663 -0.7608
vn 0.5662 -0.2548 0.7839
vn -0.0312 0.9176 -0.3962
vn -0.7101 0.4458 -0.5449
vn -0.7347 -0.6200 -0.2755
vn -0.6979 -0.6152 -0.3667
vn 0.4890 0.8693 -0.0724
vn 0.7420 -0.2119 0.6360
vn 0.6621 -0.4912 0.5660
vn 0.0230 -0.9573 0.2883
vn -0.6545 0.4308 -0.6213
vn -0.8055 -0.4081 -0.4296
vn -0.7556 -0.4052 -0.5147
vn 0.0053 0.9256 -0.3786
vn 0.4471 0.8945 -0.0001
vn 0.5695 -0.4362 0.6967
vn 0.3923 0.9157 -0.0873
vn -0.2672 -0.9622 -0.0534
vn 0.0766 -0.9204 0.3835
vn 0.1915 0.9391 -0.2853
vn 0.4590 0.3489 0.8170
vn 0.4105 0.8596 -0.3042
vn 0.4223 0.8787 0.2225
vn 0.5027 -0.0718 -0.8615
vn 0.2239 0.1707 -0.9595
vn 0.0781 -0.2235 -0.9716
vn -0.2138 0.1710 -0.9618
vn -0.8433 0.1055 -0.5270
vn 0.5003 0.2896 -0.8160
vn 0.9455 -0.1143 -0.3050
vn -0.0000 -0.8805 0.4741
vn -0.9980 0.0336 0.0528
vn 0.9990 -0.0241 -0.0379
vn 0.0112 -0.8781 0.4784
vn 0.9196 -0.3842 -0.0815
vn 0.9197 -0.3842 -0.0815
vn 0.2374 -0.9494 0.2057
vn -0.2687 0.8867 -0.3762
vn -0.8973 0.4043 -0.1769
vn 0.2687 0.8867 -0.3762
vn -0.4525 -0.8914 0.0266
vn 0.1951 -0.9311 0.3083
vn 0.1123 -0.9458 0.3046
vn -0.7383 -0.6553 -0.1595
vn -0.7311 -0.6637 -0.1584
vn -0.7308 -0.6639 -0.1587
vn -0.8683 0.2150 -0.4471
vn -0.8923 -0.2533 -0.3738
vn 0.8196 -0.2653 0.5079
vn 0.2349 -0.9007 0.3655
vn 0.2356 -0.9007 0.3650
vn 0.2411 -0.9013 0.3599
vn 0.7175 -0.2718 0.6414
vn 0.6917 -0.2722 0.6690
vn 0.6917 -0.2721 0.6690
vn 0.2068 -0.8722 0.4434
vn 0.2061 -0.8719 0.4441
vn 0.1982 -0.8713 0.4490
vn -0.6304 0.0629 -0.7737
vn -0.6690 -0.2722 -0.6916
vn -0.4206 -0.8906 -0.1732
vn 0.6873 0.3840 0.6166
vn 0.6361 0.1395 0.7589
vn 0.6098 -0.1553 0.7772
vn -0.4218 -0.8736 -0.2428
vn -0.4220 -0.8739 -0.2412
vn -0.4221 -0.8739 -0.2413
vn -0.0756 -0.9578 0.2773
vn -0.3446 -0.9351 -0.0821
vn -0.1732 -0.9164 0.3608
vn 0.5650 0.3065 0.7660
vn 0.3591 0.9295 -0.0845
vn 0.3592 0.9294 -0.0844
vn 0.3592 0.9294 -0.0845
vn 0.3852 0.0888 0.9186
vn -0.0000 0.3161 0.9487
vn -0.1412 -0.0470 0.9889
vn 0.7444 0.3436 -0.5726
vn 0.8800 0.3473 0.3242
vn -0.9264 0.3112 0.2121
vn -0.1637 -0.4429 -0.8815
vn -0.3285 -0.4224 -0.8448
vn 0.2357 -0.9428 0.2357
vn -0.4364 -0.8729 0.2183
vn 0.1551 -0.4426 -0.8832
vn 0.3456 -0.4197 -0.8393
vn -0.8489 -0.4799 -0.2214
vn -0.7807 0.3904 -0.4879
vn 0.7754 -0.4598 0.4328
vn 0.0926 -0.9522 0.2910
vn -0.7131 0.4620 -0.5273
vn 0.8522 0.3673 0.3726
vn 0.7326 0.5037 0.4579
vn -0.5399 0.4779 -0.6929
vn 0.5944 0.0800 0.8002
vn 0.5345 -0.2673 0.8018
vn -0.0698 -0.9542 0.2910
vn -0.1002 -0.9523 0.2882
vn -0.0966 -0.9532 0.2865
vn -0.0928 -0.9537 0.2861
vn -0.3964 -0.8636 -0.3114
vn -0.3961 -0.8637 -0.3116
vn 0.2399 0.9516 -0.1919
vn 0.6408 0.3922 0.6599
vn -0.4286 -0.2857 -0.8571
vn -0.3885 -0.2913 -0.8742
vn -0.3355 -0.9396 -0.0670
vn 0.2202 -0.2753 0.9358
vn -0.1021 0.5489 -0.8296
vn -0.3391 -0.9346 0.1076
vn -0.2118 -0.4872 -0.8472
vn -0.1643 -0.4246 0.8904
vn 0.9820 -0.1372 -0.1300
vn 0.1666 0.2444 -0.9553
vn -0.0380 -0.9877 0.1519
vn -0.4237 -0.7591 -0.4942
vn -0.5645 -0.7527 0.3387
vn -0.8320 -0.5548 -0.0000
vn 0.5726 -0.8017 -0.1718
vn 0.4331 -0.4725 -0.7676
vn 0.0001 -0.8944 0.4472
vn 0.5779 -0.8073 0.1193
vn 0.7713 0.3663 -0.5206
vn -0.2587 0.6293 0.7328
vn -0.5518 0.7412 0.3823
vn -0.4316 0.8633 0.2616
vn -0.3713 -0.7428 -0.5571
vn 0.2426 -0.7761 -0.5821
vn 0.9245 -0.3699 0.0925
vn 0.4316 0.8633 0.2616
vn 0.5226 0.7776 0.3495
vn 0.2748 0.6227 0.7326
vn -0.8257 -0.4849 -0.2883
vn -0.2589 -0.9632 0.0719
vn 0.7422 0.6454 0.1807
vn 0.2415 -0.9014 0.3594
vn -0.4513 -0.8923 0.0105
vn -0.7972 0.3480 -0.4933
vn -0.7262 -0.6194 -0.2983
vn 0.6281 -0.2714 0.7292
vn 0.1973 -0.8714 0.4492
vn -0.7539 -0.1507 -0.6395
vn -0.4257 -0.8893 -0.1670
vn -0.4374 -0.8861 -0.1534
vn 0.1298 -0.8800 0.4569
vn -0.6316 -0.1521 -0.7602
vn -0.6033 -0.1565 -0.7820
vn -0.4229 -0.8738 -0.2399
vn 0.4581 -0.0458 0.8877
vn 0.3429 -0.4072 0.8465
vn 0.7569 0.6358 -0.1513
vn 0.7978 0.4632 -0.3860
vn 0.8327 0.3492 0.4297
vn -0.7450 -0.3240 0.5831
vn -0.2749 -0.8032 0.5285
vn -0.6237 -0.1882 0.7586
vn -0.7118 -0.3613 0.6023
vn -0.6969 -0.3689 0.6150
vn -0.3130 -0.9170 0.2474
vn 0.4082 -0.8982 0.1633
vn -0.9578 -0.2604 -0.1215
vn -0.8232 -0.5144 -0.2401
vn -0.7881 -0.4925 -0.3694
vn -0.8995 0.4171 -0.1303
vn -0.9223 -0.3689 0.1153
vn 0.7295 -0.5472 -0.4104
vn -0.7494 -0.6424 0.1606
vn 0.5998 -0.1864 0.7781
vn 0.7118 -0.3614 0.6023
vn 0.6678 -0.3830 0.6383
vn 0.8362 0.2633 0.4811
vn 0.6260 -0.5759 0.5258
vn 0.6258 -0.5759 0.5260
vn 0.6241 -0.5760 0.5279
vn 0.8001 0.4080 0.4398
vn 0.6240 -0.5760 0.5280
vn -0.7370 0.3418 -0.5830
vn -0.7366 0.3424 -0.5832
vn -0.7369 0.3427 -0.5826
vn -0.7285 0.3418 -0.5937
vn -0.6559 0.3915 -0.6454
vn -0.6559 0.3923 -0.6449
vn -0.6644 0.3942 -0.6350
vn -0.7198 -0.4842 -0.4973
vn -0.6426 0.4920 -0.5874
vn -0.7458 -0.4866 -0.4550
vn 0.7028 0.4882 0.5174
vn 0.5787 -0.4759 0.6623
vn -0.4679 0.4159 -0.7798
vn -0.5212 -0.2665 -0.8108
vn -0.5079 -0.2656 -0.8195
vn -0.3967 -0.8636 -0.3113
vn -0.2762 0.5577 -0.7828
vn 0.8172 -0.5591 -0.1398
vn -0.4606 -0.6899 -0.5584
vn -0.1331 -0.9558 0.2623
vn -0.1351 -0.9530 0.2712
vn -0.1355 -0.9525 0.2728
vn -0.1271 -0.9581 0.2567
vn -0.6288 0.7597 -0.1659
vn -0.0257 0.8079 -0.5888
vn -0.8740 0.4228 -0.2396
vn 0.5553 0.6513 -0.5171
vn -0.0532 0.9398 0.3374
vn -0.2237 0.9295 0.2931
vn -0.9916 0.0128 0.1288
vn -0.9062 -0.3626 0.2175
vn 0.8571 0.4287 -0.2857
vn 0.9197 -0.3841 -0.0815
vn 0.9303 -0.3650 0.0353
vn 0.0532 0.9398 0.3374
vn 0.9718 -0.1820 -0.1497
vn 0.2237 0.9295 0.2931
vn -0.2702 -0.9594 0.0811
vn 0.1485 -0.9586 0.2430
vn -0.7387 -0.6548 -0.1597
vn -0.7573 0.4053 -0.5120
vn -0.8632 -0.3453 -0.3683
vn -0.8288 0.4843 -0.2801
vn -0.8979 -0.3591 -0.2544
vn 0.8932 -0.0894 0.4407
vn 0.5773 -0.6691 0.4680
vn 0.7745 0.2692 0.5725
vn 0.7071 0.5658 0.4242
vn 0.7071 0.5657 0.4242
vn -0.6651 0.3931 -0.6349
vn -0.6267 0.2127 -0.7497
vn -0.4242 0.5657 -0.7071
vn -0.4242 0.5658 -0.7070
vn -0.6828 -0.5280 -0.5051
vn 0.6747 0.4396 0.5929
vn 0.6643 0.1398 0.7342
vn 0.5585 -0.1627 0.8134
vn -0.6632 -0.2722 -0.6972
vn -0.4293 -0.8735 -0.2294
vn 0.3229 0.5836 -0.7451
vn 0.1901 0.4680 0.8630
vn 0.9107 -0.1847 -0.3696
vn -0.3125 0.8836 -0.3486
vn 0.1940 0.8211 -0.5368
vn -0.4339 -0.8681 0.2411
vn -0.9096 -0.0414 -0.4134
vn -0.8745 -0.4036 -0.2691
vn -0.1610 0.9238 -0.3475
vn -0.8778 0.1464 -0.4561
vn -0.8862 0.1992 -0.4182
vn 0.8280 -0.2646 0.4945
vn 0.7683 0.5928 0.2415
vn 0.8604 -0.2598 0.4384
vn -0.0556 0.9515 -0.3027
vn 0.3954 0.9171 0.0504
vn -0.0879 0.9374 -0.3369
vn 0.3503 0.9364 0.0202
vn -0.4558 0.5700 -0.6837
vn 0.2705 0.9623 -0.0266
vn 0.6349 0.3931 0.6651
vn 0.0556 0.9615 -0.2692
vn 0.6066 0.1983 0.7699
vn 0.5534 0.5770 0.6006
vn 0.5535 0.5770 0.6005
vn 0.5540 0.5770 0.6001
vn 0.5563 -0.1629 0.8148
vn 0.2672 -0.4035 0.8751
vn -0.0930 -0.9540 0.2849
vn -0.2715 -0.9569 -0.1034
vn -0.1186 -0.9348 0.3348
vn 0.3642 0.9304 0.0407
vn 0.4507 0.4078 0.7941
vn 0.1057 0.2906 0.9510
vn 0.7001 0.7001 -0.1399
vn -0.5757 0.1382 -0.8059
vn -0.9450 0.2043 -0.2554
vn -0.7917 -0.2572 0.5541
vn 0.2817 0.1536 -0.9471
vn -0.0566 -0.9518 0.3016
vn 0.9819 -0.0745 -0.1740
vn 0.5724 -0.8154 0.0867
vn -0.4350 -0.8700 0.2320
vn 0.9272 0.3710 -0.0515
vn 0.9272 -0.3710 0.0515
vn -0.1312 0.9257 -0.3549
vn -0.0851 0.9488 -0.3041
vn 0.3851 0.9225 -0.0269
vn -0.5371 0.0839 -0.8393
vn 0.5700 0.4914 0.6585
vn 0.5119 0.4051 0.7575
vn 0.5072 0.4052 0.7606
vn 0.5120 0.4053 0.7573
vn -0.3782 -0.3441 -0.8594
vn -0.4035 -0.3398 -0.8495
vn -0.2851 -0.9501 -0.1268
vn 0.4082 0.4082 0.8165
vn 0.2135 -0.3627 0.9071
vn 0.2474 -0.3597 0.8997
vn 0.3300 0.9439 -0.0091
vn -0.2721 -0.9439 0.1871
vn -0.1978 -0.5044 -0.8405
vn 0.0983 0.4557 -0.8847
vn 0.1008 0.9657 -0.2395
vn 0.1109 0.9587 -0.2618
vn -0.2983 -0.9545 -0.0000
vn -0.2057 -0.6789 -0.7048
vn -0.1747 -0.5767 0.7981
vn 0.3975 0.8744 -0.2782
vn 0.3773 0.8854 0.2717
vn 0.3252 0.4030 -0.8555
vn 0.0577 0.3894 0.9193
vn -0.4707 -0.1659 -0.8665
vn -0.1818 0.7992 0.5728
vn -0.9933 0.0388 0.1086
vn -0.5554 0.7486 -0.3622
vn 0.6046 0.6048 -0.5183
vn -0.2331 0.9329 -0.2744
vn -0.8868 0.4433 -0.1304
vn -0.8889 0.4444 -0.1111
vn -0.9245 -0.3698 0.0925
vn -0.8889 0.4444 0.1111
vn -0.9129 -0.3651 0.1826
vn 0.2336 0.9328 -0.2744
vn 0.9229 0.3693 -0.1086
vn -0.9092 -0.3636 -0.2026
vn -0.2979 -0.9467 0.1228
vn 0.1723 0.7996 0.5753
vn 0.7412 0.6213 0.2541
vn 0.7822 0.4072 0.4715
vn -0.6301 0.4922 -0.6006
vn -0.2139 0.6523 -0.7272
vn -0.5578 -0.4528 -0.6956
vn 0.2418 0.9670 -0.0806
vn 0.5070 0.4056 0.7605
vn 0.2440 0.9674 -0.0673
vn -0.1296 0.5385 -0.8326
vn -0.1304 -0.4434 0.8868
vn -0.8538 0.4805 0.2005
vn 0.7601 0.3258 -0.5623
vn 0.4660 -0.8784 0.1064
vn 0.4658 -0.8784 0.1065
vn 0.1326 -0.9550 0.2653
vn -0.7881 -0.3941 0.4729
vn -0.0383 -0.9224 0.3843
vn -0.9274 0.3711 0.0464
vn -0.8565 -0.4773 0.1966
vn -0.8645 -0.4740 0.1673
vn -0.2053 -0.9677 0.1467
vn 0.9210 -0.3683 -0.1267
vn 0.2419 -0.9673 0.0756
vn 0.9981 -0.0000 -0.0623
vn -0.4063 -0.3208 -0.8556
vn 0.2678 -0.3383 -0.9021
vn 0.2990 0.9108 -0.2847
vn -0.2989 0.9108 -0.2847
vn -0.8270 0.4081 -0.3867
vn -0.8944 -0.3577 -0.2684
vn -0.2063 0.8998 -0.3844
vn -0.1289 -0.5742 -0.8085
vn -0.2219 -0.5490 0.8059
vn 0.4511 0.8665 -0.2137
vn 0.4001 0.9076 0.1270
vn -0.0395 -0.9867 0.1579
vn -0.4082 -0.8165 -0.4083
vn -0.5410 -0.7212 0.4327
vn -0.7926 -0.5661 0.2265
vn 0.3502 -0.9231 -0.1591
vn 0.2709 -0.6096 -0.7450
vn -0.0226 -0.9030 0.4290
vn 0.4834 -0.8700 0.0966
vn -0.6832 -0.0402 -0.7291
vn -0.6257 -0.0368 0.7792
vn -0.6507 -0.0000 0.7593
vn -0.5619 -0.2706 -0.7817
vn -0.6772 -0.2641 -0.6868
vn -0.3607 -0.2176 -0.9069
vn -0.5139 0.7943 0.3240
vn 0.9800 -0.0891 -0.1782
vn -0.1566 -0.9620 0.2237
vn -0.9282 0.3714 0.0232
vn 0.8870 0.3548 -0.2957
vn 0.2153 0.9187 -0.3311
vn -0.8673 -0.1485 -0.4751
vn -0.8742 -0.4041 0.2692
vn -0.1881 -0.9600 0.2076
vn 0.8235 -0.1692 -0.5415
vn 0.5448 0.7925 0.2741
vn -0.8579 0.3954 -0.3281
vn 0.5386 -0.2756 -0.7962
vn 0.3790 -0.2160 -0.8999
vn -0.7277 0.4850 -0.4851
vn 0.8146 0.4862 0.3162
vn 0.8074 0.4869 0.3332
vn 0.6771 -0.2641 -0.6868
vn 0.6666 -0.0821 -0.7409
vn 0.6607 -0.0785 -0.7465
vn 0.6593 -0.0776 -0.7479
vn 0.6013 -0.0708 0.7959
vn 0.6508 -0.0000 0.7593
vn -0.1225 0.9489 -0.2909
vn 0.3836 0.9203 0.0768
vn 0.5660 0.5773 0.5886
vn -0.1300 0.9422 -0.3087
vn 0.2405 0.9695 -0.0465
vn -0.4809 0.5724 -0.6641
vn -0.5985 0.5769 -0.5558
vn -0.5085 0.5748 -0.6411
vn 0.2334 0.9723 0.0098
vn 0.5774 0.5773 0.5774
vn 0.4950 0.5737 0.6526
vn 0.0896 0.9756 -0.2004
vn -0.3019 -0.9465 -0.1143
vn 0.1259 -0.1946 0.9728
vn -0.1642 -0.9345 0.3157
vn -0.1552 -0.8539 0.4968
vn 0.7325 -0.6604 -0.1650
vn 0.9303 -0.2057 -0.3036
vn 0.9303 -0.2056 -0.3038
vn -0.1804 0.9525 -0.2453
vn -0.9923 -0.0000 0.1240
vn 0.9858 0.0986 -0.1356
vn 0.2014 -0.9662 0.1610
vn 0.9783 -0.1956 -0.0688
vn -0.7947 0.4078 -0.4496
vn -0.1137 0.9608 -0.2528
vn 0.3254 0.9455 -0.0156
vn 0.5530 0.5770 0.6010
vn -0.1679 0.5317 -0.8301
vn -0.3877 -0.4081 -0.8265
vn -0.3094 0.6189 -0.7219
vn -0.4524 -0.4077 -0.7931
vn 0.3350 0.1847 0.9240
vn 0.0863 0.2747 -0.9576
vn 0.0863 0.2747 0.9576
vn 0.8666 -0.2232 -0.4464
vn -0.5665 0.8118 -0.1416
vn -0.4043 0.8737 -0.2706
vn 0.2286 0.7996 -0.5554
vn -0.4956 -0.0291 0.8681
vn -0.2788 0.9603 -0.0000
vn -0.4956 -0.0291 -0.8681
vn -0.1175 -0.9670 0.2260
vn 0.9585 -0.2163 -0.1855
vn -0.9868 -0.0778 -0.1419
vn 0.9831 -0.0819 -0.1638
vn 0.9245 0.3699 -0.0925
vn -0.1170 0.9573 -0.2642
vn -0.2805 0.9164 -0.2855
vn -0.1857 0.9757 -0.1161
vn -0.8987 0.3038 -0.3164
vn -0.4751 0.8217 -0.3146
vn 0.4888 -0.0575 0.8705
vn 0.2356 -0.9718 -0.0000
vn 0.2788 0.9603 -0.0000
vn 0.4888 -0.0575 -0.8705
vn -0.3978 0.5616 -0.7255
vn -0.5249 0.5839 -0.6193
vn 0.2475 0.9673 0.0563
vn 0.1492 0.9847 -0.0895
vn 0.4851 0.4850 0.7276
vn 0.3028 0.4857 0.8200
vn 0.3011 0.9535 0.0101
vn 0.3941 0.4728 0.7882
vn 0.0508 0.4398 -0.8966
vn -0.1800 -0.5902 -0.7870
vn -0.1850 -0.5896 -0.7862
vn -0.1800 -0.5902 -0.7869
vn -0.2064 -0.9554 0.2112
vn -0.1751 -0.5907 -0.7877
vn 0.0887 0.3016 0.9493
vn 0.0878 0.3121 0.9460
vn 0.0884 0.3045 0.9484
vn -0.2291 -0.9734 -0.0000
vn -0.1641 -0.6975 -0.6976
vn -0.1850 -0.5896 0.7862
vn 0.3039 0.8896 -0.3410
vn 0.3239 0.9178 0.2294
vn 0.7079 -0.6814 0.1860
vn -0.6494 0.0650 -0.7577
vn -0.9370 0.1562 -0.3124
vn -0.7439 -0.2421 0.6228
vn 0.0801 0.1334 -0.9878
vn 0.1529 0.9706 -0.1858
vn 0.1688 0.9618 -0.2153
vn 0.0544 0.6317 0.7733
vn 0.3481 0.4586 0.8177
vn -0.9832 0.0299 0.1802
vn -0.9837 0.0336 0.1764
vn -0.9843 0.0369 0.1723
vn -0.9459 0.3220 0.0402
vn -0.2629 0.9377 -0.2273
vn 0.2629 0.9377 -0.2273
vn -0.0605 0.6295 0.7747
vn -0.3501 0.4779 0.8057
vn 0.3512 0.9217 0.1646
vn -0.3583 0.8558 -0.3732
vn 0.1468 0.9878 0.0517
vn 0.2425 0.9702 -0.0001
vn -0.2214 0.6200 -0.7527
vn -0.2971 -0.7863 -0.5417
vn -0.3795 0.6140 -0.6920
vn 0.2044 0.9712 -0.1227
vn -0.0989 -0.4450 0.8900
vn -0.0986 -0.4450 0.8901
vn 0.1425 0.1781 -0.9736
vn 0.0235 0.2700 0.9626
vn 0.1601 -0.9867 0.0267
vn -0.4783 -0.8636 0.1593
vn -0.4238 -0.8947 -0.1413
vn 0.4394 -0.5915 0.6760
vn -0.4875 -0.5238 0.6985
vn 0.6594 -0.5496 -0.5130
vn -0.0423 -0.5726 -0.8188
vn -0.3665 -0.8552 -0.3665
vn -0.4082 -0.8166 0.4082
vn -0.6856 -0.6661 0.2938
vn 0.4882 -0.7879 -0.3755
vn 0.4882 -0.7878 -0.3755
vn 0.2367 -0.6630 -0.7102
vn 0.2072 -0.8985 0.3871
vn -0.5595 -0.3846 0.7342
vn -0.0357 -0.8424 0.5376
vn 0.6122 -0.7905 -0.0203
vn -0.7275 -0.3005 0.6168
vn 0.4567 -0.8881 0.0507
vn 0.4567 -0.8882 0.0508
vn -0.1005 -0.9557 0.2766
vn -0.1873 -0.1691 -0.9676
vn -0.4340 0.7795 0.4517
vn 0.9571 0.1175 -0.2650
vn 0.5723 -0.8125 -0.1108
vn -0.0852 0.9508 -0.2980
vn 0.0136 0.9126 -0.4086
vn 0.1759 0.9524 -0.2491
vn 0.9181 0.3673 -0.1492
vn 0.1763 -0.1690 -0.9697
vn 0.4266 0.7618 0.4875
vn -0.1001 0.9820 -0.1603
vn -0.7956 0.4877 -0.3593
vn -0.8373 0.4828 -0.2567
vn 0.1205 0.9927 0.0095
vn 0.0317 0.9984 -0.0475
vn 0.0425 0.9985 -0.0340
vn 0.1767 0.8888 0.4229
vn -0.2612 -0.9624 0.0740
vn -0.0923 -0.5826 -0.8075
vn -0.0946 -0.5817 -0.8079
vn -0.0897 -0.5832 -0.8074
vn -0.2531 -0.5392 0.8033
vn 0.9847 -0.1231 0.1231
vn 0.7351 0.2756 -0.6194
vn -0.7297 -0.5253 0.4378
vn -0.9134 0.3183 0.2538
vn -0.7433 -0.5280 0.4107
vn -0.5700 0.8002 -0.1864
vn -0.3845 0.8192 0.4256
vn -0.2618 0.9421 -0.2093
vn 0.4083 0.8165 0.4082
vn 0.4170 0.8994 0.1310
vn -0.3518 0.9125 -0.2089
vn 0.1955 0.9710 0.1378
vn 0.9947 -0.0892 0.0510
vn 0.1644 -0.9864 -0.0000
vn -0.3763 -0.8625 -0.3382
vn -0.6396 -0.6396 0.4264
vn 0.6007 -0.6837 -0.4143
vn 0.2276 -0.3080 -0.9238
vn -0.1892 -0.7868 -0.5875
vn 0.5291 -0.5522 0.6442
vn -0.6355 -0.5519 0.5400
vn 0.7982 -0.4390 -0.4124
vn -0.8520 0.3921 0.3468
vn -0.0356 -0.9463 0.3213
vn 0.5095 -0.8599 0.0319
vn 0.9313 -0.2053 -0.3010
vn 0.9322 -0.2050 -0.2983
vn -0.0182 -0.9845 0.1743
vn -0.9831 0.0301 0.1806
vn -0.8981 0.3592 0.2536
vn -0.2418 0.9666 -0.0853
vn -0.9265 0.3706 0.0654
vn 0.8162 0.5442 -0.1943
vn 0.2253 0.9382 -0.2627
vn 0.9640 0.2516 -0.0861
vn 0.2644 0.9513 -0.1586
vn 0.9535 0.2297 -0.1953
vn -0.2424 0.9694 -0.0393
vn -0.8997 0.4219 0.1117
vn 0.1375 0.9851 -0.1031
vn -0.1625 0.6178 -0.7694
vn 0.1478 0.9850 -0.0887
vn 0.3202 0.6184 0.7177
vn -0.0256 0.9995 0.0192
vn 0.1675 0.6180 0.7681
vn 0.0701 0.3156 -0.9463
vn -0.1552 -0.6986 -0.6985
vn -0.0993 -0.4451 0.8900
vn -0.1081 -0.4445 0.8892
vn -0.1870 -0.9554 0.2284
vn -0.2294 -0.6883 -0.6882
vn -0.2095 -0.9778 -0.0000
vn -0.1964 -0.9805 -0.0000
vn -0.2092 -0.9779 -0.0000
vn -0.1005 -0.7035 -0.7035
vn -0.1656 -0.6493 0.7423
vn 0.0626 0.2659 -0.9620
vn 0.0078 0.2737 0.9618
vn 0.1643 -0.0274 0.9860
vn -0.2224 0.1482 0.9636
vn -0.3382 -0.1127 0.9343
vn 0.5209 0.0473 -0.8523
vn 0.3878 0.3182 -0.8651
vn 0.2192 -0.1848 -0.9580
vn 0.9547 -0.2727 0.1194
vn -0.7577 0.0650 -0.6494
vn -0.9854 0.1065 -0.1331
vn -0.5720 -0.3869 0.7233
vn -0.0499 0.2246 -0.9732
vn 0.8118 -0.1768 -0.5565
vn -0.6341 -0.6018 -0.4855
vn -0.8035 -0.3375 0.4903
vn -0.8074 -0.3375 0.4839
vn -0.8079 -0.3365 0.4839
vn 0.8231 0.3658 -0.4344
vn 0.9629 0.1043 -0.2487
vn 0.9684 0.0249 -0.2483
vn 0.0198 -0.9711 0.2378
vn -0.1671 0.7937 0.5849
vn -0.3597 0.1090 -0.9267
vn 0.2343 0.1136 -0.9655
vn -0.5717 0.8005 0.1797
vn 0.1671 0.7937 0.5849
vn 0.4418 0.8958 -0.0488
vn -0.5654 0.7982 -0.2079
vn 0.9153 0.2496 0.3162
vn -0.2547 0.9236 -0.2866
vn 0.0701 0.3154 0.9464
vn 0.0875 0.3150 0.9451
vn 0.2957 0.8870 -0.3548
vn 0.2957 0.8870 0.3548
vn 0.1962 -0.9806 -0.0000
vn -0.3741 -0.8821 -0.2863
vn -0.5814 -0.7902 0.1937
vn 0.6008 -0.6837 -0.4142
vn 0.2891 -0.3026 -0.9082
vn -0.1455 -0.8001 -0.5819
vn 0.5292 -0.5521 0.6443
vn -0.6508 -0.5444 0.5292
vn 0.5692 -0.3162 -0.7590
vn -0.4647 0.8592 -0.2139
vn -0.2901 0.9089 -0.2997
vn 0.0714 0.8473 -0.5262
vn 0.8610 -0.3646 -0.3546
vn 0.4472 -0.8945 -0.0000
vn 0.4471 -0.8945 -0.0003
vn -0.1269 -0.9652 0.2286
vn -0.2230 -0.9317 0.2866
vn 0.4035 -0.8574 0.3195
vn -0.8735 0.0898 -0.4785
vn -0.1242 -0.9674 0.2209
vn -0.7175 -0.6104 -0.3356
vn -0.1331 -0.9559 0.2619
vn 0.8135 -0.4068 0.4156
vn -0.0999 -0.9758 0.1943
vn -0.1008 -0.9756 0.1950
vn -0.1041 -0.9747 0.1978
vn -0.7692 0.0669 -0.6354
vn 0.1604 0.9627 -0.2181
vn -0.1265 -0.8254 0.5502
vn -0.1527 -0.9807 0.1220
vn -0.0714 -0.9815 0.1778
vn -0.0717 -0.9814 0.1780
vn -0.1085 -0.9735 0.2015
vn 0.1323 -0.5319 0.8364
vn -0.1173 -0.9421 0.3142
vn 0.2857 -0.4847 0.8267
vn -0.0719 -0.9814 0.1781
vn -0.1692 -0.9635 0.2077
vn -0.2272 -0.9501 0.2139
vn -0.2304 -0.9494 0.2136
vn -0.2301 -0.9494 0.2139
vn -0.2004 -0.9563 0.2128
vn -0.1445 -0.9393 0.3110
vn -0.1939 -0.9532 0.2322
vn -0.2315 -0.9490 0.2138
vn -0.2293 -0.9495 0.2143
vn -0.1965 -0.9487 0.2476
vn -0.1922 -0.9485 0.2516
vn -0.1999 -0.9488 0.2444
vn -0.2008 -0.9489 0.2436
vn 0.5738 0.2067 -0.7925
vn -0.2475 -0.9463 0.2079
vn -0.2620 -0.9440 0.2004
vn 0.8311 0.1025 -0.5465
vn -0.3675 -0.8727 0.3215
vn 0.2492 -0.9256 0.2848
vn -0.2488 -0.9554 0.1592
vn -0.2492 -0.9553 0.1592
vn -0.0950 -0.5820 -0.8076
vn 0.2111 0.8443 -0.4926
vn 0.2602 0.9367 0.2341
vn 0.0873 0.1237 -0.9885
vn 0.0880 0.1247 -0.9883
vn 0.0888 0.1258 -0.9881
vn -0.0310 0.2787 0.9599
vn -0.0306 0.2754 0.9608
vn -0.0309 0.2779 0.9601
vn 0.3603 -0.0601 0.9309
vn -0.2300 0.4423 0.8669
vn -0.5983 -0.4257 0.6789
vn 0.9546 -0.2728 0.1194
vn -0.8065 0.2644 0.5288
vn -0.1728 -0.9502 -0.2592
vn 0.1168 -0.9832 0.1402
vn -0.3289 -0.8587 0.3929
vn 0.3456 -0.5431 -0.7653
vn 0.7492 -0.5551 -0.3612
vn 0.5322 0.4099 -0.7408
vn -0.8882 0.3464 0.3020
vn -0.8882 0.3463 0.3020
vn -0.7947 -0.4077 0.4496
vn -0.8270 -0.4082 0.3866
vn -0.8270 -0.4080 0.3867
vn -0.8271 -0.4080 0.3867
vn -0.0036 -0.9851 0.1720
vn -0.9671 0.1685 0.1905
vn 0.8401 0.5071 -0.1925
vn -0.2007 -0.9797 -0.0000
vn -0.1962 -0.9806 -0.0000
vn -0.1060 -0.6548 -0.7483
vn -0.2026 -0.6447 0.7371
vn -0.1982 -0.5015 0.8421
vn 0.5692 -0.3161 -0.7590
vn 0.6155 0.4923 0.6155
vn -0.7453 -0.2982 -0.5963
vn -0.6872 -0.4717 0.5525
vn -0.4527 0.8809 -0.1378
vn -0.7288 -0.0876 -0.6791
vn -0.7098 -0.0778 -0.7001
vn -0.7366 -0.0397 0.6752
vn -0.6620 -0.0828 0.7449
vn -0.5100 0.0378 0.8594
vn 0.9342 -0.1556 -0.3211
vn 0.4470 -0.8945 0.0004
vn 0.9276 0.1166 -0.3549
vn -0.7382 -0.6597 0.1414
vn -0.6050 0.7955 -0.0336
vn -0.6914 0.5591 0.4575
vn -0.6473 0.5213 0.5561
vn -0.9858 0.0088 -0.1679
vn 0.2397 0.9592 -0.1499
vn -0.2620 0.9611 -0.0874
vn 0.7043 0.6887 -0.1722
vn 0.8973 0.3887 -0.2094
vn 0.1728 0.2590 0.9503
vn 0.0431 -0.9705 0.2372
vn 0.9815 0.0101 -0.1910
vn 0.6914 0.5592 0.4575
vn 0.6660 0.5319 0.5230
vn 0.6841 -0.7132 0.1528
vn 0.7366 -0.0397 0.6752
vn 0.4876 0.0241 0.8728
vn 0.7288 -0.0876 -0.6791
vn 0.6672 -0.0823 -0.7403
vn 0.6176 -0.0869 0.7817
vn -0.1719 0.4161 -0.8929
vn 0.1261 0.2478 -0.9606
vn 0.0612 0.2534 0.9654
vn 0.3255 0.8853 -0.3320
vn 0.2776 0.9269 0.2528
vn 0.3604 -0.0601 0.9309
vn -0.2721 0.4628 0.8437
vn -0.6221 -0.4262 0.6567
vn 0.2831 -0.1961 -0.9388
vn 0.7000 0.3282 0.6343
vn 0.9040 0.1809 -0.3874
vn -0.3030 0.0433 -0.9520
vn -0.6527 -0.0261 -0.7572
vn -0.1206 -0.9245 0.3617
vn 0.5356 -0.8435 -0.0402
vn -0.1351 -0.9465 0.2929
vn 0.4275 -0.9027 -0.0475
vn 0.1365 0.9181 -0.3722
vn -0.8165 -0.4083 0.4082
vn -0.1425 -0.9695 0.1995
vn 0.9733 -0.1623 -0.1622
vn 0.4494 -0.8932 0.0112
vn 0.2424 0.9700 -0.0202
vn 0.0618 0.3707 0.9267
vn 0.0076 -0.5567 0.8307
vn -0.0451 0.3710 0.9275
vn -0.5269 0.8397 -0.1317
vn -0.5226 0.8382 -0.1561
vn -0.0924 0.8444 -0.5277
vn 0.8262 0.1404 -0.5456
vn 0.8480 -0.1098 -0.5185
vn -0.8036 -0.3368 0.4908
vn -0.0104 0.1349 0.9908
vn -0.0805 0.0235 0.9965
vn 0.7762 -0.5776 0.2527
vn -0.7762 -0.5776 0.2526
vn 0.0805 0.0235 0.9965
vn 0.0096 0.1347 0.9908
vn -0.0818 -0.5980 -0.7973
vn -0.2009 -0.9796 -0.0000
vn -0.2362 0.2668 0.9344
vn -0.2760 -0.5766 0.7690
vn 0.0872 0.1236 -0.9885
vn -0.0944 -0.5973 -0.7965
vn -0.0937 -0.5973 -0.7965
vn -0.0943 -0.5973 -0.7965
vn -0.2737 -0.4301 0.8603
vn -0.2497 -0.9552 0.1592
vn -0.0950 -0.5972 -0.7964
vn 0.1669 0.8584 -0.4851
vn -0.0196 0.4921 0.8703
vn 0.3340 -0.1993 -0.9212
vn 0.6999 0.3280 0.6344
vn 0.9040 0.1809 -0.3875
vn 0.7001 0.7002 0.1399
vn -0.1561 -0.9370 -0.3124
vn 0.1078 -0.9705 0.2157
vn -0.4625 -0.7931 0.3964
vn -0.7661 -0.6385 0.0729
vn 0.7966 -0.3403 -0.4997
vn 0.7675 -0.6396 -0.0427
vn -0.9468 0.3156 -0.0631
vn -0.8336 -0.0657 0.5484
vn -0.7344 -0.3543 0.5789
vn 0.8277 -0.4040 -0.3895
vn -0.7951 0.5646 0.2214
vn 0.7191 0.4576 -0.5230
vn 0.7062 -0.6704 -0.2274
vn -0.5465 -0.0893 -0.8327
vn 0.9203 0.1289 -0.3693
vn -0.3560 -0.0745 -0.9315
vn 0.4574 0.2404 0.8561
vn -0.5941 0.8022 0.0594
vn -0.4952 0.2286 0.8381
vn 0.5233 -0.0908 -0.8473
vn 0.3741 -0.0740 -0.9244
vn 0.0429 0.2575 -0.9653
vn -0.0856 0.2566 0.9627
vn 0.1596 0.9577 0.2395
vn 0.2226 0.9249 0.3083
vn -0.0305 0.2747 0.9611
vn -0.0397 0.2247 0.9736
vn 0.2213 0.8911 -0.3961
vn 0.1929 0.9110 0.3645
vn 0.4235 0.2622 -0.8671
vn 0.6380 0.5254 -0.5629
vn 0.7922 0.6095 0.0305
vn -0.1409 -0.3758 -0.9159
vn 0.5257 -0.7400 0.4196
vn -0.2996 -0.5011 0.8119
vn 0.4082 0.4082 -0.8165
vn -0.2504 -0.9258 0.2831
vn 0.4420 -0.8967 -0.0252
vn 0.4418 -0.8968 -0.0246
vn 0.4446 -0.8956 -0.0122
vn -0.8866 0.3723 0.2743
vn -0.5782 0.8096 0.1012
vn -0.1928 0.5143 0.8357
vn 0.2017 0.5246 0.8271
vn 0.7359 -0.6308 0.2460
vn 0.3033 0.8312 0.4659
vn -0.3301 0.2380 0.9135
vn 0.2179 0.7389 0.6376
vn -0.8343 0.0379 -0.5500
vn 0.2458 0.9076 -0.3404
vn -0.3333 -0.9428 -0.0047
vn -0.3703 -0.5153 0.7729
vn 0.0123 -0.6019 -0.7985
vn 0.5124 0.8422 -0.1674
vn 0.6684 0.4965 -0.5538
vn 0.6254 0.6893 -0.3658
vn 0.7923 0.6094 0.0304
vn -0.8272 0.0152 0.5616
vn -0.7236 -0.1462 0.6746
vn -0.0377 -0.9813 0.1888
vn -0.3326 -0.8201 -0.4656
vn -0.4574 -0.7624 0.4576
vn -0.7845 -0.5883 0.1960
vn 0.4988 -0.8549 -0.1426
vn 0.1333 -0.6666 -0.7334
vn 0.0787 -0.8894 0.4504
vn 0.6180 -0.7860 -0.0183
vn -0.5130 0.6594 -0.5496
vn -0.1107 -0.9597 0.2584
vn 0.4806 -0.8689 -0.1185
vn 0.4833 -0.8681 -0.1130
vn 0.4802 -0.8692 -0.1177
vn -0.8052 -0.4081 0.4302
vn -0.1442 -0.9698 0.1966
vn 0.9034 -0.2503 -0.3483
vn 0.9034 -0.2502 -0.3483
vn 0.9033 -0.2503 -0.3483
vn -0.4060 0.9132 -0.0338
vn 0.7926 0.4877 -0.3658
vn -0.1954 -0.0888 -0.9767
vn -0.3011 0.5854 -0.7527
vn -0.8000 0.3683 -0.4736
vn 0.1936 0.6023 -0.7744
vn 0.7432 0.4107 -0.5281
vn 0.1836 -0.0890 -0.9790
vn -0.0151 0.4869 -0.8733
vn 0.0337 0.9696 0.2424
vn -0.0421 0.9519 -0.3034
vn -0.5518 -0.6744 -0.4906
vn -0.5582 -0.6778 0.4785
vn -0.9487 -0.3162 -0.0000
vn 0.0303 -0.9991 0.0303
vn 0.0902 -0.9918 -0.0902
vn 0.3704 -0.6687 -0.6447
vn -0.1009 -0.9579 0.2689
vn 0.0829 0.1409 -0.9866
vn 0.0055 0.9702 -0.2424
vn 0.0225 0.1413 -0.9897
vn -0.1991 0.4646 0.8629
vn 0.4684 0.8606 0.1997
vn -0.5975 -0.3639 0.7145
vn -0.0854 -0.8418 0.5329
vn -0.3831 0.9122 0.1453
vn -0.6630 0.6683 0.3373
vn 0.6230 0.6227 -0.4734
vn 0.0261 -0.9402 0.3396
vn 0.5003 -0.8613 -0.0887
vn -0.7723 -0.3462 0.5326
vn -0.4294 0.8999 -0.0764
vn 0.2919 0.8612 -0.4160
vn -0.8473 -0.2619 0.4621
vn -0.1367 -0.9679 0.2107
vn 0.4450 -0.8955 -0.0114
vn 0.1809 0.9556 -0.2325
vn -0.8340 0.3692 0.4101
vn 0.9158 -0.2967 -0.2709
vn 0.7854 0.6121 -0.0918
vn -0.9649 -0.2497 0.0810
vn 0.9855 -0.1516 0.0758
vn -0.0445 0.9796 0.1962
vn -0.2188 0.1603 0.9625
vn 0.2491 0.8850 -0.3934
vn 0.2403 0.9012 0.3605
vn 0.2027 0.9602 0.1921
vn 0.6580 0.6540 -0.3732
vn 0.8023 -0.3164 -0.5061
vn 0.2093 0.4186 -0.8837
vn 0.5932 -0.8051 -0.0000
vn 0.8356 -0.2915 -0.4656
vn 0.0437 0.7887 -0.6133
vn -0.5721 -0.4767 0.6674
vn 0.7312 0.3509 -0.5849
vn 0.7833 -0.4741 -0.4020
vn -0.8083 0.5169 0.2820
vn 0.7620 0.4701 -0.4454
vn -0.8818 0.1334 0.4524
vn -0.7667 0.4727 -0.4344
vn -0.8095 0.3901 -0.4388
vn -0.9728 0.0912 -0.2128
vn -0.9597 0.1866 -0.2100
vn 0.7114 0.5122 -0.4812
vn 0.7543 0.4362 -0.4907
vn 0.9659 0.0929 -0.2415
vn 0.9483 0.2108 -0.2371
vn -0.3902 -0.4723 0.7903
vn -0.7072 0.0001 -0.7070
vn 0.4858 -0.0809 -0.8703
vn 0.3123 -0.9371 -0.1562
vn 0.1961 -0.5885 0.7844
vn 0.9435 -0.3145 0.1048
vn 0.9730 -0.1616 0.1651
vn 0.1601 -0.9867 -0.0267
vn -0.3352 -0.8868 -0.3181
vn -0.5871 -0.7790 0.2202
vn 0.4857 -0.6968 -0.5278
vn -0.1067 -0.8106 -0.5759
vn 0.6311 -0.5048 0.5889
vn -0.6139 -0.3530 0.7060
vn 0.4206 0.8498 0.3176
vn -0.8656 0.4814 0.1381
vn -0.6494 0.0649 -0.7576
vn -0.9371 0.1562 -0.3123
vn 0.6950 0.4889 -0.5272
vn 0.7900 -0.2521 -0.5589
vn -0.7897 0.4490 0.4181
vn -0.1107 -0.9597 0.2583
vn 0.4841 -0.8677 -0.1132
vn 0.8467 0.5059 -0.1649
vn 0.9507 -0.2315 -0.2062
vn 0.7105 0.6174 -0.3378
vn 0.9568 -0.1914 0.2187
vn -0.8030 0.1558 0.5752
vn -0.9546 -0.2546 0.1545
vn 0.8030 0.1558 0.5752
vn 0.2994 0.1782 -0.9373
vn -0.2987 -0.9248 -0.2354
vn -0.5371 -0.6211 0.5707
vn 0.9899 -0.1415 -0.0000
vn -0.1016 0.6046 -0.7900
vn -0.6695 -0.2429 0.7020
vn -0.6804 0.6646 0.3090
vn -0.2571 -0.4115 0.8744
vn 0.3334 -0.6666 0.6667
vn 0.8847 -0.1474 0.4423
vn -0.7666 -0.3737 0.5222
vn -0.4963 0.0261 -0.8678
vn -0.2788 -0.9603 -0.0000
vn -0.7469 0.0609 -0.6621
vn -0.7028 0.0623 0.7086
vn -0.2983 0.9545 -0.0000
vn -0.4963 0.0261 0.8678
vn -0.4405 0.8974 0.0250
vn 0.2004 0.9482 -0.2467
vn 0.4902 0.0516 -0.8701
vn 0.2788 -0.9603 -0.0000
vn 0.7300 0.0961 -0.6767
vn 0.7299 0.0897 -0.6776
vn 0.7301 0.0829 -0.6783
vn 0.6850 0.0829 0.7238
vn 0.2900 0.9570 -0.0000
vn 0.4902 0.0516 0.8701
vn -0.0937 0.8905 0.4452
vn -0.0683 -0.8195 0.5690
vn -0.8390 0.4322 -0.3306
vn -0.4723 0.2277 0.8515
vn -0.4850 -0.7277 -0.4850
vn -0.4083 -0.8165 0.4081
vn -0.8412 -0.5353 -0.0764
vn 0.3193 -0.7982 -0.5108
vn 0.5034 -0.8579 -0.1027
vn 0.2702 -0.9458 0.1801
vn -0.1509 -0.7870 0.5983
vn 0.1823 0.9539 -0.2384
vn 0.1594 0.9680 0.1936
vn -0.2632 -0.9620 0.0727
vn 0.0924 -0.6121 -0.7854
vn -0.1388 0.3086 0.9410
vn -0.2727 -0.8924 -0.3595
vn 0.3409 -0.2153 -0.9151
vn 0.4286 -0.2856 -0.8572
vn 0.3921 -0.2613 -0.8820
vn 0.3765 -0.2933 -0.8788
vn 0.6193 0.3539 -0.7009
vn -0.2357 0.2355 -0.9429
vn 0.0923 0.9815 -0.1676
vn 0.8665 0.0496 -0.4967
vn 0.8459 -0.3383 -0.4124
vn 0.8058 0.4081 -0.4291
vn 0.3062 0.9514 -0.0322
vn -0.4781 0.8420 0.2498
vn -0.1935 0.1613 0.9678
vn 0.2140 0.1606 0.9635
vn 0.4897 -0.2074 -0.8469
vn -0.2052 0.5334 -0.8206
vn 0.1341 0.9055 -0.4025
vn 0.0810 0.9108 0.4048
vn -0.3714 -0.5570 0.7428
vn 0.0954 0.2861 0.9534
vn 0.2957 -0.2278 -0.9277
vn 0.3993 0.0857 0.9128
vn -0.5543 -0.1386 0.8207
vn -0.4487 0.7104 -0.5422
vn -0.2157 -0.9705 -0.1079
vn 0.3419 -0.9117 0.2279
vn -0.2169 -0.7279 0.6505
vn -0.8452 -0.5071 0.1690
vn -0.3895 -0.5649 0.7274
vn 0.3287 -0.8217 -0.4656
vn -0.1526 -0.6539 -0.7410
vn 0.6083 -0.7920 -0.0516
vn -0.8294 0.3294 0.4512
vn -0.0255 -0.9558 0.2931
vn 0.4858 -0.8636 -0.1349
vn -0.7641 -0.4059 0.5014
vn -0.1308 -0.9663 0.2217
vn 0.5177 -0.8522 -0.0758
vn -0.0470 0.8934 -0.4467
vn -0.4688 0.3487 0.8116
vn -0.4194 -0.5016 0.7566
vn 0.3799 -0.3039 -0.8737
vn -0.5829 -0.0506 -0.8110
vn 0.3343 -0.9391 0.0796
vn 0.6871 -0.4255 -0.5889
vn 0.8822 0.3676 0.2941
vn -0.8352 -0.1193 -0.5368
vn -0.7802 0.3218 0.5364
vn -0.7809 0.3192 0.5369
vn -0.7827 0.3125 0.5382
vn -0.6272 -0.4419 0.6414
vn -0.0792 0.6536 0.7527
vn 0.9487 0.3161 -0.0000
vn -0.5051 0.8592 0.0813
vn 0.2095 0.8857 -0.4143
vn -0.8109 0.4400 0.3857
vn -0.2908 0.9559 -0.0416
vn 0.1852 0.9472 -0.2618
vn -0.7631 0.4825 0.4300
vn -0.2424 0.9702 -0.0000
vn -0.8360 0.4079 0.3670
vn 0.2927 0.9532 -0.0753
vn 0.7880 -0.5410 -0.2940
vn -0.6596 0.2377 0.7131
vn 0.4134 0.5409 -0.7325
vn 0.1980 0.9613 -0.1915
vn 0.8571 0.2857 -0.4286
vn 0.7476 0.4205 0.5141
vn 0.6626 -0.2881 -0.6913
vn 0.7368 0.1028 -0.6683
vn 0.7849 -0.4151 -0.4601
vn -0.3454 0.8726 -0.3454
vn -0.4090 0.8709 -0.2726
vn 0.0030 0.8357 -0.5491
vn 0.8018 -0.2672 -0.5345
vn 0.7464 0.4043 -0.5287
vn 0.8165 -0.4082 -0.4082
vn 0.8306 0.5178 -0.2050
vn 0.8830 -0.4017 -0.2429
vn 0.5349 0.7850 -0.3126
vn -0.8466 0.3763 -0.3763
vn -0.6026 0.7532 -0.2637
vn -0.2112 -0.9731 0.0918
vn 0.1278 -0.6153 -0.7779
vn -0.1302 0.7482 0.6506
vn 0.3297 0.2095 -0.9205
vn -0.3172 0.2866 0.9040
vn -0.8989 0.0620 0.4337
vn -0.7567 0.3627 0.5439
vn -0.6631 -0.1814 0.7262
vn 0.6263 0.4208 -0.6563
vn -0.2498 0.7138 -0.6543
vn 0.1297 0.7274 -0.6739
vn -0.2282 0.9011 0.3687
vn 0.2483 0.3310 -0.9104
vn 0.6737 -0.0000 -0.7390
vn -0.3408 -0.5641 0.7521
vn -0.2063 0.3095 0.9283
vn -0.3035 0.2479 0.9200
vn -0.3042 0.2473 0.9199
vn -0.3071 0.2504 0.9181
vn -0.2787 0.4129 0.8671
vn -0.7447 -0.5565 -0.3684
vn -0.7215 0.2404 -0.6493
vn -0.0480 0.8161 0.5760
vn -0.0612 -0.9674 0.2459
vn -0.0612 -0.9674 0.2458
vn -0.0599 -0.9659 0.2519
vn 0.4459 -0.8792 -0.1680
vn -0.8058 0.4081 0.4291
vn 0.7620 0.4057 -0.5047
vn 0.2352 0.8540 -0.4640
vn -0.2231 -0.9707 -0.0892
vn -0.4287 -0.6151 0.6617
vn 0.3215 -0.2419 -0.9155
vn 0.5715 0.8165 0.0818
vn 0.5186 -0.0141 -0.8549
vn 0.7070 0.7072 -0.0000
vn -0.5346 0.2673 -0.8017
vn -0.7036 -0.3990 0.5880
vn 0.2405 0.9446 -0.2233
vn -0.3111 0.9502 0.0173
vn -0.7297 0.0967 -0.6769
vn -0.7343 0.0484 0.6771
vn -0.2585 0.9500 0.1751
vn -0.5461 0.0961 -0.8322
vn -0.4258 0.0164 0.9047
vn 0.4350 -0.1384 0.8897
vn -0.3615 0.0715 -0.9296
vn -0.9565 0.2813 0.0774
vn -0.0510 0.0292 0.9983
vn -0.1894 0.0826 -0.9784
vn -0.0587 -0.0000 0.9983
vn 0.9568 0.1914 0.2187
vn -0.7878 -0.1051 0.6069
vn -0.8611 0.3700 -0.3487
vn -0.1960 -0.0000 0.9806
vn 0.2168 -0.0000 0.9762
vn 0.7878 -0.1051 0.6069
vn 0.8271 0.4018 -0.3930
vn -0.9546 0.2546 0.1545
vn 0.1783 0.0823 -0.9805
vn 0.0510 0.0292 0.9983
vn 0.0587 -0.0000 0.9983
vn 0.3798 0.0710 -0.9223
vn 0.9822 0.1733 0.0722
vn -0.4719 -0.1287 0.8722
vn 0.5230 0.0977 -0.8467
vn 0.4060 0.0312 0.9133
vn 0.7296 0.0967 -0.6770
vn 0.7343 0.0484 0.6771
vn 0.1773 -0.6185 -0.7655
vn -0.1511 -0.9820 0.1133
vn -0.1641 -0.9345 -0.3158
vn -0.4539 -0.6785 0.5776
vn 0.7858 -0.4362 0.4384
vn 0.2016 0.9071 0.3695
vn 0.3768 0.8696 -0.3190
vn 0.1959 0.7844 0.5885
vn -0.1133 -0.9820 0.1511
vn -0.3015 -0.7839 -0.5427
vn -0.6188 -0.7220 0.3095
vn -0.8262 -0.5508 -0.1181
vn 0.3501 -0.9231 -0.1591
vn 0.3216 -0.7916 -0.5195
vn 0.4102 -0.8086 0.4218
vn -0.0106 -0.7225 0.6912
vn -0.8945 0.4472 -0.0000
vn -0.5069 0.8595 0.0662
vn -0.7834 0.3101 0.5386
vn -0.7632 0.3153 0.5641
vn 0.7777 -0.1957 -0.5975
vn -0.4954 0.8607 0.1173
vn 0.2854 0.9001 -0.3293
vn -0.7579 0.4193 0.4999
vn 0.3936 0.9109 -0.1237
vn 0.8585 -0.3844 -0.3396
vn -0.4094 -0.5476 0.7298
vn 0.3162 0.2640 -0.9112
vn 0.3254 -0.2629 -0.9083
vn -0.1066 -0.6784 0.7269
vn 0.6991 -0.7084 0.0973
vn 0.7697 -0.0712 -0.6344
vn 0.3855 0.5783 -0.7191
vn -0.0323 0.9363 -0.3498
vn -0.6276 -0.3863 0.6759
vn -0.0625 -0.9689 0.2396
vn 0.8625 -0.1724 -0.4757
vn 0.4422 -0.8847 -0.1474
vn 0.6837 0.5699 -0.4558
vn -0.9045 0.3017 -0.3016
vn -0.2091 0.9777 0.0184
vn 0.0492 0.6151 -0.7869
vn 0.6388 -0.3084 -0.7049
vn 0.3898 0.6931 -0.6064
vn -0.2334 0.2978 0.9257
vn -0.2347 0.3054 0.9229
vn -0.2337 0.2998 0.9249
vn 0.5262 0.7034 -0.4779
vn 0.6311 0.7489 -0.2019
vn 0.4156 0.8688 0.2691
vn 0.8694 -0.3872 -0.3069
vn -0.7027 0.6288 -0.3329
vn 0.0272 -0.9398 0.3406
vn 0.3939 -0.9191 -0.0000
vn -0.5186 0.8518 0.0741
vn 0.6350 0.4862 -0.6003
vn -0.1606 -0.9849 -0.0642
vn -0.3743 -0.6238 0.6861
vn 0.3053 -0.3173 -0.8979
vn 0.1924 0.9653 -0.1766
vn 0.9163 -0.1061 0.3862
vn 0.2184 -0.9679 0.1247
vn -0.3146 0.9434 -0.1049
vn -0.5661 -0.7926 0.2265
vn 0.5813 -0.6570 -0.4801
vn -0.2364 -0.9028 -0.3592
vn -0.7139 -0.0286 0.6996
vn -0.3560 -0.0223 -0.9342
vn 0.3224 -0.0691 -0.9441
vn 0.1638 0.7747 -0.6107
vn -0.6785 -0.3371 0.6526
vn -0.4856 0.8572 0.1714
vn 0.3095 0.9064 -0.2874
vn -0.5169 0.8187 0.2502
vn 0.2379 0.2981 -0.9244
vn -0.2697 0.3146 0.9101
vn -0.3870 -0.9164 0.1019
vn -0.1366 -0.8965 -0.4214
vn -0.5167 -0.3180 0.7949
vn 0.5356 0.7289 -0.4264
vn 0.6596 -0.4005 0.6360
vn -0.6772 -0.3950 0.6208
vn 0.9806 -0.1568 -0.1176
vn -0.7243 -0.0942 0.6830
vn -0.8212 0.2119 -0.5298
vn 0.1727 0.7022 -0.6907
vn 0.7712 0.0341 -0.6357
vn -0.7816 0.3238 0.5332
vn 0.7764 -0.3723 -0.5085
vn -0.7679 0.3933 0.5057
vn -0.4504 0.8345 0.3175
vn -0.1286 0.9912 -0.0322
vn -0.4698 0.2792 0.8374
vn 0.0397 0.9670 0.2518
vn -0.2350 0.3074 0.9221
vn -0.1413 -0.9722 -0.1865
vn -0.4068 -0.7258 0.5547
vn -0.3107 0.2531 0.9162
vn 0.1041 0.9364 0.3353
vn 0.2703 0.9105 -0.3130
vn 0.3637 -0.1730 -0.9153
vn 0.2785 0.9382 0.2053
vn 0.5278 -0.3079 -0.7916
vn 0.4339 -0.2875 -0.8539
vn 0.4332 -0.2865 -0.8545
vn 0.4330 -0.2885 -0.8540
vn 0.4340 -0.2850 -0.8546
vn 0.2265 0.7311 -0.6436
vn 0.3797 0.5522 -0.7422
vn -0.0665 -0.9974 -0.0266
vn -0.3205 -0.6300 0.7074
vn 0.3031 -0.3465 -0.8877
vn 0.3620 -0.2347 -0.9022
vn 0.1542 -0.9876 0.0309
vn -0.3956 -0.8798 0.2636
vn -0.0644 -0.9769 -0.2040
vn 0.2896 -0.5003 0.8160
vn -0.4833 -0.7491 0.4531
vn 0.6882 -0.6883 -0.2294
vn 0.3892 -0.6967 -0.6026
vn 0.2524 0.9148 0.3154
vn -0.8514 0.4947 0.1744
vn -0.4565 0.8856 -0.0851
vn -0.3885 0.9155 0.1041
vn 0.6547 0.4844 -0.5802
vn 0.7701 0.5923 0.2369
vn -0.0995 -0.0000 0.9950
vn -0.6500 -0.2480 0.7184
vn 0.1104 -0.0000 0.9939
vn 0.6500 -0.2480 0.7184
vn -0.7701 0.5924 0.2369
vn 0.3164 -0.3314 -0.8889
vn 0.9172 -0.0656 0.3931
vn 0.3852 0.0889 0.9185
vn -0.6389 -0.2128 0.7393
vn 0.3553 -0.9239 0.1421
vn -0.4880 -0.5647 0.6655
vn -0.0579 -0.9654 0.2544
vn 0.2663 -0.9638 -0.0127
vn 0.0913 0.9575 -0.2736
vn -0.6237 0.4262 0.6553
vn 0.7630 -0.3300 -0.5559
vn 0.7783 0.4754 -0.4101
vn -0.7289 0.6729 0.1262
vn 0.6741 0.7260 0.1361
vn -0.2854 0.2989 0.9106
vn 0.4318 0.6694 -0.6045
vn 0.7790 -0.2272 -0.5844
vn 0.6822 0.0162 -0.7310
vn 0.5472 -0.4642 -0.6965
vn 0.9176 0.1530 -0.3669
vn 0.4066 0.4444 -0.7983
vn -0.0535 -0.9896 -0.1338
vn -0.3423 -0.5515 0.7607
vn -0.6666 -0.6667 -0.3334
vn -0.6755 -0.5017 0.5403
vn 0.3425 -0.8434 0.4140
vn 0.2706 -0.7518 -0.6014
vn 0.7199 -0.6854 -0.1094
vn 0.4734 -0.8589 -0.1952
vn -0.3989 -0.6608 0.6358
vn -0.7099 -0.2849 0.6442
vn 0.7534 -0.3305 -0.5684
vn 0.3223 -0.2763 0.9054
vn -0.3313 -0.3313 0.8834
vn -0.3681 -0.8031 -0.4685
vn -0.4657 -0.6986 0.5433
vn -0.8560 -0.4864 -0.1752
vn 0.1002 -0.9016 -0.4207
vn 0.3015 -0.9045 0.3015
vn 0.0921 -0.5523 0.8286
vn 0.4682 -0.8833 -0.0236
vn -0.1134 -0.9919 -0.0567
vn -0.3921 -0.6594 0.6415
vn 0.3419 -0.2279 -0.9117
vn -0.3299 0.2891 0.8986
vn 0.0953 0.9937 -0.0590
vn -0.2637 -0.9493 0.1714
vn 0.0462 -0.9025 -0.4281
vn 0.0464 -0.9026 -0.4281
vn 0.0451 -0.9024 -0.4286
vn -0.5912 -0.3940 0.7037
vn -0.3142 0.3427 0.8854
vn 0.8310 0.4584 0.3152
vn -0.5374 0.7510 -0.3837
vn -0.1754 -0.2849 -0.9424
vn -0.8428 -0.5090 -0.1752
vn 0.7618 -0.3709 -0.5312
vn -0.7873 0.2953 0.5412
vn 0.6262 0.4209 -0.6563
vn 0.6441 -0.6350 0.4264
vn -0.4710 -0.3277 0.8190
vn 0.5003 -0.5960 -0.6281
vn -0.3920 0.4430 0.8063
vn 0.7683 -0.1611 -0.6195
vn -0.0850 -0.9708 0.2245
vn 0.2308 -0.9715 -0.0547
vn -0.3732 0.9187 0.1292
vn 0.1562 0.9371 -0.3123
vn -0.5881 0.1392 -0.7967
vn -0.4082 -0.4083 -0.8165
vn 0.5570 0.1857 0.8095
vn 0.6574 -0.2539 0.7095
vn -0.4880 -0.5986 0.6353
vn -0.1326 -0.9898 -0.0530
vn 0.2126 0.6909 -0.6909
vn 0.3645 -0.2405 -0.8996
vn -0.3336 0.3376 0.8802
vn 0.6518 -0.4060 0.6405
vn -0.6202 0.0509 0.7828
vn -0.9524 0.1159 0.2820
vn 0.4081 -0.1801 -0.8950
vn 0.2183 0.9647 0.1473
vn 0.4429 0.7669 -0.4645
vn 0.5035 0.4197 0.7552
vn 0.8873 0.4077 -0.2158
vn 0.4332 -0.2863 -0.8546
vn 0.6840 0.4047 -0.6069
vn 0.8575 0.5144 -0.0000
vn 0.7191 -0.0961 -0.6883
vn -0.6929 -0.3330 0.6395
vn 0.7165 -0.3403 -0.6090
vn 0.2749 0.9528 -0.1290
vn -0.3344 0.8682 0.3665
vn -0.3582 0.2107 -0.9096
vn -0.7244 0.4262 -0.5418
vn -0.1920 0.1129 0.9749
vn -0.6888 0.4052 0.6012
vn 0.9265 -0.3760 0.0138
vn 0.1158 0.0731 -0.9906
vn 0.7197 0.4545 -0.5249
vn 0.0438 0.0309 0.9986
vn 0.6803 0.4802 0.5537
vn -0.3091 0.3675 0.8771
vn -0.2782 -0.9459 0.1670
vn 0.0475 -0.9027 -0.4276
vn 0.3753 0.7096 -0.5964
vn -0.9703 0.0525 -0.2361
vn -0.9778 0.0297 0.2075
vn -0.3311 -0.5793 0.7449
vn 0.6526 0.1239 -0.7475
vn -0.7648 0.5224 0.3770
vn 0.2235 -0.9737 0.0437
vn -0.4304 -0.5919 0.6815
vn 0.3775 -0.9013 -0.2123
vn -0.4088 -0.7143 0.5680
vn -0.1351 -0.9726 0.1891
vn 0.1845 -0.9795 -0.0807
vn -0.5619 0.2706 -0.7817
vn -0.6899 0.2598 -0.6757
vn -0.5001 0.2833 0.8183
vn -0.7248 0.3454 0.5961
vn -0.2981 0.0367 0.9538
vn -0.3733 0.2411 -0.8958
vn 0.2000 -0.2533 0.9465
vn -0.1919 0.2066 -0.9594
vn 0.3071 0.9142 0.2642
vn 0.1819 0.2059 -0.9615
vn -0.2777 0.9235 0.2647
vn 0.3919 0.2391 -0.8884
vn 0.2981 0.0367 0.9538
vn -0.2000 -0.2533 0.9465
vn 0.5386 0.2756 -0.7962
vn 0.4612 0.2902 0.8385
vn 0.7313 0.3646 -0.5764
vn 0.7374 0.3836 0.5559
vn -0.6387 0.1917 0.7452
vn -0.9337 0.3022 0.1923
vn -0.3831 0.2910 0.8767
vn -0.4704 -0.4016 0.7858
vn 0.5900 -0.1508 -0.7932
vn 0.1815 0.9478 0.2622
vn 0.2176 0.9018 0.3733
vn -0.3929 0.3143 -0.8642
vn -0.3243 -0.8112 -0.4866
vn -0.2952 -0.8069 0.5117
vn -0.0590 -0.9825 0.1769
vn -0.7879 -0.4731 -0.3943
vn 0.0535 -0.9985 0.0153
vn -0.0000 -0.5145 -0.8575
vn 0.3502 -0.8139 -0.4635
vn -0.9257 0.0285 -0.3772
vn -0.7093 0.2400 0.6627
vn 0.1111 0.8889 -0.4445
vn -0.6781 -0.3828 0.6274
vn 0.7501 -0.3441 -0.5648
vn 0.7500 -0.3442 -0.5648
vn 0.2001 -0.9759 -0.0875
vn 0.2229 -0.9740 -0.0410
vn -0.1098 -0.9707 0.2136
vn -0.2357 0.9428 0.2357
vn 0.2632 0.9359 0.2340
vn 0.4319 -0.1616 -0.8873
vn 0.7463 0.0552 -0.6634
vn 0.6243 0.6898 -0.3667
vn 0.1402 0.8761 0.4614
vn 0.6396 -0.4264 -0.6396
vn -0.4349 0.9003 0.0184
vn -0.7541 0.3411 0.5612
vn 0.6555 0.3914 -0.6458
vn -0.6828 -0.0682 0.7274
vn 0.8237 -0.3382 -0.4551
vn -0.7646 0.3823 -0.5188
vn 0.1240 -0.0000 0.9923
vn -0.5113 -0.4803 0.7127
vn -0.3404 -0.5491 0.7633
vn -0.1240 -0.0000 0.9923
vn 0.5113 -0.4803 0.7127
vn 0.3350 -0.5350 0.7756
vn -0.6178 0.2521 -0.7448
vn -0.3167 -0.6707 0.6707
vn -0.5501 0.2666 0.7914
vn -0.5444 -0.4801 0.6879
vn -0.2534 -0.9515 0.1746
vn 0.0860 -0.9076 -0.4109
vn 0.2846 0.7291 -0.6224
vn 0.7507 -0.1611 0.6407
vn 0.2148 0.9376 0.2735
vn -0.3653 0.3507 0.8623
vn -0.1952 -0.9759 -0.0976
vn -0.5681 -0.5040 0.6506
vn 0.4776 -0.3062 -0.8235
vn -0.4259 0.4681 0.7743
vn 0.5321 0.8279 0.1774
vn 0.4486 0.8199 -0.3558
vn -0.7022 -0.1171 0.7022
vn -0.4207 -0.5507 0.7209
vn 0.3784 0.4478 -0.8101
vn 0.5318 -0.3786 -0.7575
vn 0.8325 0.5288 0.1654
vn -0.5241 -0.8474 -0.0851
vn 0.6963 -0.0512 -0.7159
vn 0.2710 -0.9359 -0.2250
vn -0.4095 -0.7321 0.5444
vn -0.0000 -0.4472 0.8944
vn 0.1924 0.1924 0.9623
vn -0.2129 0.1916 0.9581
vn 0.2675 0.7489 -0.6063
vn 0.1737 0.9844 0.0290
vn 0.3655 0.7862 -0.4984
vn 0.1328 -0.9910 0.0172
vn -0.4801 -0.5441 0.6881
vn 0.3482 -0.3481 0.8704
vn 0.6668 -0.6666 0.3333
vn 0.9487 -0.3162 -0.0000
vn -0.4150 -0.7387 0.5312
vn 0.2770 -0.9280 -0.2493
vn 0.2472 0.7420 0.6231
vn 0.3729 -0.0146 -0.9277
vn -0.9496 0.1889 0.2502
vn 0.2105 0.9185 0.3348
vn 0.5594 0.8219 -0.1075
vn 0.2238 0.9461 0.2339
vn -0.6739 0.7039 -0.2247
vn -0.8619 0.3042 0.4056
vn -0.5056 0.7631 -0.4026
vn -0.4835 -0.3279 0.8116
vn -0.8357 0.1928 0.5142
vn 0.5071 -0.8452 0.1691
vn 0.1118 -0.7988 0.5911
vn 0.4090 0.5842 -0.7011
vn 0.5943 -0.4332 -0.6776
vn -0.6730 0.2900 0.6804
vn -0.7428 0.3713 0.5571
vn 0.6783 -0.0000 -0.7348
vn 0.6361 0.4438 -0.6312
vn -0.1955 -0.4578 0.8673
vn 0.1904 -0.4480 0.8736
vn -0.3984 0.9075 0.1328
vn 0.1183 0.8279 0.5483
vn -0.4036 0.2691 0.8745
vn 0.1249 0.9678 0.2184
vn -0.3578 0.2684 0.8944
vn 0.0826 0.9704 0.2272
vn -0.7683 0.5121 -0.3840
vn -0.1295 0.7587 -0.6384
vn 0.5157 -0.3930 -0.7613
vn 0.0834 0.5004 -0.8618
vn 0.7084 -0.4937 -0.5044
vn -0.6428 0.5403 0.5431
vn 0.3234 0.7564 -0.5686
vn 0.0866 -0.9960 -0.0200
vn 0.0829 -0.9964 -0.0175
vn 0.0863 -0.9962 -0.0116
vn -0.3083 -0.5539 0.7734
vn 0.7347 -0.0614 -0.6756
vn -0.5506 0.2163 0.8063
vn 0.0665 0.9976 0.0181
vn 0.0667 0.9973 0.0294
vn 0.0665 0.9975 0.0238
vn 0.2532 0.8171 -0.5179
vn -0.1444 -0.9869 -0.0722
vn -0.5150 -0.4635 0.7210
vn 0.4190 -0.3174 -0.8507
vn -0.4715 -0.3858 0.7930
vn -0.4959 0.2812 0.8216
vn 0.0307 -0.9353 0.3526
vn 0.2232 -0.9489 0.2232
vn 0.5571 -0.7428 -0.3714
vn 0.5570 -0.7428 -0.3713
vn 0.5571 -0.7428 -0.3713
vn 0.3933 0.6770 -0.6220
vn 0.5639 -0.0858 -0.8214
vn 0.8381 0.3492 -0.4191
vn 0.4559 0.5698 0.6838
vn 0.4801 -0.4282 -0.7656
vn 0.0857 -0.9963 -0.0090
vn -0.2107 -0.5899 0.7795
vn -0.3526 0.9322 0.0818
vn -0.6469 0.2596 0.7170
vn 0.1991 0.9066 -0.3720
vn -0.6845 0.4255 0.5920
vn 0.6676 0.4910 -0.5597
vn -0.0729 0.9972 -0.0182
vn 0.1653 0.8270 -0.5373
vn 0.0665 0.9974 0.0295
vn -0.5833 0.1458 0.7991
vn 0.1704 0.9746 -0.1456
vn -0.4273 0.4109 0.8053
vn 0.4082 0.8165 -0.4082
vn -0.2593 -0.6370 0.7260
vn -0.2882 0.9438 -0.1617
vn -0.2919 0.9562 0.0202
vn 0.0822 -0.9966 -0.0051
vn 0.4715 -0.3895 -0.7912
vn -0.2666 -0.5945 0.7586
vn 0.0612 0.9939 0.0917
vn -0.5821 0.4805 0.6560
vn -0.1666 0.9740 0.1538
vn -0.6365 0.4995 0.5876
vn 0.7581 0.4799 -0.4415
vn 0.1600 -0.9868 -0.0267
vn -0.3006 -0.9293 -0.2148
vn -0.4083 -0.8164 0.4083
vn -0.8725 -0.0502 0.4860
vn -0.6454 -0.7558 0.1107
vn 0.5725 -0.7445 -0.3436
vn 0.6259 -0.4038 -0.6672
vn -0.1023 -0.9330 -0.3451
vn 0.6603 -0.5602 0.5002
vn -0.2628 -0.4731 0.8409
vn 0.0436 0.9912 0.1247
vn 0.6029 0.7845 -0.1453
vn 0.5827 -0.2975 -0.7563
vn -0.0490 0.9794 0.1959
vn -0.9385 0.2592 0.2282
vn -0.1526 -0.9572 -0.2459
vn -0.4387 -0.8986 0.0099
vn -0.2818 -0.9408 0.1881
vn 0.7007 -0.6282 -0.3382
vn 0.7124 -0.2220 -0.6657
vn 0.2319 -0.8433 -0.4849
vn -0.2418 -0.6447 0.7252
vn 0.6839 -0.4558 0.5697
vn -0.7071 0.7071 -0.0000
vn -0.1363 0.7498 -0.6474
vn 0.1542 -0.9876 -0.0309
vn -0.6004 -0.7819 -0.1676
vn -0.3035 -0.7587 0.5765
vn 0.4542 -0.8232 -0.3405
vn -0.2798 -0.8790 -0.3861
vn 0.6675 -0.7045 0.2410
vn 0.2716 -0.6338 0.7242
vn 0.5280 -0.4449 0.7234
vn -0.1332 -0.9894 0.0571
vn -0.5095 -0.4055 0.7590
vn 0.4653 -0.2957 -0.8343
vn 0.9353 -0.2700 -0.2285
vn -0.6845 -0.6902 0.2349
vn 0.9924 -0.1219 0.0174
vn -0.8904 -0.4548 -0.0194
vn 0.5936 -0.0524 -0.8031
vn -0.5485 0.5597 0.6213
vn 0.3935 0.6651 -0.6347
vn 0.3961 0.7456 0.5358
vn 0.3998 0.7600 -0.5124
vn 0.2546 0.9026 -0.3472
vn -0.1839 0.8928 0.4112
vn 0.5194 0.7520 -0.4058
vn -0.2153 -0.8765 -0.4306
vn 0.4935 -0.6579 -0.5689
vn 0.9228 -0.2840 -0.2602
vn -0.1761 -0.9721 0.1550
vn 0.0972 0.7844 -0.6126
vn 0.3818 -0.2687 -0.8843
vn 0.6882 -0.2295 -0.6882
vn 0.1204 0.9631 0.2408
vn -0.4096 0.6108 0.6776
vn 0.5072 0.2403 -0.8276
vn -0.4613 -0.2307 0.8567
vn 0.1592 -0.9778 0.1364
vn -0.3165 -0.6604 0.6810
vn 0.4851 -0.7276 -0.4851
vn 0.4240 0.5885 -0.6884
vn -0.2192 0.9745 0.0487
vn 0.6274 -0.7685 -0.1255
vn -0.6168 0.0960 -0.7813
vn -0.4441 -0.2499 0.8604
vn -0.9048 -0.4031 0.1371
vn -0.4724 -0.5288 0.7051
vn 0.3308 0.8269 -0.4548
vn -0.4248 0.4418 0.7902
vn -0.3608 0.0300 0.9322
vn -0.7809 -0.0000 0.6247
vn 0.4974 0.7107 -0.4974
vn -0.3652 0.9128 -0.1827
vn -0.5749 -0.2695 0.7726
vn -0.4243 0.5657 0.7071
vn -0.2225 0.9711 0.0868
vn 0.4021 0.7674 -0.4995
vn 0.1450 0.9849 -0.0950
vn 0.1956 0.0652 0.9785
vn -0.1719 0.9770 0.1266
vn 0.1747 0.8276 -0.5334
vn -0.2112 -0.0264 0.9771
vn -0.8676 -0.1491 0.4745
vn 0.6092 0.1827 0.7717
vn 0.6584 -0.3933 -0.6417
vn 0.4002 0.3556 0.8446
vn -0.0583 0.9915 0.1167
vn 0.3348 0.7651 -0.5500
vn -0.3182 0.5235 0.7904
vn -0.5581 0.4221 -0.7144
vn -0.5213 0.1801 0.8341
vn -0.5960 0.2399 0.7663
vn -0.7601 0.3489 0.5482
vn -0.6288 0.4573 0.6288
vn -0.3635 0.4461 -0.8178
vn -0.3457 0.0045 0.9383
vn -0.1904 0.4597 -0.8674
vn 0.3095 0.5065 0.8048
vn 0.0977 0.9478 -0.3036
vn -0.7996 0.4153 -0.4338
vn 0.2957 0.6049 0.7393
vn -0.3253 0.5988 0.7319
vn -0.3221 0.4978 0.8053
vn 0.1845 0.5074 -0.8418
vn 0.1170 0.9365 -0.3305
vn 0.1167 0.9367 -0.3301
vn 0.1137 0.9380 -0.3273
vn 0.7602 0.4325 -0.4849
vn 0.3580 0.4804 -0.8007
vn 0.3457 0.0045 0.9383
vn 0.5605 0.2111 0.8008
vn 0.5213 0.1801 0.8341
vn 0.5300 0.4394 -0.7253
vn 0.5296 0.7012 -0.4774
vn 0.7823 0.6212 -0.0460
vn 0.8418 0.2898 0.4554
vn 0.6057 0.4680 0.6435
vn 0.5198 -0.6343 -0.5723
vn 0.9635 0.0847 -0.2541
vn 0.8082 0.3031 0.5050
vn 0.6426 -0.0643 0.7635
vn 0.9343 0.3558 -0.0222
vn 0.0204 0.9788 0.2039
vn 0.7168 -0.1955 -0.6694
vn 0.8381 0.4191 -0.3492
vn 0.0289 0.9423 0.3335
vn -0.9817 -0.0462 -0.1848
vn -0.7566 0.3956 0.5206
vn 0.5618 -0.0441 -0.8261
vn -0.2129 0.9722 -0.0974
vn 0.1005 -0.9921 0.0753
vn -0.3140 -0.7237 0.6145
vn 0.4829 -0.6853 -0.5451
vn 0.4724 -0.6848 -0.5548
vn 0.4736 -0.6845 -0.5542
vn 0.4439 0.6428 -0.6243
vn -0.2451 0.9427 0.2263
vn -0.3422 0.5429 0.7670
vn -0.4739 0.2962 0.8293
vn -0.8869 0.1121 0.4481
vn 0.1884 0.1614 0.9687
vn -0.1592 0.9009 -0.4038
vn 0.9435 0.3145 -0.1048
vn -0.4055 0.4746 0.7812
vn -0.3253 0.4066 0.8537
vn -0.4626 0.7206 0.5164
vn -0.7886 -0.0589 0.6121
vn 0.3964 0.7595 -0.5158
vn 0.6891 0.6292 0.3595
vn -0.5908 0.4287 0.6835
vn -0.5041 -0.3139 0.8046
vn -0.4950 -0.3114 0.8112
vn -0.5045 -0.3136 0.8044
vn -0.3749 -0.8875 -0.2678
vn -0.1881 -0.9408 0.2821
vn -0.9138 0.0547 0.4025
vn -0.5514 -0.8223 -0.1404
vn 0.4997 -0.7809 -0.3748
vn -0.1904 -0.9106 -0.3669
vn -0.0778 -0.6228 0.7785
vn 0.7446 -0.5095 0.4312
vn -0.2672 0.5346 0.8018
vn -0.8331 0.0665 0.5491
vn 0.8111 0.4866 -0.3245
vn 0.3903 0.4880 -0.7807
vn 0.0554 -0.9976 0.0416
vn -0.3291 -0.7511 0.5723
vn 0.4729 -0.6848 -0.5545
vn 0.0475 -0.9977 0.0475
vn 0.0479 -0.9977 0.0477
vn 0.0566 -0.9968 0.0559
vn 0.3755 0.7196 -0.5841
vn 0.3653 0.7182 -0.5923
vn 0.3750 0.7196 -0.5845
vn 0.3647 0.7181 -0.5927
vn -0.7423 0.6641 -0.0892
vn 0.3418 0.9398 -0.0000
vn -0.3012 0.2695 -0.9147
vn -0.1607 0.1438 0.9765
vn -0.7412 0.6632 0.1039
vn 0.0675 -0.0889 0.9937
vn 0.5596 -0.5648 -0.6065
vn 0.9737 -0.1991 -0.1106
vn -0.0521 0.6239 0.7798
vn 0.0445 0.8994 -0.4349
vn -0.4642 0.4827 0.7427
vn 0.9636 0.1482 -0.2224
vn -0.0000 0.7072 0.7070
vn 0.7378 0.5842 -0.3382
vn -0.4949 -0.3108 0.8115
vn 0.5774 -0.0199 -0.8162
vn 0.5048 -0.6859 -0.5242
vn 0.0564 -0.9968 0.0564
vn 0.1133 0.9381 -0.3274
vn -0.5711 -0.3671 0.7342
vn -0.3456 -0.4197 0.8393
vn 0.2277 0.8856 0.4049
vn 0.0562 -0.9777 -0.2023
vn -0.5935 -0.6971 0.4023
vn 0.2629 0.8701 -0.4170
vn -0.0762 0.9407 0.3305
vn 0.5145 0.8575 -0.0000
vn -0.0868 0.9960 -0.0204
vn -0.1903 -0.0815 0.9783
vn -0.8871 -0.3931 0.2420
vn 0.3883 -0.1295 0.9124
vn -0.7092 0.4432 0.5483
vn 0.4082 0.8165 0.4082
vn 0.6287 0.7544 0.1887
vn 0.1312 0.9856 -0.1065
vn 0.4471 0.8945 -0.0000
vn 0.6516 0.7498 -0.1145
vn 0.7127 -0.2198 -0.6661
vn 0.1575 0.9056 0.3937
vn 0.4292 0.3594 -0.8286
vn -0.6034 0.4324 0.6700
vn -0.5345 -0.2673 0.8018
vn 0.6045 0.0175 -0.7964
vn -0.2200 0.2067 0.9534
vn 0.2060 0.1811 0.9616
vn -0.2035 -0.3968 0.8951
vn 0.6882 0.2294 0.6883
vn 0.8943 0.3779 -0.2398
vn 0.9040 -0.0162 -0.4272
vn 0.8337 0.5521 0.0083
vn -0.4344 -0.8231 -0.3658
vn 0.8641 -0.1768 0.4713
vn 0.4445 -0.7778 -0.4444
vn 0.0354 -0.1652 0.9856
vn -0.0828 -0.9931 -0.0828
vn -0.8022 -0.2877 0.5232
vn 0.6844 -0.4951 -0.5351
vn 0.0578 -0.9950 -0.0810
vn -0.6246 -0.6418 0.4450
vn -0.7490 0.2496 0.6137
vn -0.2562 0.8899 0.3775
vn -0.1166 0.9104 0.3969
vn -0.5603 0.5290 0.6374
vn 0.5640 0.8143 -0.1374
vn 0.2393 0.9577 0.1596
vn -0.3941 0.8702 -0.2955
vn -0.7428 0.5572 0.3713
vn -0.4097 0.9106 0.0546
vn 0.0467 0.8418 -0.5378
vn 0.3905 0.5148 -0.7632
vn 0.6937 0.0060 -0.7203
vn 0.1841 0.9772 -0.1058
vn 0.9370 0.3123 0.1562
vn -0.1255 0.8157 0.5647
vn -0.0442 -0.9983 -0.0379
vn -0.5866 -0.6822 0.4365
vn 0.7572 -0.2492 -0.6038
vn 0.7291 -0.2054 -0.6529
vn 0.2255 0.9326 0.2818
vn 0.1127 0.9466 0.3020
vn -0.0163 -0.4406 0.8975
vn -0.3107 0.4659 0.8285
vn -0.9023 -0.0101 0.4311
vn -0.0000 0.8320 0.5547
vn 0.6005 0.7635 0.2375
vn 0.6599 -0.1738 -0.7310
vn -0.0227 -0.9995 -0.0227
vn -0.8477 0.0564 0.5275
vn -0.5436 -0.7250 0.4228
vn -0.0333 -0.9985 -0.0444
vn -0.0338 -0.9984 -0.0451
vn -0.0339 -0.9984 -0.0452
vn -0.7907 -0.3475 0.5040
vn 0.7253 -0.4578 -0.5141
vn -0.6376 0.5234 0.5653
vn -0.5497 0.4210 0.7215
vn 0.1642 -0.9859 0.0329
vn -0.3926 -0.8643 -0.3143
vn -0.2592 -0.9502 0.1728
vn -0.1713 -0.9005 -0.3997
vn -0.2721 -0.6804 0.6804
vn 0.5999 -0.4801 0.6400
vn 0.6201 -0.7443 -0.2482
vn -0.2619 -0.8860 -0.3825
vn 0.3768 0.6350 -0.6744
vn 0.3987 -0.0000 0.9171
vn -0.0341 -0.9984 -0.0454
vn -0.0340 -0.9984 -0.0454
vn -0.7805 -0.4121 0.4702
vn 0.7568 -0.4089 -0.5100
vn -0.7057 0.3304 0.6268
vn 0.4351 0.3808 -0.8159
vn 0.4336 0.5467 -0.7163
vn -0.9556 -0.2934 0.0286
vn 0.7150 -0.5022 -0.4863
vn 0.9814 -0.1116 0.1562
vn 0.1543 0.7715 0.6172
vn -0.0336 -0.9984 -0.0449
vn -0.7231 0.6252 0.2937
vn -0.7732 -0.4767 0.4182
vn 0.7144 -0.3969 -0.5762
vn -0.4810 -0.4361 -0.7606
vn 0.4049 -0.7518 -0.5204
vn 0.6979 -0.6213 0.3562
vn -0.9066 -0.4151 0.0764
vn -0.4456 0.4032 0.7993
vn -0.3563 0.9212 0.1565
vn 0.1004 0.8723 -0.4786
vn -0.5757 0.3145 0.7547
vn 0.5409 0.6711 -0.5070
vn -0.5641 0.6241 -0.5407
vn -0.4863 0.8336 0.2618
vn -0.6291 0.6996 0.3388
vn -0.3503 0.5414 -0.7643
vn -0.3890 0.5834 -0.7130
vn -0.4151 0.4613 0.7841
vn -0.5350 0.5350 0.6539
vn -0.1034 0.5517 -0.8276
vn -0.1745 0.6166 -0.7677
vn 0.3470 0.6309 0.6940
vn 0.1520 0.6649 0.7313
vn 0.2399 -0.5272 0.8152
vn 0.2838 0.6450 0.7095
vn -0.3124 0.6390 0.7029
vn -0.3647 0.6263 0.6890
vn -0.1187 0.6679 0.7347
vn 0.4349 0.4550 0.7771
vn 0.2527 0.9169 0.3088
vn 0.5350 0.5350 0.6539
vn 0.6049 0.7245 0.3305
vn -0.1361 -0.9526 -0.2722
vn -0.1360 -0.9526 -0.2722
vn -0.8912 -0.4262 0.1550
vn 0.0175 0.9528 -0.3030
vn -0.8014 0.3482 0.4864
vn 0.5959 -0.6810 -0.4256
vn -0.7453 0.2982 0.5963
vn 0.4793 0.3050 -0.8230
vn -0.4976 0.3715 0.7839
vn 0.5026 0.5743 -0.6462
vn -0.4777 0.1125 0.8713
vn -0.6786 0.6112 0.4073
vn -0.9670 0.0805 0.2417
vn 0.1966 -0.4773 0.8565
vn -0.6876 0.4960 0.5302
vn 0.5575 0.8110 0.1774
vn 0.7205 0.6908 -0.0599
vn -0.7448 0.3311 0.5793
vn -0.7589 0.3010 0.5774
vn -0.2578 0.9538 -0.1546
vn 0.5248 0.2855 -0.8019
vn -0.4408 0.4591 0.7714
vn 0.1989 0.9781 -0.0608
vn 0.4413 0.3252 0.8364
vn 0.9782 0.1151 -0.1726
vn 0.6551 0.6710 -0.3473
vn 0.4981 0.8093 -0.3113
vn 0.5210 0.3539 -0.7767
vn -0.2982 0.5584 0.7741
vn 0.4533 0.4101 -0.7914
vn -0.5826 0.2571 0.7710
vn -0.0913 0.9575 0.2737
vn 0.8390 0.4323 0.3306
vn 0.0960 0.9116 0.3998
vn 0.7505 0.6606 -0.0203
vn 0.0571 0.7582 0.6495
vn 0.8599 -0.0228 0.5099
vn -0.7660 0.3736 0.5231
vn -0.9698 -0.2439 -0.0063
vn -0.2326 0.9634 0.1330
vn 0.0974 0.9409 -0.3245
vn -0.8783 0.3184 0.3568
vn -0.0772 0.9887 -0.1287
vn 0.6743 0.4779 -0.5630
vn -0.7725 0.3836 0.5061
vn -0.7597 0.6495 0.0330
vn 0.6611 0.6358 -0.3984
vn 0.4321 0.8472 -0.3092
vn -0.2337 -0.8179 -0.5258
vn -0.3015 -0.9046 0.3014
vn -0.8285 -0.5587 0.0385
vn 0.0278 -0.8885 0.4580
vn 0.2169 -0.9762 -0.0000
vn 0.4554 -0.6631 -0.5940
vn 0.8972 0.4415 0.0143
vn 0.3721 0.1218 0.9202
vn -0.2665 -0.9517 -0.1523
vn -0.8465 -0.4515 0.2821
vn 0.6320 -0.5995 -0.4911
vn -0.0758 -0.9855 -0.1516
vn -0.8571 -0.4286 0.2857
vn 0.6456 -0.6087 -0.4612
vn 0.6708 -0.6184 -0.4094
vn 0.9020 0.3804 -0.2040
vn 0.6804 0.5782 -0.4502
vn 0.2212 0.9372 -0.2695
vn -0.1446 0.9546 0.2604
vn -0.3152 -0.4584 0.8309
vn -0.1297 -0.6052 0.7854
vn -0.1047 0.9939 -0.0349
vn -0.2065 0.9632 0.1721
vn 0.1421 0.9768 -0.1599
vn 0.1266 0.9917 0.0211
vn -0.0788 0.7723 -0.6304
vn 0.2541 -0.5310 0.8084
vn -0.8521 0.3632 0.3767
vn 0.0204 0.8772 0.4797
vn 0.2215 0.9712 -0.0883
vn 0.3257 -0.9049 -0.2741
vn -0.3821 -0.9068 -0.1783
vn -0.8218 -0.1566 0.5478
vn -0.2232 -0.2678 -0.9373
vn 0.3682 -0.7780 -0.5091
vn -0.2674 -0.5346 0.8017
vn 0.0967 0.8701 0.4834
vn 0.4189 0.8507 0.3175
vn -0.8165 0.4082 0.4082
vn -0.2124 0.9634 0.1634
vn -0.2116 0.9634 0.1644
vn -0.2118 0.9636 0.1633
vn 0.9870 0.0946 0.1301
vn -0.2108 0.9634 0.1656
vn 0.0517 0.9946 0.0904
vn -0.8985 0.2343 -0.3712
vn -0.9942 -0.0479 -0.0958
vn -0.0572 0.9984 -0.0052
vn 0.0638 0.9979 0.0080
vn -0.3841 -0.9077 -0.1689
vn -0.2540 -0.3810 0.8890
vn -0.2356 -0.9429 0.2355
vn -0.9245 0.0926 0.3698
vn -0.5181 -0.8502 -0.0934
vn 0.4083 -0.8165 -0.4081
vn 0.5861 -0.6159 -0.5265
vn -0.0298 -0.9453 -0.3248
vn 0.6380 -0.5254 0.5630
vn 0.9124 -0.3801 -0.1520
vn -0.0249 -0.9984 -0.0499
vn -0.0267 -0.9982 -0.0535
vn -0.8412 -0.3824 0.3824
vn 0.6835 -0.6229 -0.3806
vn -0.8018 0.5345 0.2672
vn -0.3365 -0.9406 0.0459
vn 0.3515 -0.9110 -0.2157
vn -0.3478 0.0794 0.9342
vn -0.2511 -0.3768 0.8916
vn -0.1639 -0.9831 -0.0819
vn 0.6772 -0.6143 -0.4049
vn -0.0285 -0.9980 -0.0570
vn -0.8475 -0.3524 0.3970
vn 0.7030 -0.5756 -0.4177
vn -0.0958 0.9950 0.0266
vn -0.3311 -0.9404 0.0775
vn 0.3613 -0.9031 -0.2323
vn -0.0807 0.9929 0.0869
vn -0.0000 0.1644 -0.9864
vn 0.3997 -0.2665 -0.8771
vn -0.8481 -0.4316 0.3075
vn -0.7714 0.3857 0.5062
vn 0.8566 0.3993 -0.3267
vn -0.3654 -0.9257 0.0975
vn 0.3537 -0.8977 -0.2629
vn -0.8676 0.4923 0.0703
vn 0.1847 -0.8895 -0.4180
vn -0.1517 -0.6448 0.7491
vn -0.4990 0.8554 -0.1386
vn -0.4798 0.8225 -0.3053
vn -0.4990 0.8554 0.1386
vn -0.3281 0.8271 -0.4564
vn -0.3371 0.8667 0.3677
vn 0.2225 0.7946 0.5648
vn 0.2627 0.7506 0.6063
vn -0.2633 0.7615 0.5923
vn -0.1989 0.8142 0.5455
vn -0.4281 -0.0000 0.9038
vn -0.2840 0.7483 0.5996
vn -0.3146 -0.8236 -0.4719
vn -0.6395 -0.7153 -0.2817
vn -0.2823 -0.9407 0.1882
vn 0.6374 -0.6655 -0.3884
vn 0.6373 -0.6656 -0.3885
vn 0.6752 -0.4916 -0.5500
vn -0.0193 -0.8289 -0.5590
vn -0.2768 -0.6151 0.7382
vn 0.5774 -0.5773 0.5774
vn -0.8944 -0.4472 0.0002
vn -0.4561 -0.8363 0.3041
vn -0.2765 -0.5875 -0.7605
vn -0.9011 -0.2406 -0.3608
vn 0.5431 -0.8383 -0.0477
vn 0.0489 -0.9940 0.0978
vn -0.2153 -0.9662 0.1420
vn 0.5451 -0.7784 -0.3115
vn -0.1084 -0.9512 -0.2890
vn -0.9146 -0.4043 -0.0096
vn 0.8316 -0.4851 -0.2703
vn 0.1434 0.9872 -0.0702
vn -0.1867 -0.0700 0.9799
vn -0.8866 -0.3933 0.2433
vn 0.6716 -0.5226 -0.5252
vn 0.8146 0.5403 -0.2110
vn -0.3979 -0.9022 0.1666
vn 0.3583 -0.8746 -0.3267
vn -0.8685 0.3776 0.3210
vn -0.0000 0.9702 0.2425
vn -0.8359 0.3980 0.3781
vn 0.8957 0.2357 -0.3771
vn 0.1908 -0.9064 -0.3769
vn -0.1526 -0.6753 0.7215
vn -0.9596 -0.2732 0.0667
vn 0.9420 -0.3076 -0.1346
vn 0.0475 -0.4561 0.8886
vn -0.0510 -0.9935 -0.1019
vn -0.8546 -0.4065 0.3231
vn 0.6992 -0.5914 -0.4017
vn 0.5496 0.2198 0.8060
vn -0.6806 0.6113 0.4038
vn -0.7758 0.4944 0.3921
vn -0.8674 0.2779 0.4127
vn -0.0126 0.9960 0.0883
vn -0.8705 0.3028 0.3880
vn 0.4833 0.8701 0.0967
vn 0.8756 0.2485 -0.4142
vn -0.4298 0.7789 -0.4567
vn 0.2120 0.4334 -0.8759
vn 0.3976 -0.2901 -0.8705
vn 0.5150 -0.8071 0.2887
vn 0.5617 -0.8239 -0.0749
vn -0.0597 -0.9982 -0.0085
vn 0.1825 -0.9130 0.3649
vn -0.1791 -0.5457 0.8186
vn -0.0981 -0.9535 0.2850
vn 0.5966 -0.4972 -0.6300
vn 0.0353 -0.8262 -0.5622
vn 0.1913 -0.7176 -0.6697
vn 0.0809 -0.8416 -0.5341
vn 0.5070 -0.0000 -0.8620
vn 0.2920 -0.7118 -0.6388
vn -0.9404 -0.1849 0.2855
vn 0.8301 -0.0692 -0.5533
vn -0.2091 -0.0697 -0.9754
vn 0.9446 -0.2834 -0.1653
vn 0.9364 0.3404 0.0851
vn 0.8081 0.4537 -0.3757
vn -0.8796 0.0202 0.4752
vn -0.9073 0.2086 0.3650
vn 0.8338 0.3179 -0.4514
vn -0.3512 0.5895 0.7275
vn 0.3093 -0.3238 -0.8941
vn 0.3535 -0.5436 0.7613
vn 0.9751 -0.1330 0.1773
vn -0.1494 -0.7202 0.6775
vn -0.4087 -0.1168 0.9051
vn -0.9476 -0.3160 0.0467
vn 0.1309 0.9898 -0.0563
vn 0.2759 0.9590 -0.0642
vn -0.9298 -0.2680 0.2522
vn -0.0369 -0.9966 -0.0738
vn -0.7252 0.6618 0.1901
vn -0.8653 -0.4051 0.2951
vn 0.7129 -0.5545 -0.4293
vn -0.4286 0.5142 0.7429
vn -0.5358 0.7396 0.4073
vn -0.8645 0.2247 0.4495
vn 0.8890 0.3809 -0.2541
vn 0.7447 0.5143 -0.4255
vn 0.6767 0.5206 -0.5206
vn 0.1082 0.9192 0.3786
vn -0.5071 0.8451 -0.1691
vn -0.7794 -0.5461 0.3072
vn 0.2835 -0.3455 -0.8946
vn 0.1010 -0.4040 -0.9091
vn -0.2091 -0.5664 0.7972
vn 0.4988 0.1425 0.8550
vn -0.7452 0.3194 -0.5854
vn 0.0289 0.9626 0.2695
vn -0.7471 0.4544 0.4852
vn -0.7989 0.4634 0.3835
vn 0.0775 -0.9949 0.0646
vn -0.3584 0.9334 -0.0166
vn -0.2106 0.9309 0.2985
vn -0.3423 0.8132 0.4707
vn 0.0484 0.7752 -0.6298
vn -0.2729 0.3700 0.8880
vn 0.8956 0.2358 -0.3772
vn 0.2130 -0.2930 -0.9321
vn 0.8082 -0.3426 -0.4790
vn 0.8645 0.3325 0.3769
vn -0.8899 0.4296 0.1534
vn 0.2203 0.1845 0.9578
vn -0.7191 0.6195 0.3149
vn 0.8080 0.5176 -0.2814
vn -0.5546 -0.8321 -0.0000
vn -0.7881 -0.4729 -0.3941
vn -0.1668 -0.0000 0.9860
vn -0.1147 -0.8439 0.5241
vn -0.6396 -0.6396 0.4263
vn -0.1556 0.9647 -0.2127
vn -0.2770 0.3246 0.9044
vn 0.3004 0.1286 0.9451
vn 0.3005 0.1287 0.9451
vn 0.3005 0.1287 0.9450
vn 0.2961 -0.1703 -0.9399
vn 0.5261 0.6013 -0.6013
vn 0.5030 -0.1258 -0.8551
vn -0.6213 0.6210 0.4778
vn -0.9532 0.0734 0.2933
vn -0.8995 0.3856 0.2056
vn 0.6366 0.5837 -0.5040
vn 0.8858 0.3828 -0.2625
vn 0.9031 0.4244 -0.0653
vn -0.7976 0.4379 0.4149
vn 0.2182 0.8729 0.4364
vn 0.7207 0.6848 0.1081
vn 0.8521 0.4789 -0.2113
vn 0.1158 0.9744 0.1929
vn 0.4016 0.9157 -0.0161
vn 0.1216 -0.3477 -0.9297
vn 0.4735 0.4369 -0.7648
vn 0.7123 0.5480 0.4385
vn -0.1991 0.3508 0.9150
vn -0.1843 0.4396 0.8791
vn 0.4543 0.7754 -0.4386
vn -0.6581 -0.6582 0.3656
vn -0.4438 0.8876 -0.1233
vn -0.4278 0.8945 0.1297
vn -0.3865 0.8374 0.3865
vn 0.0891 0.8909 0.4454
vn 0.2135 0.8540 0.4745
vn -0.2697 -0.9629 0.0061
vn 0.7056 -0.5886 -0.3946
vn 0.8284 0.4397 -0.3471
vn -0.0889 0.9941 -0.0628
vn -0.3541 0.8932 0.2771
vn 0.0319 0.9913 0.1279
vn -0.1157 0.4900 0.8640
vn -0.1186 -0.6404 0.7589
vn -0.4600 -0.0708 0.8851
vn -0.4603 -0.0707 0.8850
vn -0.5093 0.1415 -0.8488
vn -0.9984 0.0249 0.0499
vn -0.0623 0.9350 0.3491
vn -0.0530 0.7957 0.6034
vn 0.1961 0.5883 0.7845
vn 0.9361 0.3477 -0.0534
vn 0.0451 0.9477 -0.3159
vn -0.2240 -0.9148 -0.3361
vn -0.2672 -0.5349 0.8015
vn -0.2225 -0.9636 0.1482
vn -0.9427 0.2301 0.2415
vn -0.4478 -0.8610 -0.2411
vn 0.5924 -0.7700 -0.2369
vn 0.7007 -0.5487 -0.4559
vn -0.3414 -0.8882 -0.3075
vn 0.7446 -0.5095 0.4311
vn -0.3705 -0.9038 -0.2142
vn -0.3655 -0.9057 -0.2145
vn -0.3662 -0.9055 -0.2145
vn -0.9618 0.0961 0.2564
vn -0.3725 -0.9030 -0.2141
vn 0.6203 -0.7441 -0.2481
vn 0.7046 -0.5588 -0.4373
vn -0.0177 -0.9467 -0.3216
vn -0.3100 -0.6459 0.6976
vn 0.7184 -0.4726 0.5104
vn -0.8460 -0.4028 0.3492
vn -0.8895 0.3999 0.2211
vn 0.1986 0.6194 -0.7596
vn 0.1332 0.5801 -0.8036
vn 0.7071 0.7071 -0.0001
vn 0.2350 0.9694 -0.0714
vn 0.5750 0.6389 0.5111
vn -0.1086 0.9940 -0.0161
vn -0.1638 -0.6554 0.7373
vn 0.4537 0.8737 -0.1758
vn 0.9879 -0.1537 0.0219
vn -0.1845 0.9808 -0.0630
vn 0.7832 0.4072 -0.4699
vn -0.1454 -0.9889 -0.0291
vn 0.7094 -0.6018 -0.3668
vn 0.7121 -0.5962 -0.3709
vn 0.7093 -0.6020 -0.3667
vn -0.6974 0.5429 0.4679
vn 0.1956 0.9454 0.2608
vn 0.2411 0.9401 0.2410
vn -0.0164 0.9980 -0.0603
vn -0.1957 0.9785 0.0652
vn 0.4120 0.8988 -0.1498
vn -0.0000 0.9486 0.3164
vn -0.1245 0.2111 0.9695
vn 0.1913 0.6697 -0.7176
vn 0.2647 0.7870 -0.5572
vn -0.8666 -0.3484 0.3573
vn -0.0197 0.9872 0.1580
vn -0.5811 0.6570 -0.4802
vn -0.5264 0.6435 0.5557
vn -0.2071 0.8445 0.4939
vn 0.4083 0.8165 -0.4082
vn 0.1710 0.7600 -0.6270
vn 0.8535 0.5167 0.0674
vn -0.3161 0.0004 0.9487
vn -0.3160 0.0004 0.9487
vn -0.9395 -0.3320 0.0845
vn -0.5068 0.0255 0.8617
vn -0.9608 -0.2135 0.1768
vn -0.0352 -0.9983 -0.0470
vn -0.0354 -0.9983 -0.0472
vn -0.0355 -0.9983 -0.0473
vn -0.8532 -0.3760 0.3615
vn 0.7121 -0.5960 -0.3711
vn -0.1862 0.8450 0.5013
vn 0.1005 0.8761 -0.4716
vn -0.0069 0.8945 0.4471
vn -0.0765 0.8411 0.5354
vn 0.0396 0.9896 0.1385
vn 0.2278 -0.1600 -0.9605
vn -0.8571 -0.2858 0.4286
vn -0.8327 0.3441 0.4338
vn -0.0805 0.8152 0.5736
vn -0.1015 -0.4245 0.8997
vn 0.6285 0.3562 0.6914
vn 0.8396 -0.3732 -0.3947
vn 0.5817 0.3080 0.7528
vn 0.8506 -0.3402 -0.4010
vn -0.0357 -0.9982 -0.0475
vn -0.7238 0.6727 0.1535
vn -0.8669 -0.4049 0.2907
vn 0.7172 -0.5579 -0.4176
vn -0.1336 0.9832 0.1241
vn -0.6510 -0.6510 0.3905
vn -0.1216 -0.8816 -0.4561
vn -0.8877 -0.4285 -0.1684
vn -0.1370 -0.7337 0.6655
vn 0.0555 -0.9983 0.0185
vn 0.1586 -0.9513 -0.2644
vn -0.0516 0.9981 -0.0344
vn 0.0468 0.9989 -0.0000
vn 0.1826 -0.3651 -0.9129
vn 0.3637 0.8229 0.4365
vn 0.9370 0.3125 0.1562
vn 0.9370 0.3124 0.1561
vn -0.6985 0.5834 0.4145
vn 0.2015 -0.5889 -0.7827
vn 0.0267 -0.9996 0.0114
vn 0.0846 -0.4229 -0.9022
vn 0.0165 0.9876 -0.1564
vn 0.3098 0.5554 -0.7717
vn -0.1575 -0.9849 0.0716
vn 0.1365 0.9882 -0.0694
vn -0.9340 0.1981 0.2972
vn -0.4367 0.4990 0.7486
vn -0.6694 0.4259 0.6087
vn -0.9437 0.1480 0.2960
vn 0.8201 0.4821 -0.3082
vn -0.1738 -0.4635 0.8689
vn -0.6262 -0.3267 0.7079
vn -0.1761 -0.4403 0.8804
vn 0.1919 -0.5756 -0.7949
vn 0.1991 -0.4647 -0.8628
vn -0.1666 -0.4722 0.8656
vn 0.1080 -0.6252 -0.7730
vn -0.1066 -0.5116 0.8526
vn -0.1709 -0.4785 0.8613
vn 0.2334 0.9724 -0.0000
vn 0.3043 0.8844 -0.3538
vn -0.1428 -0.9860 0.0866
vn 0.9333 0.3535 -0.0634
vn 0.9153 0.3846 -0.1197
vn -0.6124 0.1968 -0.7656
vn 0.2684 0.9482 -0.1700
vn 0.2804 0.9072 -0.3136
vn -0.0970 0.6791 0.7276
vn -0.7103 0.6052 0.3596
vn 0.7996 0.4997 -0.3331
vn -0.9610 0.1687 0.2192
vn 0.2656 0.3667 -0.8916
vn -0.0004 -0.8946 0.4469
vn 0.2518 0.9622 -0.1037
vn -0.2373 -0.9229 -0.3032
vn -0.9194 -0.3761 0.1150
vn 0.7787 -0.5192 -0.3522
vn -0.8153 0.4448 0.3706
vn 0.1962 0.7844 0.5884
vn -0.8127 0.5566 0.1724
vn -0.0565 0.9884 -0.1412
vn 0.7392 0.4861 -0.4662
vn -0.7470 0.5790 0.3268
vn 0.7832 0.5131 -0.3511
vn -0.3629 0.2117 0.9074
vn -0.1908 0.4996 0.8450
vn -0.2169 -0.1754 0.9603
vn -0.7576 -0.5682 0.3212
vn 0.1425 0.3676 -0.9190
vn 0.1379 0.3678 -0.9196
vn 0.1424 0.3676 -0.9190
vn 0.2420 0.9678 -0.0693
vn -0.2664 -0.8956 -0.3563
vn -0.3795 -0.8917 -0.2466
vn 0.6340 -0.6692 -0.3875
vn 0.6516 -0.3040 -0.6950
vn 0.0437 -0.8378 -0.5442
vn -0.3293 -0.5487 0.7684
vn 0.7369 -0.4004 0.5447
vn 0.6202 0.7442 0.2482
vn -0.0135 0.8998 0.4362
vn 0.1962 0.7845 0.5883
vn 0.9106 0.4110 -0.0435
vn 0.9113 0.4094 -0.0440
vn 0.9110 0.4100 -0.0438
vn 0.9102 0.4118 -0.0433
vn -0.2914 -0.9528 -0.0850
vn 0.7609 -0.5735 -0.3036
vn -0.7917 0.4947 0.3583
vn 0.7256 0.6528 0.2177
vn 0.9204 0.3700 -0.1266
vn 0.9340 0.3304 -0.1363
vn 0.1469 0.3674 -0.9184
vn -0.0493 0.5426 0.8386
vn 0.1130 0.6024 -0.7902
vn 0.1836 0.9791 0.0874
vn -0.8636 -0.3810 0.3302
vn 0.9800 -0.1781 -0.0890
vn -0.9281 -0.2740 0.2519
vn 0.0534 0.9939 0.0962
vn -0.6343 0.7000 -0.3281
vn 0.1548 0.4157 -0.8962
vn 0.2534 0.3307 -0.9091
vn -0.1087 0.4619 0.8802
vn -0.1279 0.4605 0.8784
vn -0.1992 -0.9566 -0.2126
vn -0.9190 -0.3766 0.1166
vn 0.7346 -0.6028 -0.3114
vn 0.3623 0.8705 0.3332
vn -0.0641 0.9278 0.3674
vn 0.3506 0.9053 0.2397
vn -0.5392 0.6470 0.5392
vn -0.4712 -0.7712 0.4280
vn -0.1946 -0.8111 -0.5516
vn -0.9113 -0.3906 -0.1301
vn -0.0447 -0.8935 0.4469
vn 0.0617 -0.9979 0.0206
vn 0.2414 -0.8074 -0.5384
vn -0.1738 0.4634 0.8689
vn -0.1979 0.5372 0.8199
vn 0.2279 0.9117 -0.3418
vn -0.4552 -0.0683 0.8878
vn -0.8690 -0.2895 0.4012
vn -0.2367 -0.9715 0.0125
vn -0.2423 -0.9702 0.0007
vn -0.2371 -0.9714 0.0118
vn 0.7420 -0.6126 -0.2723
vn 0.0198 0.9986 0.0495
vn -0.1228 -0.4715 0.8732
vn -0.4083 -0.4083 0.8164
vn -0.9794 0.0710 0.1893
vn 0.1257 0.9920 0.0139
vn 0.1732 0.6239 -0.7621
vn 0.1097 0.9879 0.1098
vn 0.6898 -0.2781 -0.6684
vn -0.1690 -0.9690 -0.1802
vn 0.7981 -0.5321 -0.2827
vn 0.1988 -0.9492 0.2441
vn 0.7792 -0.5877 -0.2179
vn -0.9064 -0.3431 0.2464
vn 0.0397 0.8253 -0.5633
vn 0.1722 -0.5857 -0.7920
vn 0.0562 -0.9905 -0.1254
vn -0.2126 -0.3722 -0.9035
vn 0.0194 -0.9905 -0.1359
vn -0.1267 -0.4437 0.8872
vn 0.0877 -0.9874 -0.1316
vn -0.1395 -0.4743 0.8693
vn 0.1442 0.8392 -0.5243
vn -0.0115 -0.9575 -0.2882
vn 0.1713 -0.8813 -0.4405
vn 0.5608 0.3925 0.7290
vn -0.1359 -0.9857 0.0991
vn -0.1644 -0.9829 0.0828
vn -0.2167 -0.3927 0.8938
vn -0.9142 -0.3940 0.0945
vn -0.8437 0.3912 0.3677
vn 0.9303 0.3661 -0.0215
vn 0.8958 -0.3359 -0.2911
vn 0.1752 -0.9843 -0.0199
vn -0.1603 -0.9867 0.0277
vn -0.9078 -0.3670 0.2028
vn -0.3874 0.9158 -0.1058
vn -0.8872 0.1270 0.4436
vn -0.8310 0.1932 -0.5217
vn 0.1626 -0.3794 -0.9108
vn 0.1992 -0.3494 -0.9156
vn 0.2005 -0.4204 -0.8849
vn -0.2021 -0.4756 0.8561
vn 0.1508 0.7611 -0.6308
vn -0.2015 -0.3858 0.9003
vn 0.0946 0.9795 0.1781
vn 0.0307 0.8985 -0.4378
vn 0.1456 0.9100 -0.3882
vn -0.5549 0.2018 0.8070
vn -0.5427 0.5678 0.6189
vn -0.7856 0.1501 0.6003
vn 0.8537 0.4876 0.1829
vn -0.2579 -0.9638 -0.0679
vn 0.7347 -0.6465 -0.2057
vn -0.9384 -0.2839 0.1971
vn 0.9262 -0.3582 -0.1181
vn 0.9427 -0.3260 -0.0705
vn 0.0265 0.8923 -0.4506
vn -0.1959 0.0327 0.9801
vn -0.1852 0.2545 0.9492
vn -0.1707 -0.2071 0.9633
vn 0.1546 0.8243 -0.5446
vn 0.1182 -0.5021 -0.8567
vn 0.3260 -0.4656 -0.8227
vn -0.8730 -0.4727 0.1206
vn -0.8230 0.4412 0.3578
vn 0.9157 0.3628 -0.1728
vn -0.0678 0.9919 0.1070
vn 0.0233 0.9799 0.1983
vn 0.1111 0.8889 -0.4444
vn 0.1394 -0.1706 0.9754
vn -0.0358 0.9674 -0.2509
vn 0.1466 0.9677 -0.2053
vn 0.7637 0.6226 -0.1706
vn -0.1356 -0.9829 -0.1243
vn -0.9013 -0.4221 0.0970
vn 0.8046 -0.5542 -0.2134
vn 0.7098 -0.6792 -0.1870
vn -0.8696 0.4015 0.2873
vn 0.6901 0.6249 -0.3650
vn 0.9085 0.4127 -0.0651
vn -0.5493 -0.7324 0.4024
vn -0.5494 -0.7323 0.4024
vn -0.1691 -0.8452 -0.5070
vn -0.8508 -0.4659 -0.2431
vn 0.2120 -0.6360 0.7420
vn 0.0797 -0.9965 0.0266
vn 0.0381 -0.9518 -0.3044
vn -0.0377 0.9813 0.1886
vn 0.1267 0.8872 -0.4436
vn 0.3950 0.6208 -0.6772
vn -0.0334 -0.8657 -0.4994
vn -0.3120 -0.9361 0.1623
vn -0.5774 -0.5774 -0.5773
vn -0.5886 -0.7878 0.1815
vn -0.1415 0.5092 0.8489
vn 0.7732 -0.6324 0.0469
vn -0.0970 0.6790 0.7277
vn -0.2337 -0.9716 0.0365
vn 0.6756 -0.7032 -0.2215
vn -0.8715 -0.4662 0.1520
vn -0.8713 0.4777 0.1124
vn -0.4084 0.8164 -0.4082
vn 0.5450 0.7500 -0.3748
vn 0.9380 0.2706 -0.2165
vn -0.2020 -0.6925 -0.6925
vn 0.0400 -0.9992 -0.0050
vn -0.2007 -0.5619 -0.8025
vn -0.7744 0.6194 -0.1291
vn -0.4106 0.6024 0.6845
vn 0.0998 0.9710 -0.2172
vn 0.0886 0.9715 -0.2200
vn 0.0883 0.9713 -0.2208
vn -0.1340 0.4149 0.8999
vn 0.2290 0.9734 -0.0000
vn 0.3738 0.8154 -0.4419
vn -0.0861 0.6601 0.7462
vn 0.3772 -0.2357 -0.8956
vn 0.8136 -0.5812 0.0172
vn -0.8757 0.4222 0.2345
vn -0.2002 -0.9795 -0.0211
vn 0.7929 -0.5286 -0.3032
vn -0.9844 -0.1369 0.1102
vn 0.1699 0.9423 -0.2883
vn -0.5235 0.8487 -0.0760
vn -0.8185 0.5186 0.2472
vn 0.2651 -0.4524 0.8515
vn -0.5571 -0.3714 0.7428
vn -0.3654 0.7642 -0.5316
vn 0.1518 0.3578 -0.9214
vn -0.2343 -0.4379 -0.8680
vn -0.1293 0.3233 0.9374
vn -0.1882 0.4393 0.8784
vn -0.1517 0.3621 0.9197
vn 0.1005 0.9708 -0.2177
vn 0.1888 0.6042 -0.7741
vn 0.3471 0.8926 -0.2876
vn -0.0122 0.8575 0.5144
vn 0.6172 0.7715 0.1544
vn 0.1963 0.7845 0.5882
vn 0.7845 0.5883 -0.1962
vn 0.7845 0.5883 -0.1961
vn -0.8398 0.5394 0.0616
vn -0.8756 -0.4678 0.1199
vn 0.0407 0.9407 0.3368
vn -0.7295 0.6831 0.0347
vn -0.8204 0.5314 0.2110
vn 0.8855 0.4427 -0.1409
vn 0.9431 0.3215 -0.0846
vn -0.9623 0.0385 0.2694
vn -0.7072 -0.0000 -0.7071
vn 0.1807 0.5061 -0.8434
vn 0.1184 0.6357 -0.7628
vn 0.1610 0.5475 -0.8211
vn 0.2165 0.9743 0.0619
vn 0.0001 0.8946 0.4468
vn -0.0000 0.8944 0.4472
vn -0.0000 0.8945 0.4470
vn -0.1294 0.5594 0.8188
vn -0.3722 0.2127 -0.9035
vn -0.4639 -0.8386 0.2855
vn 0.6374 -0.7649 0.0935
vn -0.3527 -0.2361 0.9055
vn -0.8680 0.4341 0.2411
vn 0.8875 0.4457 -0.1173
vn -0.3996 0.8662 0.2999
vn -0.2832 0.8815 -0.3777
vn -0.6791 0.3396 0.6508
vn 0.0440 0.8754 0.4813
vn -0.3185 -0.9055 0.2805
vn -0.0362 -0.9923 0.1184
vn 0.3908 0.8879 0.2429
vn -0.8791 0.4355 0.1935
vn -0.1634 0.9715 -0.1719
vn 0.8765 0.3476 -0.3330
vn -0.0000 0.9982 -0.0605
vn -0.8967 0.4418 -0.0268
vn 0.1380 0.9855 0.0985
vn -0.0341 0.9981 -0.0512
vn 0.5230 0.4474 0.7255
vn 0.7224 0.2680 -0.6374
vn -0.2301 0.1972 0.9530
vn 0.2357 0.3771 0.8957
vn 0.2719 -0.1813 0.9451
vn -0.8627 -0.3302 0.3830
vn -0.0000 0.8683 0.4961
vn -0.2182 -0.8729 0.4363
vn 0.5611 -0.7696 -0.3047
vn -0.2641 -0.7926 -0.5495
vn -0.9609 0.2746 -0.0356
vn -0.4377 -0.8756 0.2043
vn 0.9897 -0.1342 -0.0503
vn 0.6298 0.4973 -0.5967
vn 0.9237 0.3598 -0.1313
vn -0.8736 0.4543 0.1747
vn 0.8917 0.4160 -0.1783
vn -0.2777 0.9604 -0.0231
vn -0.8603 0.3719 -0.3488
vn -0.2984 0.3838 -0.8739
vn -0.1639 -0.9831 0.0820
vn 0.2356 -0.9585 0.1607
vn 0.0355 -0.9937 -0.1065
vn -0.6805 -0.6804 -0.2720
vn -0.3568 -0.5577 -0.7494
vn -0.1401 0.9327 0.3324
vn 0.3011 -0.8854 0.3541
vn -0.2614 -0.6969 0.6678
vn -0.0173 0.9172 -0.3981
vn 0.1674 0.8927 -0.4184
vn -0.7990 -0.4599 0.3873
vn -0.4689 -0.7032 -0.5345
vn 0.1952 -0.5638 0.8025
vn 0.7916 -0.5875 -0.1682
vn -0.0520 0.7798 0.6238
vn -0.0744 0.4460 0.8920
vn 0.9875 -0.1411 -0.0705
vn -0.0659 -0.9663 -0.2489
vn -0.2329 -0.9453 -0.2284
vn -0.5833 -0.3890 0.7130
vn -0.9270 0.3606 0.1030
vn -0.7297 -0.6747 -0.1106
vn 0.3865 -0.8623 -0.3271
vn 0.4829 -0.8366 -0.2587
vn 0.1953 -0.9481 -0.2510
vn 0.6760 -0.4394 0.5915
vn 0.9611 -0.2622 0.0874
vn -0.8885 0.4546 0.0620
vn -0.0176 0.9786 0.2051
vn 0.4092 0.8984 -0.1597
vn 0.1038 0.9926 0.0631
vn -0.0402 0.9941 -0.1004
vn 0.8901 0.1917 -0.4134
vn -0.5774 0.5774 0.5773
vn -0.9034 -0.1844 0.3871
vn -0.0263 0.8941 0.4471
vn 0.1408 0.8448 -0.5163
vn 0.1408 0.8447 -0.5164
vn 0.1408 0.8447 -0.5163
vn 0.0903 0.9933 0.0723
vn -0.0640 0.7519 0.6561
vn -0.1587 0.7291 -0.6658
vn -0.1950 -0.9636 0.1829
vn 0.6437 -0.7643 0.0402
vn 0.6765 -0.5770 -0.4576
vn -0.0230 0.9901 -0.1382
vn 0.8499 0.4070 -0.3348
vn -0.0313 0.9790 0.2012
vn -0.7507 -0.2283 -0.6199
vn -0.4924 0.1233 -0.8616
vn -0.3507 -0.5193 -0.7793
vn 0.0329 -0.1644 0.9859
vn 0.4253 -0.4106 0.8066
vn -0.3165 0.3852 -0.8669
vn -0.0688 0.9144 0.3989
vn 0.1125 0.8436 -0.5251
vn 0.0373 0.9921 0.1194
vn 0.0381 0.9920 0.1202
vn 0.0453 0.9907 0.1281
vn -0.9674 0.2419 0.0755
vn -0.6905 -0.6904 0.2158
vn -0.4816 0.8697 -0.1081
vn -0.6964 -0.6962 0.1741
vn 0.0463 -0.9946 0.0926
vn 0.5774 0.8083 -0.1155
vn -0.3309 -0.5795 0.7448
vn -0.0572 0.9976 0.0393
vn -0.0985 0.9845 -0.1448
vn 0.9571 0.2483 -0.1495
vn 0.1814 0.6548 0.7337
vn -0.9380 0.0752 0.3385
vn 0.0461 0.9906 0.1290
vn -0.0829 0.7044 0.7050
vn -0.9701 -0.0000 0.2426
vn -0.9375 0.3389 -0.0790
vn -0.8253 -0.4060 -0.3925
vn 0.6275 -0.0251 0.7782
vn 0.8650 0.3177 0.3884
vn 0.9533 -0.2909 0.0807
vn 0.1573 0.9125 -0.3777
vn -0.2822 -0.0000 -0.9594
vn 0.9870 -0.0389 -0.1559
vn 0.8738 -0.4163 -0.2513
vn -0.0636 0.9932 0.0979
vn -0.5592 0.8078 0.1865
vn -0.9113 0.3905 -0.1302
vn -0.4082 0.4084 0.8164
vn 0.4492 -0.0889 0.8890
vn -0.0526 0.8931 0.4467
vn -0.0000 0.8945 0.4471
vn -0.2468 0.0247 -0.9687
vn 0.1990 0.8955 -0.3980
vn 0.3714 0.9285 -0.0000
vn 0.3458 0.9222 -0.1729
vn 0.4190 0.9080 -0.0000
vn 0.3801 0.9124 -0.1520
vn 0.3802 0.9124 -0.1519
vn 0.3801 0.9125 -0.1515
vn 0.3386 0.8126 -0.4744
vn 0.4283 0.8923 -0.1428
vn -0.9293 -0.2970 0.2194
vn 0.6027 0.7751 -0.1895
vn -0.5346 0.2673 0.8017
vn -0.9746 -0.2166 0.0559
vn -0.1962 -0.0000 -0.9806
vn 0.1925 -0.9811 -0.0186
vn -0.8201 0.5684 -0.0652
vn -0.9248 -0.3699 0.0895
vn 0.8824 -0.4130 -0.2253
vn -0.9416 -0.3138 0.1220
vn -0.0759 -0.9962 0.0427
vn -0.9202 -0.3649 0.1419
vn 0.8981 -0.4083 -0.1633
vn 0.8835 -0.4418 -0.1559
vn 0.8868 -0.4434 -0.1304
vn -0.0786 0.9968 -0.0124
vn -0.1414 0.9738 -0.1780
vn 0.9009 0.2624 0.3459
vn -0.2951 0.0492 -0.9542
vn -0.0000 0.4473 0.8944
vn -0.9981 -0.0000 0.0623
vn 0.5783 0.3560 0.7340
vn 0.9363 0.3406 0.0851
vn -0.8944 -0.4473 -0.0000
vn -0.0078 0.9645 0.2640
vn 0.0095 0.9983 0.0570
vn -0.1119 0.9826 -0.1482
vn -0.0117 0.9486 0.3163
vn -0.3401 0.0283 -0.9400
vn -0.7518 0.4811 0.4510
vn 0.2868 0.9559 0.0636
vn 0.3801 0.9123 -0.1521
vn -0.3609 0.9287 -0.0849
vn -0.8254 0.3726 0.4242
vn 0.9463 0.3227 -0.0215
vn -0.0813 0.9708 -0.2258
vn 0.7181 0.3499 0.6015
vn 0.8400 0.2600 0.4762
vn -0.4911 0.1829 -0.8517
vn -0.8465 -0.2409 0.4748
vn -0.7628 0.0642 0.6434
vn -0.2917 -0.9198 0.2623
vn 0.4725 0.8505 -0.2310
vn 0.7678 0.5982 -0.2294
vn 0.8570 -0.1249 -0.4999
vn -0.5519 0.4905 0.6744
vn -0.9825 0.1034 0.1551
vn -0.2486 -0.9683 -0.0262
vn 0.8206 -0.5575 -0.1256
vn 0.7739 0.5804 -0.2535
vn -0.5616 0.8241 -0.0736
vn -0.5570 0.7428 0.3715
vn -0.4675 0.5064 -0.7246
vn 0.1600 0.7735 0.6133
vn -0.0298 -0.9218 0.3866
vn 0.0630 -0.9021 -0.4268
vn -0.5270 -0.8433 0.1054
vn 0.6342 -0.5834 0.5073
vn 0.7974 -0.5833 -0.1548
vn 0.4574 -0.8367 -0.3012
vn 0.0078 0.7669 -0.6417
vn -0.3446 0.9334 -0.1006
vn -0.9429 0.2807 0.1796
vn -0.9408 -0.3279 0.0863
vn -0.2207 -0.9747 -0.0368
vn 0.8369 -0.5404 -0.0872
vn -0.7701 -0.6116 0.1812
vn -0.1212 -0.8812 -0.4569
vn -0.3812 -0.3086 0.8715
vn -0.9653 -0.1207 -0.2317
vn -0.7450 0.6096 0.2709
vn -0.3841 0.7682 0.5121
vn 0.4402 0.8933 -0.0907
vn 0.9094 0.2084 0.3600
vn 0.3061 0.7515 0.5844
vn -0.1176 -0.9806 0.1568
vn -0.1452 -0.8572 -0.4940
vn -0.7403 -0.6581 0.1370
vn 0.6690 -0.7090 -0.2231
vn 0.1888 -0.5663 0.8023
vn 0.7102 -0.6822 -0.1740
vn -0.9327 -0.3565 0.0540
vn 0.8669 -0.4728 -0.1576
vn 0.0054 -0.9985 0.0539
vn -0.0051 -0.9985 0.0551
vn -0.0001 -0.9986 0.0538
vn -0.8772 -0.4785 0.0399
vn 0.9487 -0.3161 -0.0000
vn -0.3488 -0.9370 0.0199
vn 0.5035 0.8451 -0.1794
vn 0.8460 -0.5256 -0.0900
vn -0.9332 -0.3476 0.0915
vn 0.1634 0.8712 0.4629
vn 0.7252 0.6621 0.1892
vn 0.9370 0.3486 -0.0227
vn -0.5579 0.8293 -0.0302
vn 0.7356 0.6538 -0.1771
vn 0.0126 0.9571 -0.2896
vn 0.1494 0.7611 0.6312
vn -0.1639 -0.9831 0.0819
vn 0.1919 -0.9805 -0.0426
vn -0.7002 -0.7001 -0.1400
vn -0.1660 -0.9127 -0.3735
vn 0.3396 -0.9337 0.1132
vn -0.3094 -0.6188 0.7220
vn 0.6197 -0.6263 0.4731
vn 0.4472 -0.0000 0.8945
vn 0.8571 -0.2858 0.4286
vn 0.1944 0.9147 -0.3544
vn -0.5883 -0.1962 0.7845
vn -0.4332 0.8956 -0.1011
vn 0.0547 -0.9849 0.1642
vn -0.6381 -0.1866 -0.7470
vn 0.4367 0.8727 -0.2183
vn 0.0601 0.9044 -0.4223
vn -0.0054 -0.9985 0.0537
vn -0.8773 -0.4786 -0.0355
vn 0.8935 -0.4467 0.0470
vn -0.9272 -0.3709 0.0524
vn -0.7432 0.6370 0.2048
vn 0.6695 0.7363 -0.0985
vn 0.1779 0.2135 0.9606
vn -0.2019 0.9713 -0.1262
vn -0.8591 -0.3043 0.4115
vn -0.3465 -0.7872 -0.5102
vn -0.8382 -0.3490 -0.4191
vn -0.0318 -0.9867 0.1592
vn -0.4076 -0.7897 -0.4585
vn -0.7018 -0.5513 0.4512
vn 0.5032 -0.7964 -0.3353
vn 0.4005 -0.5723 0.7156
vn 0.5148 -0.8013 -0.3046
vn -0.9783 -0.1150 0.1725
vn -0.8069 -0.3999 -0.4347
vn -0.1641 0.6816 -0.7131
vn -0.6963 0.6363 0.3322
vn 0.0955 0.8196 0.5649
vn -0.1229 0.8616 0.4924
vn -0.9867 -0.1601 -0.0267
vn -0.7263 -0.4227 -0.5421
vn -0.6918 -0.1566 -0.7049
vn 0.3672 0.9181 -0.1492
vn 0.0902 0.8720 -0.4811
vn 0.4133 0.8955 -0.1653
vn 0.4856 0.8742 -0.0000
vn 0.1950 0.8773 -0.4386
vn -0.1020 -0.9854 0.1360
vn -0.0000 -0.9992 -0.0400
vn -0.8110 -0.5576 0.1774
vn -0.8062 -0.5867 -0.0763
vn 0.0847 -0.9944 0.0626
vn -0.8574 -0.5144 -0.0137
vn 0.7624 -0.4575 0.4576
vn 0.3165 -0.3377 0.8864
vn 0.8945 -0.4471 -0.0000
vn 0.1639 -0.9838 -0.0721
vn 0.8731 -0.4851 0.0485
vn -0.5605 0.8260 -0.0597
vn 0.7606 0.6084 -0.2265
vn -0.5429 0.8375 0.0620
vn 0.1961 -0.0000 0.9806
vn 0.6810 0.2271 0.6962
vn 0.7020 -0.1756 0.6902
vn -0.8765 0.1339 0.4623
vn -0.2747 -0.0000 0.9615
vn -0.2178 0.7163 -0.6629
vn -0.3783 -0.8827 0.2790
vn -0.7436 -0.1858 0.6422
vn 0.3841 0.9157 0.1181
vn 0.3218 0.9315 0.1694
vn 0.5218 -0.0550 0.8513
vn 0.8297 0.4376 0.3465
vn 0.9445 -0.3149 0.0933
vn -0.0710 0.9949 0.0710
vn 0.4890 0.8717 0.0310
vn 0.4870 0.8725 0.0406
vn 0.4872 0.8724 0.0391
vn 0.4901 0.8712 0.0273
vn -0.6982 0.6983 -0.1577
vn -0.6983 0.6983 -0.1577
vn -0.6350 0.1270 0.7620
vn 0.9331 0.3109 -0.1806
vn 0.2528 0.9454 0.2059
vn 0.2864 0.9389 0.1909
vn 0.0900 0.9413 -0.3253
vn 0.6534 0.4103 0.6362
vn 0.2770 -0.9568 0.0881
vn -0.0743 -0.8919 -0.4460
vn -0.3155 0.7788 -0.5422
vn -0.9806 -0.0000 0.1962
vn -0.8599 -0.3154 -0.4013
vn 0.7021 -0.1170 0.7024
vn 0.9472 0.2482 0.2030
vn 0.8096 -0.5765 -0.1104
vn -0.6097 0.3048 0.7317
vn 0.7093 0.3152 0.6305
vn 0.9180 -0.3945 -0.0405
vn -0.9174 0.2549 0.3057
vn -0.9864 -0.1644 -0.0000
vn -0.9347 -0.3506 -0.0584
vn 0.8768 0.4383 -0.1980
vn 0.9197 -0.3926 0.0107
vn 0.9309 -0.0600 0.3603
vn 0.9811 0.1784 -0.0751
vn 0.8859 0.4529 -0.1006
vn -0.9778 0.1365 -0.1592
vn -0.6852 -0.1522 -0.7123
vn -0.2160 0.9722 -0.0900
vn 0.5629 -0.5254 0.6380
vn -0.9231 0.3076 0.2306
vn -0.8351 0.5498 0.0203
vn -0.9562 -0.0926 -0.2776
vn 0.0205 0.9122 -0.4093
vn -0.4259 -0.7574 -0.4949
vn -0.9711 0.1324 -0.1986
vn -0.7489 -0.1185 -0.6520
vn -0.0854 0.5126 0.8543
vn -0.4395 0.8791 -0.1843
vn -0.0000 0.9754 -0.2203
vn -0.7697 0.6276 0.1171
vn 0.8140 0.5697 -0.1131
vn -0.3031 0.5052 0.8081
vn -0.5108 -0.2484 -0.8230
vn 0.1017 -0.9704 0.2190
vn -0.1573 -0.9539 -0.2556
vn 0.1300 -0.9753 0.1787
vn -0.1424 -0.9764 -0.1627
vn 0.5662 -0.0083 0.8242
vn -0.0107 -0.9971 0.0750
vn 0.0698 0.6059 0.7924
vn 0.3545 0.9345 -0.0322
vn -0.3995 0.5838 -0.7068
vn 0.6017 0.3225 0.7307
vn 0.9698 0.2436 0.0130
vn 0.9697 0.2440 0.0101
vn 0.9696 0.2442 0.0127
vn -0.6671 0.7448 0.0155
vn 0.3440 -0.4873 0.8026
vn -0.6807 0.4900 0.5445
vn 0.2748 0.4946 0.8245
vn -0.1453 0.9344 -0.3253
vn 0.5071 0.1690 0.8452
vn -0.4882 -0.2760 -0.8279
vn -0.8437 -0.0001 0.5369
vn 0.7650 0.5101 0.3932
vn -0.9990 0.0049 -0.0439
vn -0.9990 0.0045 -0.0440
vn -0.9991 0.0024 -0.0419
vn -0.7982 0.5108 0.3193
vn -0.9985 -0.0000 -0.0555
vn -0.9992 -0.0000 -0.0399
vn 0.9990 0.0141 0.0422
vn 0.8571 0.4287 0.2858
vn 0.9434 0.1049 0.3146
vn 0.9699 0.2432 0.0099
vn -0.7241 0.3826 -0.5738
vn 0.5901 0.4254 0.6862
vn 0.4839 0.2499 0.8387
vn -0.5760 -0.2404 -0.7813
vn -0.7123 -0.5700 -0.4096
vn -0.8973 0.4412 0.0153
vn -0.6342 0.6690 0.3876
vn -0.6343 0.6689 0.3877
vn 0.4559 0.6838 0.5697
vn -0.7567 -0.0502 -0.6519
vn -0.9733 0.1766 -0.1464
vn -0.3841 0.7683 0.5121
vn 0.1487 0.9209 -0.3603
vn 0.6553 0.7489 0.0988
vn -0.2598 0.6496 0.7145
vn 0.9693 0.2423 0.0421
vn -0.5584 0.7767 0.2913
vn -0.2075 0.8208 -0.5322
vn 0.9226 0.2182 0.3182
vn 0.1297 0.8682 0.4790
vn -0.0281 -0.9987 0.0422
vn -0.9364 -0.0851 -0.3405
vn 0.2672 0.8017 -0.5347
vn -0.2281 0.9116 -0.3419
vn 0.0765 -0.9489 0.3061
vn -0.5966 0.7418 -0.3064
vn 0.9162 0.1831 0.3563
vn 0.7029 0.7026 -0.1110
vn 0.2802 0.9598 0.0140
vn -0.9248 0.3793 0.0298
vn 0.9889 -0.0244 0.1465
vn 0.4984 0.7478 0.4387
vn -0.1691 0.8452 0.5070
vn 0.7203 0.5401 0.4352
vn -0.4489 0.8348 0.3187
vn -0.7990 -0.3025 0.5197
vn -0.5849 0.4445 -0.6785
vn 0.0704 0.8802 0.4694
vn -0.7937 -0.5869 -0.1601
vn 0.7049 0.7001 0.1135
vn -0.9093 -0.0816 -0.4080
vn -0.3850 0.8661 -0.3188
vn 0.9093 -0.0909 0.4061
vn -0.1143 0.9383 -0.3264
vn 0.4707 0.8801 -0.0614
vn -0.0716 -0.9310 0.3580
vn 0.0897 -0.9868 -0.1346
vn -0.0836 -0.9824 -0.1672
vn -0.5523 -0.7070 0.4418
vn -0.5991 -0.7471 -0.2879
vn 0.4593 -0.4385 0.7725
vn 0.4992 -0.8659 -0.0309
vn -0.7259 0.6823 0.0871
vn -0.5088 0.7913 0.3391
vn -0.5499 0.8250 -0.1303
vn 0.6373 0.6691 0.3824
vn 0.3006 0.9524 -0.0501
vn 0.6893 0.0815 -0.7199
vn 0.2296 -0.9428 0.2417
vn 0.6772 0.3734 0.6340
vn -0.5994 0.7023 -0.3840
vn -0.9753 0.1963 -0.1011
vn -0.5465 0.7744 0.3189
vn 0.1691 0.8451 0.5071
vn 0.7371 -0.0000 0.6757
vn -0.7736 -0.1000 -0.6258
vn -0.5427 0.7649 -0.3470
vn 0.9072 -0.2268 0.3544
vn 0.1831 0.8700 0.4578
vn -0.5093 0.6225 -0.5942
vn -0.2216 0.8865 0.4063
vn 0.3801 0.8012 0.4622
vn 0.0750 0.9449 -0.3187
vn -0.1539 0.8019 -0.5773
vn -0.3657 0.8461 0.3878
vn 0.3162 0.8017 0.5072
vn 0.0785 -0.9619 -0.2618
vn -0.7499 -0.5625 -0.3482
vn 0.8542 -0.5155 0.0687
vn -0.9133 -0.0338 -0.4059
vn 0.7198 0.6835 0.1210
vn -0.5290 -0.8137 -0.2411
vn 0.6580 -0.7509 0.0562
vn -0.9864 -0.1645 -0.0000
vn -0.9514 0.1708 -0.2561
vn -0.8265 -0.4759 -0.3005
vn -0.2384 -0.0341 0.9706
vn -0.4453 0.8905 0.0928
vn -0.2138 0.8978 0.3849
vn 0.1629 0.9782 -0.1287
vn 0.5631 0.8211 0.0939
vn 0.6400 0.7678 -0.0284
vn 0.6399 0.7680 -0.0281
vn 0.6399 0.7683 -0.0156
vn -0.3810 0.9212 -0.0793
vn 0.3560 0.9166 0.1817
vn -0.0217 0.9013 -0.4326
vn 0.9515 -0.2648 0.1566
vn 0.7744 0.1290 0.6194
vn -0.5530 0.8296 -0.0768
vn -0.1637 0.9819 0.0955
vn 0.6401 0.7682 -0.0154
vn -0.3758 0.7757 -0.5071
vn 0.3007 -0.9529 0.0408
vn 0.2909 -0.9558 0.0416
vn 0.2940 -0.9549 0.0413
vn 0.3038 -0.9519 0.0405
vn -0.7760 -0.5255 -0.3487
vn -0.9152 -0.1274 0.3823
vn -0.0353 -0.9955 0.0881
vn -0.8056 0.1874 -0.5621
vn -0.5796 0.5193 -0.6279
vn 0.0700 -0.9917 0.1081
vn -0.1930 -0.9802 0.0446
vn 0.8950 -0.2984 0.3315
vn -0.2756 0.8843 -0.3769
vn -0.5214 -0.8309 -0.1944
vn 0.6836 -0.7174 0.1345
vn 0.6650 0.7371 0.1202
vn -0.2410 -0.8835 0.4016
vn -0.0000 -0.9929 -0.1191
vn 0.0368 -0.9932 -0.1103
vn -0.8574 -0.5146 -0.0000
vn -0.6666 -0.6667 -0.3333
vn 0.4048 -0.5205 0.7518
vn 0.3985 -0.9169 -0.0199
vn 0.2035 -0.9772 0.0610
vn -0.6762 -0.7037 -0.2181
vn 0.2294 -0.9718 0.0540
vn -0.7252 -0.6595 -0.1978
vn 0.1094 -0.9923 0.0583
vn -0.8248 -0.5157 -0.2320
vn -0.8421 -0.4213 -0.3368
vn 0.9101 0.3990 0.1118
vn 0.9029 -0.3612 0.2330
vn 0.8996 -0.3598 0.2474
vn -0.9086 0.0688 -0.4120
vn -0.4961 0.8682 -0.0099
vn 0.1639 0.9838 -0.0729
vn 0.5243 -0.8371 -0.1564
vn 0.2703 0.7841 0.5587
vn -0.7965 -0.4876 -0.3576
vn 0.0847 0.9587 -0.2716
vn -0.9285 -0.0000 -0.3714
vn -0.0114 -0.9989 0.0454
vn -0.5643 -0.8010 -0.2002
vn 0.6651 -0.7172 0.2079
vn -0.5925 -0.7866 -0.1737
vn 0.7119 -0.6731 0.2002
vn -0.2041 -0.2268 0.9523
vn -0.7017 0.5512 0.4514
vn 0.8952 -0.3811 0.2310
vn 0.8397 0.4675 0.2763
vn 0.9063 -0.3934 0.1546
vn 0.9071 -0.3628 0.2135
vn 0.9172 -0.0655 0.3931
vn 0.5911 -0.8022 0.0844
vn 0.3980 -0.8955 0.1990
vn -0.7729 -0.4955 -0.3964
vn 0.6289 -0.5964 0.4988
vn 0.0604 -0.9833 0.1714
vn -0.7477 -0.6232 0.2293
vn 0.1598 -0.9869 -0.0201
vn 0.8369 -0.4663 0.2866
vn -0.9921 -0.1240 0.0207
vn -0.7696 0.6298 -0.1050
vn 0.9486 -0.3162 0.0126
vn 0.0724 -0.9966 0.0398
vn -0.4557 0.8270 -0.3291
vn -0.9123 -0.1141 -0.3934
vn -0.9796 0.0167 -0.2004
vn 0.9491 0.1852 0.2546
vn -0.6314 -0.7193 -0.2898
vn -0.9428 -0.2357 -0.2358
vn -0.8449 0.1469 0.5143
vn 0.9604 -0.1757 0.2164
vn 0.7744 0.1291 0.6194
vn 0.3636 0.5820 0.7274
vn -0.0000 0.9793 -0.2026
vn 0.9290 0.3500 0.1199
vn 0.7105 0.2491 -0.6581
vn -0.0297 0.1650 0.9858
vn 0.6974 0.2672 0.6650
vn -0.2258 0.9533 -0.2007
vn 0.0628 0.7844 0.6171
vn 0.9962 -0.0537 0.0689
vn 0.6831 0.7264 0.0759
vn -0.5592 -0.8078 -0.1864
vn 0.2277 -0.9718 0.0607
vn -0.6092 -0.7717 -0.1827
vn 0.2223 -0.9716 0.0815
vn -0.6604 -0.7096 -0.2454
vn 0.7069 0.7073 -0.0000
vn 0.8743 -0.4369 0.2115
vn -0.1402 0.9636 -0.2278
vn -0.9665 0.2101 -0.1471
vn 0.9015 0.2545 0.3500
vn -0.1734 0.8843 -0.4335
vn -0.4043 0.8453 -0.3492
vn -0.9662 -0.0000 -0.2576
vn 0.9542 0.1546 0.2562
vn -0.9380 0.0383 -0.3446
vn 0.9416 -0.2142 0.2598
vn 0.9684 -0.0605 0.2421
vn 0.9032 -0.3313 0.2729
vn -0.7008 0.7129 -0.0241
vn -0.9656 -0.0000 -0.2600
vn -0.9545 -0.0000 -0.2983
vn -0.9395 0.1044 -0.3262
vn -0.9155 0.2520 -0.3137
vn 0.7304 0.6810 0.0529
vn 0.9585 0.0468 0.2812
vn -0.9092 0.4039 0.1009
vn -0.9468 0.0399 -0.3194
vn 0.9398 0.1675 0.2978
vn 0.3053 0.5340 0.7884
vn 0.9550 0.1911 0.2268
vn 0.8422 0.3367 0.4211
vn -0.2208 0.8552 0.4690
vn -0.9223 -0.0758 -0.3790
vn 0.9637 0.2579 0.0683
vn 0.4708 0.8710 -0.1405
vn -0.4927 0.7833 -0.3790
vn 0.8109 0.5069 0.2924
vn 0.8887 0.4101 0.2051
vn 0.7138 -0.6906 -0.1161
vn -0.0380 -0.9953 0.0887
vn -0.5859 0.6755 -0.4476
vn -0.5627 0.8218 -0.0893
vn -0.9670 0.2418 0.0806
vn 0.7001 0.7001 0.1401
vn -0.9487 -0.0000 -0.3162
vn -0.9513 -0.0307 -0.3069
vn -0.4958 0.8679 0.0286
vn 0.8846 0.4021 0.2362
vn 0.8955 0.3980 0.1990
vn -0.8912 0.2820 -0.3553
vn -0.7869 0.3752 -0.4899
vn -0.2691 0.7776 0.5682
vn 0.0594 0.9804 0.1881
vn -0.3924 0.0872 0.9157
vn -0.3032 0.9483 0.0937
vn -0.1390 -0.1853 0.9728
vn -0.3970 0.8981 0.1891
vn -0.9371 0.3123 -0.1562
vn -0.7694 0.6091 -0.1924
vn -0.3920 -0.9147 -0.0980
vn -0.4990 0.8618 0.0907
vn -0.3875 0.3577 0.8496
vn -0.3593 0.8323 -0.4222
vn 0.5547 0.8320 -0.0000
vn 0.5494 0.8334 0.0598
vn -0.5357 0.8437 0.0335
vn -0.8313 0.5173 -0.2032
vn -0.7264 0.6054 -0.3254
vn 0.4083 0.8165 0.4083
vn 0.8834 0.3785 0.2764
vn 0.9168 0.2962 0.2680
vn -0.0676 0.9913 -0.1127
vn 0.2646 0.9393 0.2183
vn -0.5014 0.8360 0.2229
vn 0.4061 0.9138 -0.0000
vn 0.9043 0.3314 0.2692
vn -0.1137 0.9893 -0.0910
vn -0.2145 0.9714 0.1016
vn 0.1967 0.9461 0.2573
vn -0.5536 0.7306 -0.3998
vn -0.5806 0.8079 -0.1010
vn -0.6058 0.7508 -0.2634
vn -0.5957 0.7965 -0.1036
vn 0.2542 0.8889 0.3812
vn 0.3062 0.9191 0.2480
vn -0.4172 0.8994 -0.1303
vn -0.0576 0.9932 -0.1007
vn 0.3541 0.9229 0.1509
vn -0.4470 0.8943 -0.0203
vn -0.4363 0.8730 0.2181
vn 0.3658 0.9289 0.0581
vn -0.6529 0.7255 -0.2176
vn 0.1187 0.9815 0.1500
vn -0.6019 0.7713 -0.2069
vn 0.9603 0.1099 -0.2563
vn 0.9844 0.1575 0.0787
vn 0.5195 -0.8537 0.0372
vn -0.9363 -0.3511 -0.0000
vn -0.3102 -0.6892 -0.6548
vn -0.0274 -0.5732 0.8189
vn 0.2100 0.9775 -0.0197
vn 0.3007 0.9509 0.0736
vn 0.8998 0.2153 0.3795
vn 0.9157 -0.3991 -0.0469
vn 0.3282 -0.5334 -0.7796
vn -0.1373 0.9905 0.0129
vn 0.0995 0.9950 -0.0000
vn 0.7844 -0.1961 0.5884
vn 0.2379 0.9712 0.0156
vn 0.5232 -0.5232 -0.6727
vn 0.9952 0.0781 0.0586
vn 0.3094 -0.9022 0.3006
vn 0.9858 0.1370 -0.0969
vn -0.2857 -0.4285 -0.8572
vn -0.2596 -0.2719 0.9267
vn 0.6318 0.4065 0.6599
vn -0.6392 -0.3331 -0.6932
vn 0.8412 0.0765 -0.5353
vn -0.0000 -0.3511 -0.9363
vn 0.6917 0.0355 0.7213
vn 0.5687 -0.0121 0.8225
vn 0.3204 -0.9450 0.0656
vn 0.6947 0.2099 -0.6879
vn 0.6637 0.1412 0.7345
vn 0.9965 0.0677 0.0484
vn 0.3666 -0.2600 -0.8933
vn -0.7809 -0.6247 -0.0000
vn -0.2098 -0.4051 -0.8899
vn -0.1699 -0.2626 0.9498
vn 0.9679 0.1990 0.1537
vn 0.9416 0.1507 -0.3013
vn -0.0891 -0.2971 -0.9507
vn 0.1518 0.1822 0.9715
vn 0.5900 -0.0301 -0.8068
vn 0.9782 0.2068 -0.0210
vn 0.9551 -0.0228 0.2955
vn -0.5838 -0.7971 0.1540
vn 0.3139 -0.1276 -0.9409
vn -0.1767 -0.3681 -0.9129
vn 0.5635 -0.0650 -0.8236
vn 0.7564 0.2353 0.6103
vn 0.0420 0.0965 0.9944
vn 0.5831 0.3580 0.7293
vn 0.4961 -0.8669 0.0490
vn 0.5753 -0.8068 0.1345
vn 0.5633 0.4248 0.7087
vn 0.9534 0.0442 -0.2985
vn -0.0279 0.9791 -0.2015
vn 0.3737 -0.9234 -0.0879
vn -0.5671 -0.8224 0.0450
vn 0.8030 -0.3233 -0.5006
vn 0.9774 -0.1586 -0.1396
vn -0.6032 -0.7852 0.1402
vn 0.2219 0.2771 0.9349
vn 0.7526 0.1583 -0.6391
vn 0.2865 0.2669 -0.9202
vn 0.8486 -0.2696 0.4552
vn 0.6665 0.3513 0.6576
vn 0.9446 0.3238 -0.0540
vn 0.5300 0.5579 0.6386
vn 0.1385 -0.9235 0.3578
vn 0.6564 0.3585 0.6638
vn 0.0069 0.4829 0.8757
vn 0.2546 0.5389 0.8030
vn 0.4236 -0.9041 0.0565
vn -0.3588 -0.9053 -0.2275
vn 0.3108 -0.0113 -0.9504
vn 0.3463 -0.0168 -0.9380
vn -0.1455 -0.9456 0.2909
vn 0.6038 0.4830 -0.6341
vn 0.7861 0.3275 -0.5242
vn 0.8828 0.4557 -0.1139
vn -0.6757 -0.6521 -0.3437
vn -0.4296 -0.8502 0.3043
vn 0.4748 0.6357 -0.6087
vn 0.4827 0.3862 -0.7860
vn 0.1846 0.3471 0.9195
vn 0.5099 0.7284 0.4577
vn 0.7570 0.4938 0.4278
vn 0.2264 0.1736 -0.9584
vn 0.5806 0.7962 -0.1704
vn 0.3728 0.6327 0.6788
vn 0.1212 0.2451 -0.9619
vn -0.1551 0.3180 -0.9353
vn 0.4499 0.8779 -0.1639
vn -0.3126 0.3984 -0.8623
vn 0.2675 0.0709 -0.9609
vn -0.5677 0.4910 -0.6608
vn -0.6277 -0.7444 -0.2277
vn -0.6758 0.5306 -0.5116
vn 0.1752 0.4511 0.8751
vn 0.4442 0.8785 0.1758
vn -0.7486 0.5920 -0.2985
vn 0.0304 0.5431 0.8391
vn -0.7874 0.6097 -0.0912
vn 0.4717 0.6659 -0.5780
vn -0.7643 0.6187 0.1820
vn -0.7360 0.5905 0.3312
vn -0.5607 0.5666 0.6039
vn -0.3916 0.5737 0.7194
vn -0.1171 0.5602 0.8200
vn 0.4420 0.8860 -0.1401
vn 0.1665 0.1998 -0.9656
vn 0.2387 0.5569 0.7955
vn 0.1138 0.3578 -0.9268
vn 0.2584 0.6860 -0.6802
vn 0.3891 0.8709 0.3002
vn -0.1736 0.4861 -0.8565
vn -0.3757 0.5196 -0.7674
vn 0.3086 0.9372 -0.1623
vn -0.5706 0.6153 -0.5439
vn 0.1309 0.6152 0.7775
vn 0.1121 0.7197 -0.6852
vn -0.6122 0.7379 -0.2843
vn -0.5942 0.7923 -0.1386
vn -0.1310 0.7657 -0.6297
vn 0.2532 0.9528 -0.1677
vn -0.6178 0.7803 0.0975
vn -0.5886 0.7751 0.2297
vn -0.3718 0.7821 0.5001
vn -0.3968 0.7192 0.5704
vn -0.3171 0.7733 -0.5491
vn 0.0488 0.6346 0.7713
vn -0.1017 0.6742 0.7315
vn 0.1949 0.8702 0.4525
vn -0.3994 0.8542 -0.3329
vn -0.4489 0.7294 0.5162
vn 0.2657 0.9428 -0.2012
vn -0.4575 0.8619 0.2188
vn -0.4386 0.8924 -0.1059
vn -0.1131 0.9122 -0.3937
vn -0.4235 0.9056 0.0235
vn -0.1397 0.8627 0.4860
vn 0.0593 0.8646 0.4990
vn 0.1656 0.8714 0.4618
vn -0.1458 0.9802 -0.1337
vn -0.1770 0.9736 0.1439
vn -0.1789 0.9839 -0.0000
vn 0.3436 0.9240 -0.1680
vn 0.0906 0.9959 -0.0000
vn 0.0123 0.9924 0.1226
vn 0.3511 -0.0000 0.9363
vn 0.2425 -0.0000 -0.9701
vn -0.3939 -0.0000 0.9192
vn -0.2747 -0.0000 -0.9615
vn 0.1676 0.0197 0.9857
vn 0.1740 -0.0037 0.9847
vn 0.1738 0.0473 0.9836
vn -0.0145 0.0110 -0.9998
vn -0.0031 0.0075 -1.0000
vn -0.0119 0.0659 0.9978
vn -0.0000 -0.0016 1.0000
vn -0.0000 -0.0015 1.0000
vn 0.9115 0.2908 0.2909
vn -0.5856 0.7317 -0.3489
vn -0.5310 -0.4930 0.6892
vn 0.8686 -0.3366 0.3635
vn 0.8745 0.3841 0.2962
vn 0.8849 0.2303 0.4050
vn 0.9041 0.1859 0.3847
vn 0.9141 0.1515 0.3761
vn 0.1523 -0.9338 0.3239
vn 0.9269 -0.0196 0.3747
vn 0.8603 0.3580 0.3630
vn 0.8918 0.2732 0.3605
vn 0.7669 -0.5493 0.3319
vn 0.8605 0.2347 0.4522
vn 0.0508 -0.9444 0.3250
vn -0.4773 -0.0795 0.8751
vn -0.3852 -0.9228 -0.0104
vn -0.8243 -0.1373 0.5493
vn 0.0485 -0.9205 0.3876
vn -0.4110 -0.2348 0.8809
vn -0.1925 -0.1925 0.9622
vn -0.7071 -0.0000 0.7071
vn 0.1093 -0.9335 0.3415
vn -0.3578 -0.2682 0.8944
vn -0.0354 -0.9204 0.3894
vn -0.8452 -0.1690 0.5070
vn 0.1894 -0.9474 0.2579
vn 0.0438 -0.2630 0.9638
vn -0.4034 -0.8624 -0.3060
vn 0.5678 0.8162 -0.1065
vn 0.0685 -0.1027 0.9924
vn -0.1312 -0.8896 0.4375
vn 0.6745 0.6747 -0.2998
vn -0.9279 0.2360 0.2886
vn -0.1738 0.9554 -0.2388
vn 0.7723 0.5881 -0.2402
vn 0.6172 0.7715 -0.1543
vn 0.2395 -0.9577 0.1596
vn -0.2243 -0.0747 0.9716
vn -0.9283 -0.0206 -0.3713
vn -0.9508 0.0238 -0.3090
vn -0.8481 0.3179 -0.4240
vn 0.9755 0.0362 0.2169
vn -0.6350 0.1269 0.7620
vn -0.4132 -0.3005 0.8597
vn -0.4535 -0.2611 0.8521
vn 0.4739 0.2962 -0.8293
vn 0.5260 0.1577 -0.8357
vn 0.5598 0.1119 -0.8210
vn 0.7453 -0.2984 0.5962
vn 0.4810 -0.8725 -0.0864
vn 0.7785 -0.0779 0.6228
vn 0.4978 -0.3904 -0.7745
vn 0.5054 -0.4918 -0.7090
vn -0.5279 -0.0379 0.8485
vn 0.0028 -0.8840 0.4675
vn 0.0587 -0.9980 0.0220
vn 0.9615 -0.2747 -0.0000
vn 0.9899 0.0129 -0.1415
vn 0.8468 0.3120 0.4308
vn 0.8645 -0.0455 0.5005
vn -0.5579 -0.2686 0.7852
vn -0.3252 -0.7190 0.6142
vn 0.2676 -0.5343 0.8018
vn 0.4117 -0.3164 0.8546
vn -0.6805 0.7137 0.1659
vn -0.4472 0.0001 -0.8944
vn -0.4157 -0.0260 -0.9091
vn -0.1890 0.2649 -0.9456
vn -0.5401 0.4757 -0.6943
vn 0.8165 0.4084 0.4081
vn 0.9129 -0.1825 0.3650
vn 0.0947 -0.9944 0.0473
vn 0.8945 -0.0000 0.4471
vn -0.1155 -0.8082 0.5774
vn -0.1679 -0.8115 0.5597
vn -0.1671 -0.7937 0.5849
vn 0.9129 -0.1825 0.3651
vn -0.0592 -0.9470 0.3157
vn -0.1142 -0.9131 0.3914
vn 0.2096 0.8384 -0.5032
vn 0.2446 0.8740 -0.4199
vn -0.2001 -0.6120 0.7651
vn 0.0784 0.9880 -0.1332
vn -0.6671 0.6663 -0.3333
vn 0.0815 0.9940 -0.0735
vn -0.0986 -0.9433 0.3169
vn -0.1148 -0.9347 0.3363
vn -0.0836 -0.8459 0.5268
vn -0.1635 -0.8967 0.4114
vn -0.2083 -0.2468 0.9464
vn -0.8943 0.0003 -0.4474
vn -0.2540 0.3812 -0.8889
vn -0.8453 0.1690 -0.5068
vn -0.9856 -0.1497 -0.0792
vn 0.9909 0.0531 -0.1239
vn 0.9952 -0.0261 -0.0938
vn -0.1658 -0.0087 -0.9861
vn 0.1116 0.1963 -0.9742
vn -0.5141 -0.0416 0.8567
vn -0.1660 0.3723 0.9131
vn -0.6037 -0.5952 -0.5304
vn -0.3386 -0.1876 -0.9220
vn -0.6386 -0.6862 0.3483
vn -0.6499 -0.3938 0.6500
vn -0.5981 -0.7985 -0.0685
vn -0.6563 -0.3572 -0.6646
vn -0.8223 -0.4340 0.3680
vn -0.7665 -0.2129 0.6060
vn -0.7083 -0.3818 -0.5938
vn -0.7522 -0.6262 0.2052
vn -0.4235 0.3622 0.8303
vn -0.6873 -0.7239 0.0603
vn -0.0854 -0.9886 0.1242
vn 0.1168 -0.9796 0.1633
vn -0.9662 -0.0000 0.2577
vn 0.0720 -0.9942 0.0793
vn 0.0696 0.2089 -0.9754
vn -0.1360 0.2720 -0.9526
vn 0.9490 -0.2372 -0.2076
vn -0.5072 0.6097 -0.6091
vn -0.1283 -0.9834 0.1283
vn -0.1284 -0.9834 0.1282
vn -0.1283 -0.9834 0.1282
vn 0.2468 -0.8625 0.4419
vn 0.0372 -0.9650 0.2597
vn 0.4265 0.6393 -0.6398
vn 0.4083 0.4080 -0.8166
vn 0.1985 -0.9551 0.2200
vn 0.1830 -0.1220 -0.9755
vn 0.2011 0.1461 -0.9686
vn 0.2694 0.0386 -0.9623
vn 0.9970 -0.0077 -0.0770
vn 0.6718 -0.7124 0.2027
vn 0.5980 -0.0798 -0.7975
vn 0.4038 0.9148 0.0041
vn 0.9449 0.1206 0.3043
vn 0.9898 -0.0193 -0.1414
vn 0.9534 0.1774 0.2439
vt 0.551100 0.134170
vt 0.555010 0.134288
vt 0.555024 0.147008
vt 0.542361 0.152345
vt 0.538958 0.147288
vt 0.543520 0.131490
vt 0.546449 0.124923
vt 0.552157 0.126532
vt 0.555608 0.127745
vt 0.553419 0.152710
vt 0.549138 0.155559
vt 0.558221 0.150690
vt 0.556794 0.154343
vt 0.557035 0.134520
vt 0.557954 0.146234
vt 0.542614 0.126702
vt 0.540296 0.132494
vt 0.539734 0.127108
vt 0.553941 0.157015
vt 0.549839 0.158972
vt 0.545469 0.158790
vt 0.541812 0.156203
vt 0.547136 0.160804
vt 0.539315 0.152457
vt 0.537148 0.150457
vt 0.086315 0.551867
vt 0.085157 0.546534
vt 0.098438 0.552020
vt 0.090909 0.554823
vt 0.099007 0.555844
vt 0.094316 0.557796
vt 0.100445 0.533430
vt 0.101710 0.546877
vt 0.092917 0.536233
vt 0.089403 0.533973
vt 0.085726 0.534300
vt 0.101440 0.552056
vt 0.103486 0.549965
vt 0.089954 0.558048
vt 0.086093 0.556329
vt 0.092869 0.559957
vt 0.096015 0.526008
vt 0.103370 0.534181
vt 0.103486 0.544612
vt 0.100957 0.528423
vt 0.103215 0.528380
vt 0.100841 0.524941
vt 0.081981 0.550242
vt 0.081904 0.545605
vt 0.083468 0.553875
vt 0.083351 0.534335
vt 0.089258 0.527014
vt 0.091169 0.522160
vt 0.085205 0.527880
vt 0.550078 0.121769
vt 0.553735 0.124356
vt 0.542587 0.123278
vt 0.546155 0.121676
vt 0.559532 0.146376
vt 0.559532 0.151010
vt 0.124218 0.518143
vt 0.125863 0.518784
vt 0.123669 0.529624
vt 0.122298 0.528704
vt 0.539522 0.124587
vt 0.558016 0.155109
vt 0.555073 0.158226
vt 0.537326 0.144931
vt 0.538039 0.133256
vt 0.537560 0.129755
vt 0.551417 0.160273
vt 0.542945 0.159731
vt 0.539913 0.157500
vt 0.538040 0.154112
vt 0.102656 0.553636
vt 0.100301 0.556709
vt 0.097038 0.558816
vt 0.088583 0.559494
vt 0.084896 0.557504
vt 0.520272 0.039946
vt 0.528727 0.038043
vt 0.529355 0.039649
vt 0.520992 0.041361
vt 0.045249 0.657026
vt 0.046397 0.659828
vt 0.044141 0.662001
vt 0.042993 0.660271
vt 0.082174 0.554606
vt 0.045922 0.653128
vt 0.047387 0.654900
vt 0.044061 0.655009
vt 0.080591 0.550528
vt 0.080514 0.545891
vt 0.096787 0.522333
vt 0.099745 0.522366
vt 0.093549 0.519526
vt 0.414920 0.516582
vt 0.404651 0.518142
vt 0.403984 0.516537
vt 0.413884 0.515306
vt 0.087289 0.524634
vt 0.088143 0.521402
vt 0.126328 0.507677
vt 0.126208 0.511885
vt 0.124532 0.511583
vt 0.124621 0.507713
vt 0.552720 0.121211
vt 0.554771 0.123709
vt 0.547280 0.119424
vt 0.549956 0.119961
vt 0.541662 0.122005
vt 0.544337 0.120224
vt 0.125256 0.530620
vt 0.124994 0.533970
vt 0.123396 0.533615
vt 0.127336 0.527380
vt 0.631541 0.773165
vt 0.633340 0.769996
vt 0.633327 0.773148
vt 0.480235 0.564978
vt 0.483432 0.565244
vt 0.483482 0.566814
vt 0.480285 0.566548
vt 0.633136 0.765689
vt 0.635229 0.766952
vt 0.631528 0.768766
vt 0.487464 0.565359
vt 0.487514 0.566929
vt 0.491653 0.565350
vt 0.491703 0.566919
vt 0.231205 0.523079
vt 0.230548 0.524680
vt 0.222169 0.524646
vt 0.221374 0.523055
vt 0.219784 0.526569
vt 0.218031 0.524646
vt 0.496038 0.565185
vt 0.495769 0.566753
vt 0.235936 0.523093
vt 0.235624 0.524694
vt 0.498984 0.564888
vt 0.499034 0.566458
vt 0.239592 0.524717
vt 0.239560 0.523116
vt 0.246864 0.523205
vt 0.247168 0.524817
vt 0.243761 0.524762
vt 0.243432 0.523154
vt 0.537150 0.037718
vt 0.541342 0.037762
vt 0.541024 0.039390
vt 0.537153 0.039347
vt 0.533692 0.039435
vt 0.533367 0.037805
vt 0.544963 0.037908
vt 0.544645 0.039535
vt 0.548333 0.038156
vt 0.548015 0.039783
vt 0.563382 0.577024
vt 0.563021 0.575451
vt 0.566615 0.575676
vt 0.566976 0.577249
vt 0.520911 0.038320
vt 0.524016 0.036229
vt 0.517199 0.038511
vt 0.518734 0.036465
vt 0.571044 0.575753
vt 0.571086 0.577323
vt 0.574992 0.575701
vt 0.575034 0.577271
vt 0.048772 0.658077
vt 0.578819 0.575491
vt 0.578861 0.577061
vt 0.047981 0.651032
vt 0.049485 0.654467
vt 0.418576 0.516611
vt 0.418898 0.518219
vt 0.415859 0.518193
vt 0.046516 0.648350
vt 0.048693 0.644388
vt 0.048377 0.647846
vt 0.412750 0.520108
vt 0.398109 0.518112
vt 0.397714 0.516515
vt 0.090614 0.519933
vt 0.393988 0.518105
vt 0.393866 0.516515
vt 0.085865 0.523759
vt 0.126354 0.504483
vt 0.128340 0.503846
vt 0.128309 0.507361
vt 0.128189 0.511569
vt 0.126265 0.502001
vt 0.128256 0.501043
vt 0.127948 0.516811
vt 0.130549 0.516204
vt 0.632971 0.779297
vt 0.634987 0.779653
vt 0.634669 0.782008
vt 0.632665 0.781332
vt 0.129900 0.527433
vt 0.635216 0.776711
vt 0.633200 0.776355
vt 0.635344 0.773504
vt 0.155314 0.530655
vt 0.155105 0.533970
vt 0.134571 0.529529
vt 0.635356 0.770351
vt 0.480431 0.534827
vt 0.483667 0.535063
vt 0.487659 0.535209
vt 0.215991 0.526569
vt 0.491529 0.535198
vt 0.225526 0.526586
vt 0.495237 0.535061
vt 0.233808 0.534019
vt 0.233215 0.526620
vt 0.233190 0.529192
vt 0.498424 0.534827
vt 0.247168 0.555052
vt 0.243762 0.554997
vt 0.239913 0.554956
vt 0.235944 0.554932
vt 0.538096 0.007640
vt 0.541967 0.007683
vt 0.534295 0.007701
vt 0.545605 0.007855
vt 0.531225 0.036001
vt 0.531915 0.028605
vt 0.548333 0.008100
vt 0.531248 0.033437
vt 0.563975 0.545339
vt 0.567289 0.545530
vt 0.571080 0.545601
vt 0.047902 0.661747
vt 0.575387 0.545521
vt 0.578855 0.545339
vt 0.050475 0.647414
vt 0.050039 0.650918
vt 0.418282 0.548449
vt 0.415196 0.548430
vt 0.414584 0.527520
vt 0.050752 0.644274
vt 0.050791 0.642135
vt 0.048733 0.642248
vt 0.402849 0.520053
vt 0.412752 0.522681
vt 0.390141 0.520034
vt 0.387134 0.520053
vt 0.388070 0.518127
vt 0.390733 0.518112
vt 0.397838 0.520034
vt 0.393717 0.520027
vt 0.402234 0.522622
vt 0.130910 0.503578
vt 0.130878 0.507093
vt 0.130758 0.511301
vt 0.130825 0.500775
vt 0.637578 0.779754
vt 0.637260 0.782110
vt 0.132159 0.526517
vt 0.637807 0.776813
vt 0.637935 0.773605
vt 0.637909 0.770471
vt 0.637769 0.767392
vt 0.219414 0.529141
vt 0.215942 0.529145
vt 0.224835 0.529155
vt 0.232133 0.531443
vt 0.518453 0.033925
vt 0.523414 0.033688
vt 0.530340 0.031241
vt 0.051346 0.658092
vt 0.050514 0.661747
vt 0.052058 0.654482
vt 0.052652 0.650918
vt 0.053048 0.647733
vt 0.053285 0.644911
vt 0.053365 0.642453
vt 0.411792 0.524932
vt 0.389822 0.522607
vt 0.386816 0.522625
vt 0.397519 0.522607
vt 0.393398 0.522599
vt 0.133074 0.503677
vt 0.133075 0.506853
vt 0.132981 0.511044
vt 0.133011 0.501178
vt 0.132771 0.515947
vt 0.639786 0.779557
vt 0.639481 0.781591
vt 0.639977 0.776634
vt 0.640092 0.773747
vt 0.134613 0.526960
vt 0.640104 0.770595
vt 0.639964 0.767516
vt 0.219713 0.531396
vt 0.216241 0.531400
vt 0.225109 0.531413
vt 0.231370 0.534023
vt 0.978981 0.481680
vt 0.976702 0.479829
vt 0.978981 0.479077
vt 0.518812 0.031708
vt 0.523773 0.031471
vt 0.529791 0.028778
vt 0.053523 0.658399
vt 0.052731 0.661735
vt 0.054236 0.654789
vt 0.054750 0.651559
vt 0.055146 0.648373
vt 0.055423 0.645537
vt 0.412043 0.527516
vt 0.055463 0.643397
vt 0.389776 0.524865
vt 0.387090 0.524884
vt 0.401867 0.524880
vt 0.397177 0.524862
vt 0.393031 0.524858
vt 0.135539 0.506654
vt 0.135450 0.510525
vt 0.135502 0.504138
vt 0.135272 0.515089
vt 0.135434 0.501960
vt 0.395344 0.563729
vt 0.395800 0.565608
vt 0.393771 0.565951
vt 0.392721 0.564478
vt 0.642403 0.776185
vt 0.642237 0.778467
vt 0.642466 0.773638
vt 0.642466 0.770806
vt 0.642313 0.768048
vt 0.217795 0.533993
vt 0.221267 0.533989
vt 0.220362 0.536268
vt 0.230538 0.536291
vt 0.520458 0.029177
vt 0.529275 0.026687
vt 0.055898 0.658490
vt 0.057759 0.659221
vt 0.055106 0.661826
vt 0.056571 0.655198
vt 0.057046 0.652286
vt 0.057442 0.649404
vt 0.057680 0.646886
vt 0.400835 0.527464
vt 0.057759 0.645035
vt 0.389979 0.527457
vt 0.387637 0.527471
vt 0.396441 0.527449
vt 0.392592 0.527449
vt 0.137620 0.507126
vt 0.137542 0.510354
vt 0.137604 0.504913
vt 0.137400 0.514259
vt 0.391554 0.567292
vt 0.392609 0.568749
vt 0.136877 0.524134
vt 0.155424 0.527088
vt 0.388650 0.577203
vt 0.390410 0.585989
vt 0.387910 0.587810
vt 0.386816 0.577150
vt 0.396232 0.568187
vt 0.398081 0.566138
vt 0.398919 0.569310
vt 0.400175 0.567667
vt 0.402238 0.569913
vt 0.401108 0.571993
vt 0.403678 0.573282
vt 0.402673 0.575799
vt 0.400208 0.575632
vt 0.404464 0.587810
vt 0.402342 0.586364
vt 0.405212 0.577806
vt 0.232520 0.554929
vt 0.612125 0.463102
vt 0.612125 0.442476
vt 0.615542 0.442373
vt 0.614429 0.460871
vt 0.531226 0.007895
vt 0.593509 0.442373
vt 0.596844 0.442456
vt 0.596844 0.463088
vt 0.594799 0.460861
vt 0.310621 0.585027
vt 0.311378 0.595155
vt 0.309168 0.596522
vt 0.308246 0.586797
vt 0.309690 0.582486
vt 0.311563 0.579038
vt 0.312352 0.581290
vt 0.313117 0.584952
vt 0.314943 0.578560
vt 0.313723 0.576882
vt 0.316169 0.575302
vt 0.317964 0.577411
vt 0.318757 0.574727
vt 0.411716 0.548423
vt 0.409134 0.529771
vt 0.321057 0.575014
vt 0.321556 0.578129
vt 0.323211 0.576451
vt 0.399778 0.529730
vt 0.395978 0.529723
vt 0.327137 0.596522
vt 0.324460 0.594724
vt 0.326001 0.586320
vt 0.327509 0.586510
vt 0.392771 0.529723
vt 0.390453 0.529734
vt 0.390956 0.570402
vt 0.394052 0.571483
vt 0.391618 0.574540
vt 0.389678 0.573366
vt 0.397207 0.571764
vt 0.155429 0.523591
vt 0.138422 0.521347
vt 0.397037 0.575400
vt 0.399638 0.585290
vt 0.617045 0.459329
vt 0.592156 0.459337
vt 0.313854 0.594334
vt 0.315997 0.581360
vt 0.315736 0.585138
vt 0.320311 0.580642
vt 0.408140 0.548430
vt 0.406129 0.531397
vt 0.323423 0.579710
vt 0.323182 0.583515
vt 0.324856 0.582584
vt 0.394319 0.574995
vt 0.393328 0.584728
vt 0.155324 0.520485
vt 0.139268 0.518903
vt 0.396628 0.584761
vt 0.619373 0.442471
vt 0.619992 0.458512
vt 0.589318 0.442513
vt 0.589578 0.458525
vt 0.316752 0.592925
vt 0.319618 0.584276
vt 0.321618 0.593328
vt 0.404813 0.548449
vt 0.403419 0.532384
vt 0.623636 0.442810
vt 0.627313 0.443240
vt 0.625914 0.459022
vt 0.622962 0.458091
vt 0.586349 0.458022
vt 0.583653 0.442940
vt 0.582373 0.459129
vt 0.580617 0.443368
vt 0.211690 0.990249
vt 0.211692 0.988923
vt 0.213017 0.988923
vt 0.213094 0.990560
vt 0.075824 0.990573
vt 0.074439 0.990951
vt 0.074439 0.989312
vt 0.386904 0.754816
vt 0.386816 0.753264
vt 0.393223 0.748737
vt 0.746240 0.861086
vt 0.745258 0.861349
vt 0.745015 0.860047
vt 0.746016 0.859463
vt 0.752162 0.861371
vt 0.386874 0.742578
vt 0.386816 0.741651
vt 0.907759 0.442002
vt 0.906312 0.434986
vt 0.908701 0.441083
vt 0.396239 0.751442
vt 0.392999 0.757925
vt 0.902756 0.723265
vt 0.902756 0.714465
vt 0.905188 0.716305
vt 0.903700 0.724107
vt 0.392874 0.739301
vt 0.396202 0.745983
vt 0.536302 0.879651
vt 0.536297 0.880958
vt 0.529926 0.878989
vt 0.529943 0.875413
vt 0.749187 0.913502
vt 0.745015 0.906643
vt 0.749187 0.906589
vt 0.748341 0.865973
vt 0.745015 0.867707
vt 0.916268 0.041278
vt 0.913751 0.038876
vt 0.916268 0.032468
vt 0.751910 0.865541
vt 0.529926 0.882341
vt 0.908701 0.432465
vt 0.007640 0.987585
vt 0.007731 0.985980
vt 0.008889 0.985980
vt 0.008977 0.987853
vt 0.940354 0.064548
vt 0.941082 0.056642
vt 0.941082 0.065262
vt 0.811807 0.842534
vt 0.818798 0.841353
vt 0.818798 0.844712
vt 0.811825 0.844202
vt 0.259280 0.836784
vt 0.258127 0.836910
vt 0.257864 0.835326
vt 0.259165 0.834914
vt 0.264046 0.836286
vt 0.683092 0.030044
vt 0.677287 0.028342
vt 0.677412 0.027321
vt 0.654031 0.459506
vt 0.647683 0.454722
vt 0.653953 0.458111
vt 0.647080 0.461073
vt 0.643977 0.457961
vt 0.153862 0.900311
vt 0.157578 0.906882
vt 0.152804 0.906652
vt 0.152804 0.900265
vt 0.683860 0.022634
vt 0.686402 0.026859
vt 0.818272 0.837992
vt 0.811649 0.841962
vt 0.261218 0.842422
vt 0.257864 0.845388
vt 0.265132 0.840470
vt 0.612327 0.914418
vt 0.612327 0.905097
vt 0.614617 0.912361
vt 0.647326 0.450378
vt 0.817804 0.833923
vt 0.739281 0.171894
vt 0.739281 0.170286
vt 0.740245 0.170287
vt 0.740245 0.171895
vt 0.654379 0.450884
vt 0.654368 0.451842
vt 0.835566 0.940118
vt 0.835566 0.947321
vt 0.834079 0.946715
vt 0.818594 0.863842
vt 0.818594 0.867981
vt 0.811763 0.865570
vt 0.811649 0.864614
vt 0.991096 0.804453
vt 0.990132 0.804452
vt 0.990132 0.802523
vt 0.991096 0.802524
vt 0.677740 0.019180
vt 0.677752 0.018217
vt 0.344602 0.882443
vt 0.347044 0.888900
vt 0.343036 0.883566
vt 0.343036 0.891391
vt 0.563021 0.931043
vt 0.563021 0.925079
vt 0.563979 0.931041
vt 0.565761 0.887602
vt 0.563021 0.881596
vt 0.567007 0.886592
vt 0.644429 0.451094
vt 0.647831 0.447140
vt 0.567007 0.878365
vt 0.818176 0.859993
vt 0.891233 0.120622
vt 0.887467 0.125793
vt 0.889727 0.119424
vt 0.891233 0.128787
vt 0.566812 0.925101
vt 0.683958 0.014931
vt 0.686948 0.019245
vt 0.987702 0.283157
vt 0.987802 0.281429
vt 0.988819 0.281429
vt 0.988821 0.283462
vt 0.007640 0.883013
vt 0.007640 0.874666
vt 0.011762 0.877733
vt 0.009183 0.884226
vt 0.460728 0.917481
vt 0.460728 0.910353
vt 0.464360 0.910217
vt 0.461710 0.917431
vt 0.511391 0.904931
vt 0.510404 0.904691
vt 0.510885 0.902714
vt 0.512043 0.902683
vt 0.892981 0.748113
vt 0.888225 0.748876
vt 0.890805 0.741680
vt 0.892981 0.741279
vt 0.512043 0.910064
vt 0.508025 0.909817
vt 0.654435 0.443184
vt 0.654384 0.442148
vt 0.677774 0.010553
vt 0.677711 0.009629
vt 0.887840 0.435578
vt 0.891032 0.432465
vt 0.891032 0.441379
vt 0.889843 0.442526
vt 0.905762 0.381644
vt 0.905762 0.390041
vt 0.903306 0.387930
vt 0.904327 0.380435
vt 0.644417 0.443954
vt 0.647669 0.439483
vt 0.683675 0.007742
vt 0.686887 0.012261
vt 0.758319 0.171807
vt 0.758319 0.169764
vt 0.759477 0.169852
vt 0.759927 0.171860
vt 0.267282 0.606463
vt 0.273776 0.603339
vt 0.273765 0.604549
vt 0.563021 0.909798
vt 0.564565 0.902898
vt 0.566245 0.902883
vt 0.906070 0.196749
vt 0.905280 0.196977
vt 0.903801 0.189239
vt 0.567420 0.909798
vt 0.906070 0.187182
vt 0.945286 0.742520
vt 0.944363 0.742517
vt 0.944151 0.740474
vt 0.945514 0.740474
vt 0.273765 0.583703
vt 0.273776 0.584738
vt 0.267282 0.581768
vt 0.942562 0.225522
vt 0.943979 0.218650
vt 0.943979 0.226119
vt 0.945459 0.747897
vt 0.897288 0.017187
vt 0.894273 0.010405
vt 0.897288 0.007640
vt 0.283935 0.924416
vt 0.283935 0.917435
vt 0.287305 0.917688
vt 0.900329 0.288438
vt 0.900329 0.281484
vt 0.901873 0.288025
vt 0.264099 0.600268
vt 0.267345 0.598534
vt 0.104933 0.905091
vt 0.103206 0.904714
vt 0.104933 0.899094
vt 0.267345 0.589233
vt 0.264099 0.587440
vt 0.419024 0.919357
vt 0.415170 0.919357
vt 0.416485 0.912479
vt 0.417769 0.912479
vt 0.912757 0.918011
vt 0.914770 0.924382
vt 0.910897 0.924382
vt 0.911474 0.918010
vt 0.906040 0.578823
vt 0.906040 0.587496
vt 0.902891 0.584201
vt 0.264107 0.591016
vt 0.273787 0.595073
vt 0.152804 0.875191
vt 0.156739 0.884123
vt 0.152804 0.884985
vt 0.865310 0.690309
vt 0.870734 0.695856
vt 0.865310 0.699015
vt 0.431758 0.174246
vt 0.423593 0.172799
vt 0.427719 0.168589
vt 0.431758 0.165558
vt 0.236657 0.881577
vt 0.235771 0.880850
vt 0.237180 0.879693
vt 0.238391 0.880467
vt 0.240267 0.885445
vt 0.086562 0.603444
vt 0.080514 0.600919
vt 0.080566 0.599599
vt 0.125937 0.916193
vt 0.124594 0.915676
vt 0.125937 0.909239
vt 0.086977 0.594811
vt 0.089975 0.596894
vt 0.564159 0.986746
vt 0.564159 0.988578
vt 0.563253 0.988566
vt 0.563021 0.986521
vt 0.080566 0.580974
vt 0.080514 0.580046
vt 0.086562 0.578718
vt 0.086977 0.585498
vt 0.080782 0.582331
vt 0.089975 0.584049
vt 0.155797 0.922163
vt 0.156452 0.928542
vt 0.152804 0.928542
vt 0.154097 0.922169
vt 0.908725 0.128389
vt 0.906513 0.121848
vt 0.909273 0.127479
vt 0.918095 0.089028
vt 0.920241 0.090742
vt 0.918095 0.098093
vt 0.235771 0.888203
vt 0.926681 0.742467
vt 0.928871 0.740474
vt 0.928871 0.748374
vt 0.928137 0.748593
vt 0.988588 0.407404
vt 0.987471 0.407708
vt 0.987471 0.405674
vt 0.988487 0.405675
vt 0.889532 0.524739
vt 0.889532 0.515939
vt 0.892611 0.518501
vt 0.890707 0.525782
vt 0.583370 0.272659
vt 0.576958 0.267719
vt 0.583448 0.271781
vt 0.576593 0.274423
vt 0.573469 0.269939
vt 0.480337 0.987184
vt 0.480235 0.984846
vt 0.481353 0.985152
vt 0.481353 0.987185
vt 0.788935 0.889893
vt 0.790260 0.897365
vt 0.787393 0.891108
vt 0.367364 0.883737
vt 0.369321 0.884932
vt 0.365362 0.890005
vt 0.043446 0.696837
vt 0.049637 0.693033
vt 0.043383 0.697841
vt 0.052566 0.695747
vt 0.049354 0.700298
vt 0.787393 0.914861
vt 0.790827 0.914988
vt 0.790827 0.922118
vt 0.789885 0.922069
vt 0.186459 0.875529
vt 0.180487 0.873792
vt 0.186482 0.874532
vt 0.180487 0.877224
vt 0.787393 0.899581
vt 0.211690 0.881580
vt 0.215878 0.878573
vt 0.215878 0.886447
vt 0.214349 0.887534
vt 0.369321 0.892413
vt 0.180685 0.869608
vt 0.786632 0.591970
vt 0.785668 0.591969
vt 0.785668 0.590361
vt 0.786632 0.590362
vt 0.129040 0.871555
vt 0.127439 0.871442
vt 0.127439 0.864755
vt 0.872940 0.871283
vt 0.876841 0.876408
vt 0.875685 0.877520
vt 0.577018 0.260619
vt 0.583615 0.263842
vt 0.583599 0.264799
vt 0.573670 0.263675
vt 0.074439 0.863820
vt 0.081521 0.859839
vt 0.081430 0.864093
vt 0.074452 0.864783
vt 0.081521 0.867925
vt 0.122298 0.864367
vt 0.990341 0.189111
vt 0.990341 0.187182
vt 0.991305 0.187183
vt 0.991305 0.189112
vt 0.078326 0.889715
vt 0.074439 0.892184
vt 0.074439 0.884292
vt 0.076029 0.883205
vt 0.887840 0.457806
vt 0.893392 0.457806
vt 0.890865 0.463688
vt 0.889908 0.463715
vt 0.264262 0.860668
vt 0.264262 0.862593
vt 0.257864 0.862815
vt 0.043420 0.688772
vt 0.049549 0.685972
vt 0.043432 0.689735
vt 0.052635 0.689246
vt 0.876841 0.867543
vt 0.257871 0.868957
vt 0.438234 0.989784
vt 0.437076 0.989839
vt 0.437076 0.987966
vt 0.438234 0.987911
vt 0.815481 0.230452
vt 0.816949 0.223476
vt 0.820271 0.223973
vt 0.816172 0.230614
vt 0.126913 0.893602
vt 0.122298 0.886835
vt 0.127721 0.886835
vt 0.583405 0.256065
vt 0.583524 0.254588
vt 0.988757 0.580698
vt 0.988757 0.578823
vt 0.989914 0.578877
vt 0.989914 0.580752
vt 0.595806 0.878388
vt 0.597046 0.885152
vt 0.590909 0.885152
vt 0.594806 0.878345
vt 0.042993 0.681573
vt 0.043084 0.679907
vt 0.813226 0.223476
vt 0.813931 0.230456
vt 0.937669 0.414388
vt 0.937669 0.405674
vt 0.938418 0.406353
vt 0.103899 0.920371
vt 0.103207 0.926272
vt 0.101491 0.926250
vt 0.099707 0.920371
vt 0.529926 0.924546
vt 0.534020 0.918904
vt 0.534020 0.924963
vt 0.944922 0.553675
vt 0.944922 0.545339
vt 0.945629 0.553097
vt 0.573429 0.255858
vt 0.576629 0.252285
vt 0.048783 0.678635
vt 0.052096 0.682108
vt 0.990207 0.785696
vt 0.988803 0.786009
vt 0.988881 0.784372
vt 0.990207 0.784371
vt 0.289731 0.877809
vt 0.288464 0.877800
vt 0.287432 0.870943
vt 0.902814 0.089943
vt 0.900510 0.096339
vt 0.901980 0.089028
vt 0.902814 0.099057
vt 0.290557 0.870899
vt 0.440508 0.881722
vt 0.439270 0.880647
vt 0.440306 0.880127
vt 0.441264 0.881043
vt 0.872435 0.741957
vt 0.872945 0.748876
vt 0.869642 0.748833
vt 0.871454 0.741957
vt 0.889308 0.839559
vt 0.892380 0.836929
vt 0.892380 0.846019
vt 0.891437 0.846920
vt 0.133588 0.756309
vt 0.133576 0.757543
vt 0.127160 0.751384
vt 0.634297 0.889058
vt 0.631528 0.882600
vt 0.635626 0.888194
vt 0.635626 0.880073
vt 0.283935 0.870899
vt 0.133624 0.744394
vt 0.133628 0.745405
vt 0.437076 0.886589
vt 0.441264 0.888976
vt 0.866074 0.748876
vt 0.127091 0.760122
vt 0.123906 0.753747
vt 0.123925 0.748295
vt 0.127159 0.741521
vt 0.905030 0.281429
vt 0.916219 0.641015
vt 0.916219 0.632543
vt 0.918886 0.634725
vt 0.099707 0.898893
vt 0.900940 0.616405
vt 0.900940 0.607252
vt 0.903768 0.613656
vt 0.909273 0.119424
vt 0.122298 0.908883
vt 0.912464 0.876734
vt 0.909971 0.873898
vt 0.912464 0.867544
vt 0.086718 0.589208
vt 0.397850 0.748852
vt 0.396131 0.754743
vt 0.397644 0.756738
vt 0.395951 0.758740
vt 0.396052 0.742862
vt 0.395817 0.738831
vt 0.397536 0.740682
vt 0.644194 0.455326
vt 0.642707 0.453530
vt 0.686703 0.023835
vt 0.688437 0.021883
vt 0.642841 0.447225
vt 0.688518 0.015464
vt 0.642687 0.441523
vt 0.644194 0.438811
vt 0.264070 0.603603
vt 0.686571 0.007640
vt 0.688286 0.010162
vt 0.264070 0.584361
vt 0.262499 0.597431
vt 0.264107 0.596468
vt 0.615216 0.974560
vt 0.612327 0.974560
vt 0.612469 0.971590
vt 0.087210 0.585338
vt 0.090182 0.587439
vt 0.950585 0.155281
vt 0.950585 0.162334
vt 0.949134 0.157783
vt 0.262499 0.589734
vt 0.090182 0.592898
vt 0.091708 0.593922
vt 0.091708 0.586215
vt 0.089768 0.600568
vt 0.571672 0.272285
vt 0.573117 0.274050
vt 0.089768 0.581301
vt 0.053973 0.698428
vt 0.052251 0.700444
vt 0.571979 0.267137
vt 0.572070 0.263666
vt 0.054202 0.692809
vt 0.572016 0.261313
vt 0.573563 0.258969
vt 0.052392 0.684855
vt 0.054129 0.687032
vt 0.571673 0.254016
vt 0.573117 0.252191
vt 0.123883 0.756882
vt 0.123926 0.745016
vt 0.122309 0.742646
vt 0.123906 0.740606
vt 0.122311 0.751202
vt 0.180877 0.921758
vt 0.180487 0.914516
vt 0.184019 0.915179
vt 0.183217 0.921758
vt 0.099733 0.982346
vt 0.101336 0.982335
vt 0.101336 0.984600
vt 0.099707 0.984630
vt 0.955701 0.578888
vt 0.957297 0.578823
vt 0.957297 0.585087
vt 0.955701 0.585152
vt 0.875325 0.921812
vt 0.871731 0.921888
vt 0.873306 0.914813
vt 0.875325 0.915057
vt 0.834607 0.415024
vt 0.834607 0.416933
vt 0.833004 0.416904
vt 0.832978 0.415013
vt 0.959824 0.484894
vt 0.959824 0.479174
vt 0.961421 0.479076
vt 0.961421 0.484796
vt 0.938582 0.771398
vt 0.936975 0.771703
vt 0.936975 0.764164
vt 0.938575 0.764178
vt 0.944072 0.432518
vt 0.944072 0.439804
vt 0.942484 0.439430
vt 0.942476 0.432465
vt 0.308246 0.909394
vt 0.308246 0.901197
vt 0.311234 0.902972
vt 0.310250 0.909859
vt 0.662224 0.298154
vt 0.663825 0.298062
vt 0.663825 0.299742
vt 0.662224 0.299834
vt 0.957301 0.516047
vt 0.958895 0.515939
vt 0.958895 0.521972
vt 0.957301 0.522079
vt 0.010791 0.906180
vt 0.007640 0.908054
vt 0.007640 0.900119
vt 0.009606 0.899507
vt 0.592443 0.987067
vt 0.590909 0.987178
vt 0.590909 0.985575
vt 0.592443 0.985465
vt 0.964751 0.013089
vt 0.964751 0.007763
vt 0.966347 0.007640
vt 0.966347 0.012967
vt 0.644449 0.463101
vt 0.642849 0.463102
vt 0.642593 0.455327
vt 0.688299 0.023867
vt 0.688545 0.031075
vt 0.686948 0.031043
vt 0.397842 0.751438
vt 0.397805 0.745980
vt 0.397734 0.754739
vt 0.489240 0.490967
vt 0.491169 0.492893
vt 0.487953 0.493216
vt 0.397655 0.742858
vt 0.397554 0.758736
vt 0.397420 0.738827
vt 0.007640 0.923435
vt 0.010383 0.923334
vt 0.009469 0.930148
vt 0.007640 0.930554
vt 0.307751 0.987736
vt 0.307751 0.986135
vt 0.309228 0.986247
vt 0.309228 0.987847
vt 0.951114 0.632543
vt 0.952717 0.632575
vt 0.952717 0.639248
vt 0.951114 0.639216
vt 0.801970 0.097312
vt 0.802875 0.103488
vt 0.800239 0.103771
vt 0.800239 0.097263
vt 0.872193 0.461654
vt 0.872193 0.463300
vt 0.870597 0.463361
vt 0.870597 0.461715
vt 0.327506 0.951627
vt 0.327506 0.957800
vt 0.325903 0.957820
vt 0.325903 0.951647
vt 0.955306 0.412241
vt 0.953698 0.412248
vt 0.953698 0.405682
vt 0.955306 0.405674
vt 0.955791 0.720727
vt 0.955791 0.714465
vt 0.957399 0.714470
vt 0.957399 0.720732
vt 0.497923 0.512802
vt 0.499853 0.509910
vt 0.501782 0.512478
vt 0.642829 0.451095
vt 0.501782 0.485822
vt 0.499853 0.488071
vt 0.497923 0.485182
vt 0.688545 0.019277
vt 0.921043 0.380785
vt 0.923371 0.387812
vt 0.921043 0.387900
vt 0.101315 0.948460
vt 0.099707 0.948456
vt 0.099707 0.941552
vt 0.101315 0.941557
vt 0.953426 0.281429
vt 0.954679 0.288241
vt 0.953426 0.288514
vt 0.924246 0.380435
vt 0.642816 0.443955
vt 0.920469 0.721584
vt 0.920469 0.714465
vt 0.922791 0.714570
vt 0.211690 0.955151
vt 0.211690 0.948585
vt 0.213298 0.948577
vt 0.213298 0.955143
vt 0.955761 0.380435
vt 0.957008 0.380734
vt 0.955761 0.387185
vt 0.923649 0.722005
vt 0.688484 0.012293
vt 0.965149 0.984794
vt 0.963869 0.984794
vt 0.963834 0.982481
vt 0.965435 0.982481
vt 0.985208 0.632608
vt 0.985208 0.634817
vt 0.983931 0.634764
vt 0.983612 0.632543
vt 0.418660 0.890943
vt 0.416868 0.897199
vt 0.415170 0.896034
vt 0.415170 0.888306
vt 0.960221 0.119498
vt 0.961822 0.119424
vt 0.961822 0.125086
vt 0.960221 0.125160
vt 0.642593 0.438812
vt 0.777507 0.292366
vt 0.779219 0.291225
vt 0.780834 0.297814
vt 0.777507 0.299791
vt 0.962510 0.545428
vt 0.962510 0.551020
vt 0.960910 0.550931
vt 0.960910 0.545339
vt 0.688168 0.007672
vt 0.264125 0.607813
vt 0.262517 0.607814
vt 0.262491 0.600269
vt 0.262491 0.587441
vt 0.262517 0.580554
vt 0.264125 0.580553
vt 0.262499 0.596469
vt 0.513038 0.496094
vt 0.510144 0.496095
vt 0.513038 0.494809
vt 0.262499 0.591017
vt 0.264110 0.609320
vt 0.262502 0.609322
vt 0.262502 0.578854
vt 0.264110 0.578853
vt 0.811649 0.884076
vt 0.815944 0.883261
vt 0.813686 0.891293
vt 0.811649 0.891584
vt 0.091889 0.604074
vt 0.091785 0.605750
vt 0.090182 0.605743
vt 0.090286 0.604066
vt 0.091578 0.596901
vt 0.778848 0.163811
vt 0.780664 0.171658
vt 0.776818 0.171202
vt 0.776818 0.163463
vt 0.090182 0.575237
vt 0.091785 0.575244
vt 0.091889 0.576779
vt 0.090286 0.576771
vt 0.091578 0.584056
vt 0.571949 0.279822
vt 0.571517 0.274042
vt 0.573549 0.279830
vt 0.091785 0.592906
vt 0.091785 0.587447
vt 0.957970 0.062814
vt 0.956362 0.062800
vt 0.956362 0.056641
vt 0.957970 0.056656
vt 0.389067 0.483013
vt 0.392283 0.482690
vt 0.390675 0.485903
vt 0.393248 0.489434
vt 0.396142 0.488469
vt 0.395177 0.490718
vt 0.395177 0.468879
vt 0.396142 0.470805
vt 0.393248 0.470165
vt 0.053848 0.700435
vt 0.924353 0.194829
vt 0.921708 0.194515
vt 0.924353 0.187602
vt 0.954035 0.089086
vt 0.954035 0.095690
vt 0.952433 0.095633
vt 0.952433 0.089028
vt 0.981837 0.983708
vt 0.981929 0.981234
vt 0.983210 0.981234
vt 0.983438 0.983708
vt 0.924301 0.578823
vt 0.924301 0.586046
vt 0.921659 0.579146
vt 0.946867 0.893311
vt 0.948469 0.893269
vt 0.948469 0.900158
vt 0.946867 0.900199
vt 0.981947 0.007668
vt 0.983225 0.007640
vt 0.983225 0.010249
vt 0.981628 0.010283
vt 0.957538 0.193818
vt 0.956274 0.193576
vt 0.957538 0.187182
vt 0.921350 0.187182
vt 0.571868 0.269930
vt 0.509291 0.954725
vt 0.508025 0.947889
vt 0.509291 0.947660
vt 0.921321 0.586527
vt 0.054164 0.695739
vt 0.658620 0.934261
vt 0.658620 0.927321
vt 0.661032 0.927740
vt 0.661032 0.934680
vt 0.930770 0.943333
vt 0.930770 0.950167
vt 0.929167 0.950190
vt 0.929167 0.943356
vt 0.874069 0.943487
vt 0.871731 0.943535
vt 0.871731 0.937217
vt 0.874069 0.937169
vt 0.957708 0.687896
vt 0.959310 0.687938
vt 0.959310 0.693951
vt 0.957708 0.693910
vt 0.404182 0.465663
vt 0.402895 0.468554
vt 0.400644 0.466307
vt 0.054232 0.689238
vt 0.983029 0.351312
vt 0.983029 0.348958
vt 0.984629 0.349003
vt 0.984629 0.351357
vt 0.983378 0.315249
vt 0.984974 0.315315
vt 0.984974 0.317524
vt 0.983378 0.317458
vt 0.947863 0.014496
vt 0.947863 0.007640
vt 0.949471 0.007643
vt 0.949471 0.014498
vt 0.960270 0.842902
vt 0.958662 0.842908
vt 0.958662 0.836935
vt 0.960270 0.836929
vt 0.910650 0.845120
vt 0.908645 0.845586
vt 0.907661 0.838706
vt 0.910650 0.836929
vt 0.571963 0.258960
vt 0.572425 0.252056
vt 0.574025 0.252064
vt 0.406433 0.492318
vt 0.406111 0.489749
vt 0.408684 0.491353
vt 0.480235 0.905679
vt 0.481419 0.899001
vt 0.483384 0.899611
vt 0.483384 0.907551
vt 0.052635 0.677289
vt 0.054232 0.677281
vt 0.053990 0.684846
vt 0.408684 0.467266
vt 0.406111 0.469195
vt 0.406433 0.466304
vt 0.962386 0.740615
vt 0.962386 0.746173
vt 0.960795 0.746032
vt 0.960795 0.740474
vt 0.571829 0.255850
vt 0.957665 0.808778
vt 0.956066 0.808709
vt 0.956066 0.802523
vt 0.957665 0.802593
vt 0.122298 0.740601
vt 0.483282 0.929448
vt 0.480941 0.929417
vt 0.480235 0.922831
vt 0.483593 0.922831
vt 0.571517 0.252183
vt 0.571779 0.245998
vt 0.573380 0.246006
vt 0.925123 0.485758
vt 0.926146 0.479076
vt 0.928178 0.479138
vt 0.928479 0.485758
vt 0.953862 0.764198
vt 0.955459 0.764164
vt 0.955459 0.770686
vt 0.953862 0.770720
vt 0.414795 0.473686
vt 0.411257 0.473367
vt 0.413187 0.471439
vt 0.122318 0.745012
vt 0.959953 0.246090
vt 0.959953 0.252037
vt 0.958358 0.251945
vt 0.958358 0.245998
vt 0.122298 0.753743
vt 0.027672 0.956179
vt 0.026072 0.956128
vt 0.026072 0.949705
vt 0.027672 0.949756
vt 0.122317 0.748291
vt 0.633035 0.989317
vt 0.631528 0.989300
vt 0.631528 0.987692
vt 0.633035 0.987709
vt 0.849838 0.748881
vt 0.848230 0.748868
vt 0.848230 0.747168
vt 0.849838 0.747181
vt 0.682893 0.299947
vt 0.682893 0.297750
vt 0.684501 0.297744
vt 0.684501 0.299940
vt 0.576420 0.174537
vt 0.574812 0.174532
vt 0.574812 0.172560
vt 0.576420 0.172564
vt 0.486345 0.501888
vt 0.487953 0.505099
vt 0.480557 0.506708
vt 0.480235 0.504461
vt 0.480557 0.491614
vt 0.486345 0.496428
vt 0.480235 0.493541
vt 0.490526 0.508951
vt 0.493420 0.510877
vt 0.486024 0.514414
vt 0.484737 0.512808
vt 0.486024 0.483903
vt 0.493420 0.486790
vt 0.490526 0.489040
vt 0.484737 0.485510
vt 0.488918 0.499318
vt 0.489561 0.502529
vt 0.486024 0.499319
vt 0.489561 0.496106
vt 0.491169 0.505418
vt 0.489240 0.507025
vt 0.139709 0.362753
vt 0.143627 0.205035
vt 0.142831 0.362624
vt 0.146007 0.362572
vt 0.148365 0.214600
vt 0.149254 0.362624
vt 0.145487 0.212036
vt 0.493420 0.507665
vt 0.493420 0.490323
vt 0.151320 0.212114
vt 0.152233 0.362753
vt 0.186083 0.441944
vt 0.187378 0.441769
vt 0.185539 0.449210
vt 0.153340 0.207409
vt 0.154605 0.362935
vt 0.139368 0.192151
vt 0.141510 0.191996
vt 0.137264 0.362935
vt 0.496315 0.509270
vt 0.495350 0.511840
vt 0.219686 0.012488
vt 0.222725 0.007640
vt 0.218568 0.173428
vt 0.215896 0.173194
vt 0.218158 0.017763
vt 0.495350 0.485826
vt 0.496315 0.488716
vt 0.429067 0.193867
vt 0.432075 0.194085
vt 0.432075 0.364189
vt 0.429086 0.364008
vt 0.495672 0.519547
vt 0.494064 0.518584
vt 0.494064 0.479724
vt 0.495672 0.479081
vt 0.227934 0.011119
vt 0.221998 0.173590
vt 0.425797 0.193761
vt 0.425516 0.363941
vt 0.225228 0.173653
vt 0.503068 0.509587
vt 0.422346 0.364023
vt 0.421458 0.279940
vt 0.503068 0.488712
vt 0.423085 0.274495
vt 0.504998 0.511835
vt 0.507249 0.518578
vt 0.504998 0.519221
vt 0.504998 0.486463
vt 0.504998 0.479076
vt 0.507249 0.479718
vt 0.505963 0.507980
vt 0.507249 0.510228
vt 0.229196 0.091150
vt 0.232251 0.092043
vt 0.228300 0.173586
vt 0.227907 0.089543
vt 0.251199 0.090219
vt 0.240336 0.009300
vt 0.507249 0.488389
vt 0.505963 0.490316
vt 0.419557 0.364216
vt 0.417411 0.282766
vt 0.420205 0.281615
vt 0.398025 0.279990
vt 0.508536 0.505410
vt 0.509822 0.508942
vt 0.235123 0.091877
vt 0.231173 0.173420
vt 0.509822 0.489672
vt 0.508536 0.492884
vt 0.349089 0.439854
vt 0.349089 0.521830
vt 0.346330 0.521851
vt 0.346330 0.439875
vt 0.512395 0.505408
vt 0.510144 0.502197
vt 0.513038 0.502517
vt 0.361596 0.521871
vt 0.358510 0.521842
vt 0.358510 0.439866
vt 0.361596 0.439894
vt 0.512395 0.492561
vt 0.352416 0.439846
vt 0.352416 0.521823
vt 0.514646 0.512793
vt 0.513360 0.514400
vt 0.513360 0.483890
vt 0.514646 0.485495
vt 0.513038 0.501553
vt 0.510787 0.498985
vt 0.355327 0.521828
vt 0.355351 0.439848
vt 0.386816 0.493291
vt 0.388102 0.494896
vt 0.390675 0.473056
vt 0.386816 0.465993
vt 0.388102 0.464386
vt 0.388102 0.482050
vt 0.388102 0.476590
vt 0.391961 0.479479
vt 0.392283 0.476588
vt 0.389067 0.475305
vt 0.393891 0.473376
vt 0.393891 0.485901
vt 0.225165 0.425849
vt 0.225165 0.507775
vt 0.221936 0.507759
vt 0.221936 0.425833
vt 0.228038 0.507741
vt 0.228038 0.425815
vt 0.218636 0.507639
vt 0.218636 0.425713
vt 0.231159 0.507602
vt 0.231159 0.425676
vt 0.215942 0.507465
vt 0.215942 0.425539
vt 0.233603 0.507413
vt 0.233603 0.425487
vt 0.397750 0.492322
vt 0.400644 0.492963
vt 0.397750 0.499709
vt 0.395177 0.499068
vt 0.399358 0.490073
vt 0.397750 0.466951
vt 0.399358 0.469198
vt 0.397750 0.459564
vt 0.395177 0.460208
vt 0.248082 0.174161
vt 0.247247 0.092479
vt 0.249935 0.091752
vt 0.251073 0.174404
vt 0.399341 0.281659
vt 0.402325 0.282798
vt 0.399655 0.364257
vt 0.396346 0.364077
vt 0.254542 0.174536
vt 0.402895 0.490393
vt 0.392775 0.364010
vt 0.404182 0.493282
vt 0.255693 0.011926
vt 0.259417 0.008707
vt 0.257813 0.174569
vt 0.389605 0.364091
vt 0.391832 0.193945
vt 0.394982 0.193826
vt 0.396761 0.274545
vt 0.408041 0.499061
vt 0.405790 0.500026
vt 0.408041 0.460201
vt 0.405790 0.459560
vt 0.409006 0.488141
vt 0.411579 0.489425
vt 0.261811 0.008651
vt 0.260885 0.174502
vt 0.411579 0.469513
vt 0.409006 0.470799
vt 0.386816 0.364284
vt 0.389062 0.194175
vt 0.417367 0.493276
vt 0.416081 0.494882
vt 0.416081 0.464372
vt 0.417367 0.465977
vt 0.411257 0.485892
vt 0.413187 0.487497
vt 0.471339 0.169222
vt 0.470177 0.163733
vt 0.471339 0.007747
vt 0.263398 0.013758
vt 0.263398 0.174356
vt 0.432392 0.146478
vt 0.431289 0.141497
vt 0.432630 0.141193
vt 0.513238 0.189849
vt 0.512653 0.361274
vt 0.510240 0.361277
vt 0.510504 0.189850
vt 0.414795 0.485569
vt 0.412865 0.483001
vt 0.468367 0.158880
vt 0.465575 0.156270
vt 0.468574 0.007702
vt 0.415759 0.476897
vt 0.412865 0.476578
vt 0.514995 0.361281
vt 0.516566 0.189862
vt 0.413187 0.479789
vt 0.416081 0.479788
vt 0.415759 0.482357
vt 0.465391 0.007668
vt 0.462667 0.158814
vt 0.462160 0.007640
vt 0.440816 0.130154
vt 0.443839 0.137374
vt 0.443179 0.137096
vt 0.460657 0.165874
vt 0.170008 0.358693
vt 0.169885 0.201169
vt 0.170008 0.188045
vt 0.421870 0.484923
vt 0.421227 0.487172
vt 0.421227 0.472077
vt 0.421870 0.474004
vt 0.854011 0.521112
vt 0.854952 0.521327
vt 0.854155 0.529017
vt 0.853528 0.528873
vt 0.508025 0.990657
vt 0.508025 0.989939
vt 0.508600 0.989651
vt 0.508887 0.990224
vt 0.508599 0.991086
vt 0.508887 0.990942
vt 0.855828 0.521883
vt 0.854786 0.529174
vt 0.235771 0.769404
vt 0.240259 0.764096
vt 0.241057 0.764780
vt 0.236095 0.769955
vt 0.241531 0.764912
vt 0.853003 0.521224
vt 0.477984 0.328572
vt 0.477984 0.328894
vt 0.477663 0.328572
vt 0.837490 0.845658
vt 0.836509 0.845392
vt 0.837992 0.836977
vt 0.838314 0.836959
vt 0.835816 0.844762
vt 0.203345 0.143798
vt 0.195394 0.142216
vt 0.203350 0.143478
vt 0.477984 0.329216
vt 0.477343 0.328893
vt 0.838427 0.845270
vt 0.838627 0.836929
vt 0.493265 0.329213
vt 0.493265 0.328892
vt 0.493585 0.329214
vt 0.551921 0.286400
vt 0.553418 0.294567
vt 0.552437 0.294835
vt 0.551600 0.286382
vt 0.554108 0.293986
vt 0.269611 0.444974
vt 0.262491 0.445485
vt 0.262525 0.445167
vt 0.493585 0.328572
vt 0.493906 0.329216
vt 0.551498 0.294474
vt 0.551285 0.286378
vt 0.612613 0.989840
vt 0.613186 0.990128
vt 0.613186 0.990848
vt 0.612327 0.990415
vt 0.853378 0.201188
vt 0.852557 0.193102
vt 0.853499 0.192893
vt 0.854006 0.201049
vt 0.612613 0.991278
vt 0.612327 0.991134
vt 0.852740 0.201317
vt 0.851665 0.193603
vt 0.287270 0.757638
vt 0.288078 0.756979
vt 0.292848 0.762856
vt 0.292490 0.763386
vt 0.854431 0.192673
vt 0.854874 0.193220
vt 0.751981 0.782443
vt 0.752729 0.781829
vt 0.757395 0.787409
vt 0.757216 0.787675
vt 0.196368 0.141284
vt 0.196778 0.140593
vt 0.203356 0.143158
vt 0.477663 0.329215
vt 0.477343 0.329215
vt 0.211690 0.766448
vt 0.216652 0.760624
vt 0.217279 0.760962
vt 0.211873 0.766710
vt 0.220487 0.755990
vt 0.218207 0.761133
vt 0.026776 0.733292
vt 0.026776 0.732837
vt 0.027017 0.733069
vt 0.953863 0.786455
vt 0.953863 0.786000
vt 0.954090 0.786227
vt 0.830052 0.515939
vt 0.834842 0.521673
vt 0.834206 0.522328
vt 0.829731 0.515939
vt 0.833241 0.522650
vt 0.832262 0.522624
vt 0.050857 0.787143
vt 0.045612 0.783020
vt 0.050974 0.786845
vt 0.449496 0.532138
vt 0.450095 0.532866
vt 0.444472 0.534243
vt 0.444181 0.533898
vt 0.436874 0.007640
vt 0.436893 0.007960
vt 0.436573 0.007981
vt 0.436554 0.007661
vt 0.483466 0.851435
vt 0.484332 0.851660
vt 0.483119 0.859118
vt 0.482841 0.859279
vt 0.481612 0.852113
vt 0.482471 0.851642
vt 0.722836 0.783603
vt 0.717714 0.788716
vt 0.717550 0.788441
vt 0.284009 0.509593
vt 0.277769 0.508481
vt 0.278312 0.507735
vt 0.283974 0.509275
vt 0.269080 0.443943
vt 0.262559 0.444848
vt 0.493906 0.328573
vt 0.493906 0.328894
vt 0.566300 0.764671
vt 0.566926 0.764321
vt 0.571718 0.769795
vt 0.571538 0.770059
vt 0.565403 0.764884
vt 0.563021 0.759826
vt 0.152804 0.766437
vt 0.157703 0.760611
vt 0.158540 0.761159
vt 0.152991 0.766697
vt 0.928384 0.893521
vt 0.929353 0.893770
vt 0.929008 0.899902
vt 0.928384 0.899947
vt 0.753662 0.781656
vt 0.239696 0.763732
vt 0.931586 0.893270
vt 0.929665 0.899847
vt 0.694213 0.896437
vt 0.693267 0.896434
vt 0.691825 0.890030
vt 0.692147 0.890030
vt 0.692287 0.896758
vt 0.691504 0.890030
vt 0.215800 0.760491
vt 0.051091 0.786547
vt 0.051435 0.786652
vt 0.051318 0.786950
vt 0.046506 0.782380
vt 0.448931 0.531487
vt 0.444210 0.533580
vt 0.436913 0.008280
vt 0.436592 0.008301
vt 0.721774 0.783145
vt 0.717386 0.788166
vt 0.441563 0.009545
vt 0.440639 0.010247
vt 0.278903 0.507060
vt 0.917838 0.348995
vt 0.917146 0.355576
vt 0.916205 0.355680
vt 0.917518 0.349031
vt 0.268916 0.443216
vt 0.567548 0.764014
vt 0.918157 0.348958
vt 0.918157 0.355781
vt 0.855665 0.925261
vt 0.855321 0.918761
vt 0.856288 0.918514
vt 0.856288 0.925311
vt 0.156821 0.760411
vt 0.853086 0.918273
vt 0.854360 0.918689
vt 0.855007 0.925215
vt 0.288698 0.756669
vt 0.855511 0.516298
vt 0.856870 0.517623
vt 0.749904 0.777517
vt 0.751213 0.777716
vt 0.751511 0.782783
vt 0.853944 0.515939
vt 0.837065 0.850717
vt 0.835442 0.850487
vt 0.838627 0.849972
vt 0.834079 0.849264
vt 0.930314 0.893695
vt 0.613463 0.950797
vt 0.614482 0.950643
vt 0.613164 0.956310
vt 0.612733 0.956166
vt 0.612327 0.950643
vt 0.047627 0.782144
vt 0.193370 0.565741
vt 0.197237 0.562668
vt 0.198288 0.563194
vt 0.238831 0.930712
vt 0.237885 0.931352
vt 0.235771 0.925860
vt 0.236092 0.925860
vt 0.720894 0.782916
vt 0.239812 0.930387
vt 0.554472 0.299889
vt 0.552866 0.299801
vt 0.555834 0.298689
vt 0.850608 0.189112
vt 0.851920 0.187530
vt 0.159066 0.756563
vt 0.160513 0.756253
vt 0.159218 0.761351
vt 0.853489 0.187182
vt 0.551285 0.299405
vt 0.852622 0.515980
vt 0.852622 0.521479
vt 0.836383 0.526379
vt 0.834775 0.527021
vt 0.082159 0.812816
vt 0.080474 0.809172
vt 0.082126 0.808974
vt 0.083152 0.812217
vt 0.837341 0.525402
vt 0.481476 0.846868
vt 0.483027 0.846337
vt 0.484332 0.846678
vt 0.480235 0.847948
vt 0.284172 0.752330
vt 0.285340 0.752249
vt 0.286552 0.757589
vt 0.854874 0.187520
vt 0.752671 0.777904
vt 0.242802 0.759753
vt 0.244301 0.759689
vt 0.192343 0.138792
vt 0.193750 0.138099
vt 0.190731 0.139706
vt 0.452531 0.528885
vt 0.454089 0.529694
vt 0.273079 0.505519
vt 0.274578 0.504660
vt 0.272584 0.441971
vt 0.274066 0.443115
vt 0.286767 0.752431
vt 0.157661 0.756730
vt 0.218999 0.756172
vt 0.043257 0.778856
vt 0.044529 0.778782
vt 0.723517 0.779136
vt 0.725003 0.778905
vt 0.564456 0.759929
vt 0.451342 0.528220
vt 0.275831 0.503943
vt 0.753838 0.778167
vt 0.240059 0.760035
vt 0.241376 0.759861
vt 0.216548 0.756481
vt 0.217585 0.756391
vt 0.182133 0.562019
vt 0.183667 0.561528
vt 0.183803 0.564455
vt 0.183261 0.565159
vt 0.426530 0.010416
vt 0.426567 0.013123
vt 0.424926 0.012881
vt 0.425832 0.009793
vt 0.271512 0.441104
vt 0.565882 0.760116
vt 0.567028 0.760250
vt 0.288181 0.752739
vt 0.156747 0.756828
vt 0.046242 0.778786
vt 0.047686 0.778924
vt 0.198648 0.559576
vt 0.200324 0.559704
vt 0.443842 0.012403
vt 0.442297 0.012876
vt 0.721809 0.779388
vt 0.632250 0.841454
vt 0.633351 0.838536
vt 0.633187 0.841135
vt 0.634150 0.841134
vt 0.634930 0.838216
vt 0.636582 0.838529
vt 0.635457 0.841450
vt 0.694368 0.898982
vt 0.692763 0.899625
vt 0.184723 0.564029
vt 0.427511 0.010675
vt 0.917982 0.358418
vt 0.916313 0.357962
vt 0.431638 0.010062
vt 0.432638 0.010345
vt 0.432655 0.012732
vt 0.435821 0.012477
vt 0.434277 0.012949
vt 0.433600 0.010284
vt 0.434843 0.009856
vt 0.048479 0.782043
vt 0.196268 0.562449
vt 0.196440 0.559818
vt 0.440035 0.012995
vt 0.439678 0.010604
vt 0.720595 0.779614
vt 0.720232 0.782821
vt 0.487799 0.189889
vt 0.488281 0.193618
vt 0.486335 0.193290
vt 0.486194 0.189904
vt 0.484659 0.193522
vt 0.484537 0.190483
vt 0.489067 0.190172
vt 0.489834 0.193847
vt 0.479700 0.189860
vt 0.479539 0.193595
vt 0.477593 0.193267
vt 0.478076 0.189849
vt 0.481271 0.190114
vt 0.481412 0.193500
vt 0.189610 0.139869
vt 0.187032 0.136654
vt 0.188792 0.136510
vt 0.447945 0.466489
vt 0.449841 0.466145
vt 0.450406 0.469645
vt 0.448803 0.469668
vt 0.276224 0.440211
vt 0.277945 0.440613
vt 0.275470 0.443479
vt 0.451837 0.466106
vt 0.452029 0.469297
vt 0.456579 0.466372
vt 0.458499 0.466023
vt 0.458399 0.469536
vt 0.456796 0.469559
vt 0.160397 0.752814
vt 0.161960 0.751917
vt 0.162003 0.755798
vt 0.460145 0.465671
vt 0.459725 0.469189
vt 0.242453 0.756110
vt 0.244101 0.755628
vt 0.218623 0.752867
vt 0.220490 0.752072
vt 0.191036 0.135935
vt 0.274074 0.439310
vt 0.563219 0.756114
vt 0.564745 0.756617
vt 0.284276 0.748090
vt 0.285804 0.748587
vt 0.749931 0.774038
vt 0.751801 0.775050
vt 0.078903 0.809156
vt 0.078024 0.805459
vt 0.079916 0.805489
vt 0.081874 0.805625
vt 0.455636 0.526184
vt 0.456937 0.526726
vt 0.455070 0.530209
vt 0.565816 0.825822
vt 0.563849 0.825673
vt 0.564940 0.822234
vt 0.566563 0.822359
vt 0.269857 0.502684
vt 0.271343 0.502073
vt 0.272231 0.506054
vt 0.567661 0.825980
vt 0.568112 0.822809
vt 0.158600 0.753799
vt 0.240674 0.756845
vt 0.216870 0.753720
vt 0.042993 0.775262
vt 0.044692 0.775740
vt 0.453729 0.525667
vt 0.273196 0.501494
vt 0.722869 0.776181
vt 0.724762 0.775308
vt 0.566525 0.757425
vt 0.287582 0.749431
vt 0.753522 0.775419
vt 0.193116 0.135550
vt 0.272376 0.438660
vt 0.156673 0.754333
vt 0.239243 0.757459
vt 0.215529 0.754463
vt 0.046584 0.776161
vt 0.451889 0.525306
vt 0.274827 0.501092
vt 0.721049 0.776868
vt 0.568020 0.758223
vt 0.289085 0.750181
vt 0.632141 0.838848
vt 0.631863 0.836268
vt 0.633370 0.836281
vt 0.181574 0.559485
vt 0.183403 0.558965
vt 0.426700 0.015659
vt 0.424719 0.015413
vt 0.432770 0.014947
vt 0.431090 0.014951
vt 0.431296 0.012420
vt 0.635270 0.835961
vt 0.637266 0.835948
vt 0.185080 0.559094
vt 0.185308 0.561337
vt 0.048324 0.776420
vt 0.198679 0.556984
vt 0.200662 0.556751
vt 0.444616 0.015193
vt 0.442751 0.015390
vt 0.719559 0.777255
vt 0.428244 0.015186
vt 0.428130 0.012971
vt 0.434712 0.015144
vt 0.436576 0.014946
vt 0.196176 0.557256
vt 0.440168 0.015530
vt 0.821604 0.007977
vt 0.821290 0.008040
vt 0.821205 0.007704
vt 0.821520 0.007640
vt 0.637847 0.797405
vt 0.636288 0.800521
vt 0.635021 0.800138
vt 0.637526 0.797390
vt 0.284238 0.825751
vt 0.283935 0.825411
vt 0.284254 0.825431
vt 0.286085 0.822273
vt 0.287148 0.822564
vt 0.818540 0.818642
vt 0.816188 0.815777
vt 0.817078 0.815285
vt 0.818798 0.818269
vt 0.978259 0.458801
vt 0.978259 0.455124
vt 0.979386 0.455389
vt 0.981500 0.035423
vt 0.981683 0.035161
vt 0.981993 0.035343
vt 0.712106 0.529663
vt 0.711785 0.529991
vt 0.711785 0.529656
vt 0.442255 0.016636
vt 0.440992 0.017039
vt 0.439044 0.013743
vt 0.439364 0.013723
vt 0.439992 0.017346
vt 0.439063 0.014064
vt 0.981500 0.031299
vt 0.285352 0.791437
vt 0.286230 0.791941
vt 0.284184 0.794841
vt 0.283935 0.794465
vt 0.980464 0.945011
vt 0.979955 0.941562
vt 0.981115 0.941562
vt 0.488672 0.196898
vt 0.486424 0.196919
vt 0.484407 0.196808
vt 0.479609 0.196878
vt 0.477343 0.196873
vt 0.186095 0.133136
vt 0.188168 0.133321
vt 0.824090 0.010719
vt 0.822786 0.010929
vt 0.285170 0.822186
vt 0.825242 0.010107
vt 0.767994 0.529739
vt 0.767766 0.529512
vt 0.767994 0.529284
vt 0.824794 0.296352
vt 0.825787 0.296259
vt 0.826867 0.299493
vt 0.826549 0.299513
vt 0.752162 0.829896
vt 0.751005 0.833080
vt 0.749772 0.833025
vt 0.751841 0.829883
vt 0.748454 0.832659
vt 0.277156 0.437130
vt 0.279228 0.437252
vt 0.447500 0.462969
vt 0.449696 0.462945
vt 0.159295 0.749714
vt 0.160947 0.748326
vt 0.456431 0.462851
vt 0.458675 0.462819
vt 0.490546 0.197124
vt 0.481802 0.196780
vt 0.750876 0.770840
vt 0.752829 0.772299
vt 0.217462 0.750120
vt 0.219409 0.748877
vt 0.190721 0.133395
vt 0.274621 0.436828
vt 0.157164 0.751326
vt 0.452037 0.462898
vt 0.564221 0.752895
vt 0.565834 0.753841
vt 0.460667 0.462458
vt 0.241510 0.753280
vt 0.243236 0.752336
vt 0.754948 0.773292
vt 0.215447 0.751158
vt 0.155176 0.752255
vt 0.567880 0.754828
vt 0.285270 0.744825
vt 0.286883 0.745807
vt 0.239420 0.754158
vt 0.192801 0.133010
vt 0.080018 0.802206
vt 0.082314 0.802383
vt 0.077821 0.801843
vt 0.214028 0.752349
vt 0.043520 0.772055
vt 0.045399 0.772951
vt 0.456211 0.522952
vt 0.458197 0.523268
vt 0.567777 0.829208
vt 0.565612 0.829025
vt 0.721651 0.773593
vt 0.723656 0.772285
vt 0.563325 0.829169
vt 0.268489 0.499270
vt 0.270305 0.498904
vt 0.569463 0.756069
vt 0.272923 0.436177
vt 0.288933 0.746786
vt 0.237912 0.755234
vt 0.631858 0.833695
vt 0.633364 0.833387
vt 0.635585 0.833388
vt 0.180991 0.556958
vt 0.183151 0.556728
vt 0.185110 0.556502
vt 0.454001 0.522447
vt 0.047469 0.773791
vt 0.719718 0.774715
vt 0.272501 0.498322
vt 0.432942 0.017828
vt 0.431243 0.017512
vt 0.435185 0.017683
vt 0.426834 0.017899
vt 0.424533 0.017969
vt 0.428718 0.017726
vt 0.290520 0.748021
vt 0.637582 0.833375
vt 0.452132 0.522404
vt 0.049553 0.774155
vt 0.718247 0.775055
vt 0.274486 0.498200
vt 0.437049 0.017486
vt 0.198355 0.554107
vt 0.200657 0.553839
vt 0.195865 0.554705
vt 0.442943 0.018295
vt 0.440321 0.018090
vt 0.445108 0.018052
vt 0.815295 0.816021
vt 0.812616 0.812472
vt 0.813772 0.812102
vt 0.815665 0.811747
vt 0.635937 0.803705
vt 0.633704 0.803916
vt 0.288521 0.788266
vt 0.289827 0.788684
vt 0.287197 0.792214
vt 0.443883 0.020542
vt 0.441601 0.020342
vt 0.286633 0.787883
vt 0.826537 0.013169
vt 0.824333 0.013613
vt 0.817090 0.811957
vt 0.287819 0.819492
vt 0.288938 0.819435
vt 0.440261 0.020350
vt 0.749982 0.835930
vt 0.747763 0.835839
vt 0.285042 0.788038
vt 0.284796 0.819183
vt 0.286226 0.819395
vt 0.824582 0.293478
vt 0.826324 0.293245
vt 0.822989 0.293577
vt 0.488748 0.201784
vt 0.486180 0.201808
vt 0.483822 0.201353
vt 0.490924 0.201660
vt 0.480006 0.201761
vt 0.477402 0.201733
vt 0.482181 0.201317
vt 0.185539 0.128316
vt 0.187572 0.128531
vt 0.752746 0.766764
vt 0.755013 0.768399
vt 0.215125 0.746249
vt 0.217333 0.744820
vt 0.190444 0.128615
vt 0.757395 0.769574
vt 0.213110 0.747287
vt 0.192878 0.128529
vt 0.275407 0.432118
vt 0.278260 0.432458
vt 0.273401 0.431721
vt 0.154791 0.747554
vt 0.157432 0.745624
vt 0.152804 0.748483
vt 0.566209 0.748799
vt 0.568089 0.749923
vt 0.570135 0.750910
vt 0.280691 0.432591
vt 0.454651 0.462854
vt 0.453870 0.458373
vt 0.455990 0.458040
vt 0.449897 0.458126
vt 0.452242 0.458400
vt 0.447356 0.458158
vt 0.458531 0.458008
vt 0.460872 0.457960
vt 0.239447 0.749217
vt 0.241484 0.748130
vt 0.237279 0.750556
vt 0.631528 0.829194
vt 0.633332 0.829210
vt 0.211690 0.748478
vt 0.180487 0.552484
vt 0.182647 0.552254
vt 0.184949 0.551986
vt 0.429287 0.022160
vt 0.427102 0.022379
vt 0.424800 0.022448
vt 0.571718 0.752151
vt 0.433190 0.021987
vt 0.431170 0.021987
vt 0.287243 0.740722
vt 0.289127 0.741839
vt 0.291261 0.743303
vt 0.235771 0.751632
vt 0.080518 0.797684
vt 0.083152 0.797901
vt 0.078002 0.797654
vt 0.044762 0.767790
vt 0.046641 0.768687
vt 0.635553 0.829211
vt 0.637894 0.829194
vt 0.049007 0.769646
vt 0.051435 0.770116
vt 0.717386 0.770960
vt 0.719595 0.769678
vt 0.440288 0.022615
vt 0.438550 0.022250
vt 0.438923 0.017729
vt 0.721876 0.768209
vt 0.435433 0.021843
vt 0.437618 0.021625
vt 0.292848 0.744538
vt 0.568112 0.833744
vt 0.565627 0.833535
vt 0.563021 0.833335
vt 0.456935 0.518525
vt 0.458892 0.519158
vt 0.454376 0.518311
vt 0.195019 0.550273
vt 0.197521 0.550001
vt 0.442890 0.022500
vt 0.267711 0.495181
vt 0.269492 0.494497
vt 0.272042 0.494195
vt 0.452187 0.518241
vt 0.200165 0.549691
vt 0.445376 0.022237
vt 0.274346 0.494035
vt 0.827600 0.016631
vt 0.824391 0.016951
vt 0.822367 0.017201
vt 0.822961 0.013758
vt 0.815278 0.808130
vt 0.817387 0.808288
vt 0.285581 0.816274
vt 0.288145 0.816109
vt 0.637146 0.803774
vt 0.638285 0.807366
vt 0.636470 0.807583
vt 0.633596 0.807763
vt 0.441247 0.024297
vt 0.439209 0.023977
vt 0.444151 0.024432
vt 0.822263 0.290219
vt 0.824835 0.290381
vt 0.826969 0.290061
vt 0.750574 0.839160
vt 0.747381 0.839354
vt 0.284811 0.784368
vt 0.287007 0.784259
vt 0.812725 0.808323
vt 0.631528 0.807687
vt 0.632326 0.803865
vt 0.289601 0.784498
vt 0.291246 0.785061
vt 0.237719 0.862702
vt 0.238136 0.859987
vt 0.238202 0.860302
vt 0.239424 0.863000
vt 0.242013 0.864413
vt 0.235771 0.864413
vt 0.237665 0.857775
vt 0.238294 0.857642
vt 0.913257 0.462334
vt 0.911276 0.460898
vt 0.912820 0.460349
vt 0.913916 0.463438
vt 0.878877 0.039939
vt 0.878696 0.040936
vt 0.878696 0.038675
vt 0.415404 0.958158
vt 0.417435 0.958271
vt 0.415528 0.959590
vt 0.415170 0.960471
vt 0.908673 0.460942
vt 0.913916 0.457806
vt 0.489068 0.205282
vt 0.486196 0.205334
vt 0.480380 0.205336
vt 0.493402 0.205008
vt 0.477739 0.205257
vt 0.459985 0.519550
vt 0.463220 0.516765
vt 0.464955 0.520736
vt 0.415170 0.837385
vt 0.420951 0.835194
vt 0.418973 0.836636
vt 0.185639 0.124765
vt 0.187673 0.124981
vt 0.416727 0.839802
vt 0.417937 0.839010
vt 0.190544 0.125064
vt 0.416684 0.842392
vt 0.418059 0.841324
vt 0.236011 0.856152
vt 0.239853 0.855672
vt 0.415372 0.844602
vt 0.419338 0.843577
vt 0.368230 0.936621
vt 0.365362 0.933906
vt 0.368230 0.930528
vt 0.241989 0.854894
vt 0.195352 0.121463
vt 0.180487 0.545391
vt 0.835606 0.965960
vt 0.834079 0.967873
vt 0.834079 0.962601
vt 0.420951 0.847281
vt 0.415429 0.845861
vt 0.183791 0.544066
vt 0.187329 0.548834
vt 0.426376 0.029674
vt 0.423593 0.025878
vt 0.430767 0.028081
vt 0.432741 0.024343
vt 0.564789 0.859108
vt 0.566057 0.860677
vt 0.566960 0.863084
vt 0.563021 0.860803
vt 0.438082 0.024581
vt 0.275825 0.428590
vt 0.415170 0.955396
vt 0.565316 0.856850
vt 0.566358 0.857817
vt 0.564714 0.854329
vt 0.568427 0.856009
vt 0.278677 0.428930
vt 0.262491 0.496875
vt 0.263185 0.492953
vt 0.267266 0.495535
vt 0.563021 0.852563
vt 0.281109 0.429063
vt 0.458799 0.454466
vt 0.463481 0.454371
vt 0.447623 0.454616
vt 0.450141 0.454588
vt 0.455913 0.454507
vt 0.459625 0.515524
vt 0.079451 0.793840
vt 0.457185 0.512888
vt 0.050616 0.767948
vt 0.267065 0.491548
vt 0.564021 0.837282
vt 0.269248 0.488849
vt 0.454609 0.512636
vt 0.452059 0.513215
vt 0.195683 0.545356
vt 0.198586 0.544697
vt 0.192666 0.548580
vt 0.190937 0.545552
vt 0.441934 0.027432
vt 0.444760 0.027468
vt 0.437069 0.027962
vt 0.272092 0.488474
vt 0.274491 0.488984
vt 0.823904 0.022140
vt 0.821205 0.022472
vt 0.828058 0.021629
vt 0.283935 0.811583
vt 0.287471 0.811157
vt 0.825814 0.285729
vt 0.828660 0.285302
vt 0.822263 0.285307
vt 0.752162 0.844023
vt 0.747984 0.844182
vt 0.815919 0.802523
vt 0.818798 0.803224
vt 0.290395 0.810122
vt 0.290000 0.815714
vt 0.440009 0.030185
vt 0.437232 0.029191
vt 0.283935 0.779377
vt 0.286566 0.778666
vt 0.812362 0.802579
vt 0.637823 0.813439
vt 0.634269 0.813913
vt 0.443572 0.030598
vt 0.290169 0.778784
vt 0.631528 0.813489
vt 0.292848 0.779308
vt 0.402929 0.119939
vt 0.406495 0.120020
vt 0.408312 0.143518
vt 0.405106 0.143135
vt 0.008044 0.810964
vt 0.007640 0.788634
vt 0.011160 0.788053
vt 0.011160 0.810145
vt 0.276036 0.279938
vt 0.293009 0.268016
vt 0.293009 0.297345
vt 0.264033 0.297171
vt 0.121984 0.302817
vt 0.046599 0.208895
vt 0.052213 0.205740
vt 0.121984 0.273380
vt 0.023888 0.235186
vt 0.026683 0.229600
vt 0.092295 0.302858
vt 0.029483 0.223964
vt 0.040990 0.212001
vt 0.034770 0.217544
vt 0.187993 0.542980
vt 0.488714 0.236122
vt 0.486485 0.236168
vt 0.482274 0.236155
vt 0.491477 0.235594
vt 0.479955 0.236073
vt 0.189642 0.093601
vt 0.191356 0.093807
vt 0.461560 0.489098
vt 0.463532 0.486245
vt 0.193504 0.094252
vt 0.196512 0.109648
vt 0.200157 0.113190
vt 0.277093 0.397638
vt 0.279431 0.397531
vt 0.431272 0.037728
vt 0.428142 0.041576
vt 0.271109 0.424262
vt 0.270914 0.412217
vt 0.274240 0.397298
vt 0.281545 0.397626
vt 0.458253 0.423240
vt 0.461288 0.423496
vt 0.262491 0.462382
vt 0.264955 0.465118
vt 0.449643 0.423353
vt 0.451815 0.423334
vt 0.455984 0.423275
vt 0.459242 0.489113
vt 0.267468 0.465029
vt 0.806795 0.171244
vt 0.802635 0.170749
vt 0.805654 0.168724
vt 0.806795 0.166321
vt 0.834907 0.986193
vt 0.834079 0.984787
vt 0.834907 0.983154
vt 0.806448 0.164627
vt 0.806763 0.164690
vt 0.980992 0.897475
vt 0.980992 0.893269
vt 0.981508 0.894893
vt 0.045535 0.861826
vt 0.043822 0.865036
vt 0.043008 0.861252
vt 0.048006 0.861086
vt 0.660385 0.865025
vt 0.660506 0.864727
vt 0.664378 0.866283
vt 0.443555 0.027945
vt 0.439389 0.027917
vt 0.180487 0.828682
vt 0.180980 0.826026
vt 0.184801 0.828616
vt 0.802133 0.171633
vt 0.452795 0.508430
vt 0.970071 0.661402
vt 0.971470 0.666035
vt 0.970071 0.666239
vt 0.798308 0.170898
vt 0.799139 0.170071
vt 0.183217 0.823841
vt 0.186712 0.821349
vt 0.188573 0.827487
vt 0.533485 0.828408
vt 0.536681 0.826269
vt 0.537723 0.829180
vt 0.042993 0.865625
vt 0.044829 0.868398
vt 0.044083 0.869284
vt 0.529926 0.826671
vt 0.532161 0.820792
vt 0.534710 0.823720
vt 0.434755 0.031105
vt 0.273300 0.484263
vt 0.445328 0.032198
vt 0.804319 0.161933
vt 0.804190 0.160924
vt 0.447596 0.511335
vt 0.449840 0.505262
vt 0.450875 0.512946
vt 0.658620 0.860883
vt 0.659393 0.861543
vt 0.276464 0.480955
vt 0.278349 0.487014
vt 0.275508 0.488693
vt 0.454816 0.504149
vt 0.796228 0.167892
vt 0.797073 0.167062
vt 0.048006 0.870077
vt 0.047249 0.870953
vt 0.271555 0.480004
vt 0.149234 0.384792
vt 0.146001 0.386441
vt 0.145473 0.379271
vt 0.147941 0.378215
vt 0.439124 0.030936
vt 0.438108 0.037860
vt 0.434711 0.036047
vt 0.436329 0.029623
vt 0.183425 0.537022
vt 0.184892 0.538803
vt 0.800761 0.161571
vt 0.800619 0.160567
vt 0.444181 0.510126
vt 0.446565 0.503611
vt 0.660253 0.857772
vt 0.661025 0.858418
vt 0.281773 0.485681
vt 0.537201 0.822054
vt 0.432458 0.035750
vt 0.797195 0.162854
vt 0.797728 0.163600
vt 0.444290 0.031246
vt 0.664027 0.856209
vt 0.664378 0.857017
vt 0.181065 0.821787
vt 0.140307 0.379487
vt 0.142408 0.386791
vt 0.139439 0.385921
vt 0.137264 0.378622
vt 0.441652 0.038249
vt 0.279301 0.479236
vt 0.284788 0.485019
vt 0.444381 0.037275
vt 0.453995 0.500102
vt 0.272491 0.475900
vt 0.180487 0.820015
vt 0.181004 0.815733
vt 0.150581 0.391095
vt 0.147646 0.392453
vt 0.537723 0.815979
vt 0.537711 0.820326
vt 0.435558 0.043364
vt 0.432540 0.041900
vt 0.452337 0.498623
vt 0.274077 0.474367
vt 0.457090 0.487971
vt 0.152986 0.392274
vt 0.151834 0.387011
vt 0.155429 0.391220
vt 0.594391 0.924236
vt 0.594391 0.930652
vt 0.591198 0.930494
vt 0.590909 0.924653
vt 0.144053 0.392803
vt 0.439102 0.043753
vt 0.310936 0.931150
vt 0.307751 0.931365
vt 0.307751 0.925139
vt 0.311234 0.925495
vt 0.269593 0.463812
vt 0.206206 0.037683
vt 0.209232 0.037967
vt 0.199726 0.108210
vt 0.200723 0.043257
vt 0.432238 0.114602
vt 0.430800 0.114781
vt 0.268816 0.339334
vt 0.455430 0.484948
vt 0.148647 0.462781
vt 0.145894 0.462215
vt 0.437142 0.113826
vt 0.434219 0.114257
vt 0.270869 0.460765
vt 0.211700 0.038171
vt 0.141635 0.411626
vt 0.138573 0.405615
vt 0.141132 0.391930
vt 0.143018 0.461975
vt 0.440026 0.113641
vt 0.441871 0.042829
vt 0.443877 0.056383
vt 0.441269 0.062670
vt 0.140018 0.462063
vt 0.442871 0.113701
vt 0.080514 0.430653
vt 0.081797 0.410148
vt 0.085114 0.410060
vt 0.084120 0.430505
vt 0.199355 0.222707
vt 0.209012 0.210437
vt 0.193386 0.230497
vt 0.237072 0.294514
vt 0.119790 0.246043
vt 0.399100 0.097654
vt 0.402424 0.097352
vt 0.219497 0.203363
vt 0.228578 0.196702
vt 0.290919 0.241762
vt 0.066216 0.300217
vt 0.077089 0.953329
vt 0.076653 0.955721
vt 0.074563 0.955242
vt 0.074989 0.952840
vt 0.074439 0.950620
vt 0.077089 0.950647
vt 0.801140 0.361066
vt 0.801532 0.365155
vt 0.798343 0.364608
vt 0.797000 0.362655
vt 0.797000 0.359857
vt 0.310105 0.951518
vt 0.307990 0.951939
vt 0.307751 0.949175
vt 0.309869 0.948768
vt 0.307751 0.946879
vt 0.310488 0.946645
vt 0.007853 0.857849
vt 0.007640 0.854701
vt 0.011531 0.855253
vt 0.009900 0.859385
vt 0.012343 0.859385
vt 0.494959 0.232625
vt 0.494100 0.235648
vt 0.492977 0.232245
vt 0.463829 0.423464
vt 0.464955 0.426324
vt 0.463108 0.426661
vt 0.532632 0.940438
vt 0.532557 0.943313
vt 0.529926 0.943120
vt 0.530026 0.940244
vt 0.799087 0.357323
vt 0.801678 0.357026
vt 0.894800 0.942232
vt 0.892273 0.942418
vt 0.892038 0.939412
vt 0.894546 0.939201
vt 0.015550 0.854931
vt 0.015323 0.857604
vt 0.494094 0.238187
vt 0.491150 0.238136
vt 0.804898 0.361413
vt 0.803795 0.363930
vt 0.490822 0.247999
vt 0.198331 0.043062
vt 0.271097 0.345377
vt 0.275218 0.345868
vt 0.274441 0.335138
vt 0.277607 0.346027
vt 0.460953 0.420924
vt 0.463791 0.420892
vt 0.460531 0.410952
vt 0.008738 0.852394
vt 0.011304 0.851435
vt 0.486635 0.286863
vt 0.482780 0.286578
vt 0.330604 0.767734
vt 0.329985 0.754842
vt 0.330604 0.752401
vt 0.489168 0.286788
vt 0.490513 0.250567
vt 0.480478 0.286522
vt 0.478462 0.286411
vt 0.478241 0.235933
vt 0.532632 0.945906
vt 0.530001 0.945714
vt 0.188808 0.521741
vt 0.190730 0.509469
vt 0.189910 0.519377
vt 0.189561 0.507034
vt 0.185539 0.515716
vt 0.894546 0.944736
vt 0.892038 0.944947
vt 0.498547 0.104144
vt 0.497499 0.101776
vt 0.496732 0.091850
vt 0.497950 0.089391
vt 0.501919 0.098061
vt 0.279763 0.346096
vt 0.450073 0.372124
vt 0.452222 0.372109
vt 0.456041 0.371737
vt 0.878289 0.022776
vt 0.878289 0.007640
vt 0.878992 0.010074
vt 0.458655 0.371693
vt 0.460148 0.408389
vt 0.804093 0.358218
vt 0.014634 0.852513
vt 0.921486 0.695419
vt 0.921895 0.693502
vt 0.924332 0.693298
vt 0.924533 0.695419
vt 0.195321 0.518887
vt 0.195456 0.512750
vt 0.197748 0.511356
vt 0.196916 0.521224
vt 0.043210 0.916208
vt 0.045547 0.916114
vt 0.045939 0.917997
vt 0.042993 0.918292
vt 0.489131 0.093910
vt 0.491568 0.095260
vt 0.491671 0.101411
vt 0.490187 0.103746
vt 0.924350 0.687896
vt 0.924351 0.690250
vt 0.922015 0.690148
vt 0.921608 0.687998
vt 0.192627 0.511820
vt 0.192492 0.517957
vt 0.045335 0.912461
vt 0.042998 0.912556
vt 0.042993 0.910167
vt 0.045735 0.910277
vt 0.494906 0.094209
vt 0.495010 0.100360
vt 0.547379 0.461646
vt 0.549628 0.459076
vt 0.559912 0.459085
vt 0.562483 0.461659
vt 0.565337 0.463290
vt 0.544448 0.463272
vt 0.559912 0.446545
vt 0.549628 0.446536
vt 0.547379 0.443962
vt 0.562483 0.443975
vt 0.544448 0.442373
vt 0.565337 0.442391
vt 0.551235 0.455862
vt 0.558305 0.455868
vt 0.558305 0.449759
vt 0.551235 0.449753
vt 0.551556 0.452647
vt 0.557984 0.452652
vt 0.186667 0.465237
vt 0.188833 0.464986
vt 0.500390 0.046955
vt 0.501919 0.047304
vt 0.085283 0.392064
vt 0.088692 0.392281
vt 0.215347 0.290999
vt 0.194847 0.240504
vt 0.430065 0.132678
vt 0.430270 0.141484
vt 0.394243 0.078139
vt 0.397555 0.077809
vt 0.238373 0.198706
vt 0.287265 0.220450
vt 0.940481 0.388800
vt 0.939526 0.388676
vt 0.940481 0.380435
vt 0.055045 0.199755
vt 0.116616 0.223700
vt 0.045117 0.296508
vt 0.018532 0.237713
vt 0.892038 0.979255
vt 0.893963 0.979346
vt 0.893963 0.981774
vt 0.892038 0.981683
vt 0.884516 0.361654
vt 0.882587 0.361618
vt 0.882587 0.348958
vt 0.884516 0.348994
vt 0.033643 0.484143
vt 0.021447 0.473050
vt 0.023373 0.470800
vt 0.035890 0.481891
vt 0.388744 0.982153
vt 0.386816 0.982115
vt 0.386816 0.979776
vt 0.388744 0.979814
vt 0.886596 0.187182
vt 0.888520 0.187273
vt 0.888520 0.199413
vt 0.886596 0.199322
vt 0.007964 0.482091
vt 0.019842 0.470825
vt 0.010211 0.484311
vt 0.910897 0.945122
vt 0.910985 0.942063
vt 0.913725 0.942251
vt 0.913627 0.945299
vt 0.368903 0.907730
vt 0.368330 0.909907
vt 0.365362 0.909915
vt 0.366253 0.907694
vt 0.593546 0.906318
vt 0.590909 0.906068
vt 0.591090 0.902718
vt 0.593837 0.902681
vt 0.594008 0.908955
vt 0.591178 0.908294
vt 0.441283 0.860585
vt 0.440919 0.864846
vt 0.438380 0.863947
vt 0.437076 0.861300
vt 0.910897 0.939662
vt 0.913637 0.939850
vt 0.437746 0.858353
vt 0.439849 0.856871
vt 0.591260 0.900471
vt 0.594008 0.900433
vt 0.632774 0.857637
vt 0.635197 0.856734
vt 0.635691 0.861181
vt 0.631528 0.860533
vt 0.634543 0.864792
vt 0.632378 0.863392
vt 0.883752 0.167945
vt 0.881827 0.168035
vt 0.881827 0.155370
vt 0.883752 0.155280
vt 0.407796 0.249269
vt 0.407730 0.265595
vt 0.411249 0.265565
vt 0.423996 0.221773
vt 0.396080 0.221857
vt 0.890124 0.257903
vt 0.888200 0.257804
vt 0.888200 0.245998
vt 0.890124 0.246096
vt 0.368373 0.912517
vt 0.365383 0.912501
vt 0.415170 0.937552
vt 0.418028 0.937194
vt 0.418411 0.939758
vt 0.415553 0.940116
vt 0.444691 0.861750
vt 0.443304 0.863964
vt 0.286720 0.939869
vt 0.287007 0.942127
vt 0.283935 0.942261
vt 0.284088 0.939697
vt 0.389640 0.942459
vt 0.386881 0.942676
vt 0.386816 0.940291
vt 0.389300 0.939891
vt 0.637594 0.857556
vt 0.639101 0.859686
vt 0.368903 0.914604
vt 0.366019 0.915247
vt 0.198218 0.508882
vt 0.197769 0.505848
vt 0.200662 0.472497
vt 0.442670 0.856871
vt 0.444644 0.858821
vt 0.287007 0.945047
vt 0.284302 0.944881
vt 0.191683 0.465006
vt 0.191669 0.504520
vt 0.389237 0.944992
vt 0.386816 0.945463
vt 0.497388 0.047028
vt 0.495900 0.086882
vt 0.639101 0.862848
vt 0.637309 0.864745
vt 0.415544 0.934637
vt 0.418411 0.934922
vt 0.488399 0.091484
vt 0.486620 0.054941
vt 0.489138 0.088388
vt 0.631543 0.934250
vt 0.631897 0.931625
vt 0.634038 0.931386
vt 0.634605 0.934346
vt 0.387424 0.921390
vt 0.389358 0.921114
vt 0.389683 0.924034
vt 0.386816 0.924610
vt 0.198615 0.472200
vt 0.195345 0.504263
vt 0.634605 0.927834
vt 0.631528 0.928757
vt 0.196033 0.471598
vt 0.196044 0.460977
vt 0.386816 0.917187
vt 0.389849 0.918250
vt 0.491682 0.086757
vt 0.489333 0.054503
vt 0.491438 0.053964
vt 0.491560 0.043301
vt 0.976323 0.687896
vt 0.976520 0.691431
vt 0.974591 0.691431
vt 0.974594 0.687896
vt 0.325575 0.861576
vt 0.325575 0.845221
vt 0.327241 0.845244
vt 0.327302 0.861594
vt 0.492744 0.609850
vt 0.480235 0.606877
vt 0.480235 0.582209
vt 0.411317 0.249239
vt 0.019828 0.456734
vt 0.023354 0.456692
vt 0.023366 0.473017
vt 0.019835 0.473043
vt 0.308370 0.861638
vt 0.308519 0.845235
vt 0.310295 0.845221
vt 0.310295 0.861622
vt 0.327639 0.859360
vt 0.325712 0.859341
vt 0.310170 0.859379
vt 0.308246 0.859395
vt 0.090819 0.372864
vt 0.093752 0.372532
vt 0.191819 0.286689
vt 0.195776 0.285207
vt 0.195520 0.254058
vt 0.197534 0.252332
vt 0.273285 0.332838
vt 0.267982 0.332142
vt 0.268218 0.321721
vt 0.388516 0.058103
vt 0.391361 0.058299
vt 0.282133 0.202276
vt 0.283270 0.198867
vt 0.250089 0.201862
vt 0.251780 0.200030
vt 0.211053 0.020399
vt 0.208241 0.030697
vt 0.204651 0.030656
vt 0.056544 0.194053
vt 0.113007 0.200570
vt 0.024271 0.292818
vt 0.013171 0.239142
vt 0.882064 0.645101
vt 0.882415 0.632565
vt 0.884084 0.645077
vt 0.978484 0.435344
vt 0.976590 0.435350
vt 0.976561 0.432465
vt 0.978579 0.432465
vt 0.884084 0.632543
vt 0.023369 0.453851
vt 0.035887 0.453762
vt 0.035882 0.456620
vt 0.019833 0.453860
vt 0.887462 0.578843
vt 0.887611 0.591057
vt 0.885682 0.578823
vt 0.885682 0.591035
vt 0.007640 0.456839
vt 0.007641 0.453964
vt 0.045056 0.978409
vt 0.042993 0.978407
vt 0.042993 0.975513
vt 0.044917 0.975514
vt 0.484752 0.883721
vt 0.480837 0.882867
vt 0.480235 0.875219
vt 0.484752 0.874560
vt 0.312731 0.767767
vt 0.308246 0.767022
vt 0.310233 0.752401
vt 0.314704 0.753454
vt 0.057996 0.411665
vt 0.035691 0.393141
vt 0.051602 0.395067
vt 0.065233 0.408867
vt 0.312552 0.877841
vt 0.311935 0.885330
vt 0.308246 0.885917
vt 0.308246 0.876919
vt 0.598602 0.754958
vt 0.600601 0.769171
vt 0.596126 0.770252
vt 0.594141 0.756373
vt 0.051602 0.334738
vt 0.035691 0.337280
vt 0.057996 0.318139
vt 0.065233 0.320448
vt 0.198860 0.392648
vt 0.215677 0.390584
vt 0.193901 0.410207
vt 0.185539 0.406795
vt 0.193901 0.312626
vt 0.215677 0.332806
vt 0.198860 0.330376
vt 0.185539 0.315634
vt 0.856057 0.878623
vt 0.853907 0.878623
vt 0.854150 0.866078
vt 0.856044 0.866081
vt 0.809104 0.327492
vt 0.811031 0.327535
vt 0.810888 0.340999
vt 0.808739 0.340951
vt 0.019839 0.440460
vt 0.023370 0.440435
vt 0.882983 0.281429
vt 0.885049 0.281430
vt 0.885049 0.293651
vt 0.882893 0.293651
vt 0.874006 0.070148
vt 0.872082 0.070143
vt 0.872016 0.056641
vt 0.874170 0.056641
vt 0.349759 0.811004
vt 0.349042 0.814822
vt 0.346121 0.813497
vt 0.346205 0.810018
vt 0.547819 0.516890
vt 0.542973 0.513284
vt 0.545062 0.479163
vt 0.547819 0.479076
vt 0.247952 0.194382
vt 0.240873 0.189849
vt 0.567330 0.805156
vt 0.563793 0.806953
vt 0.563021 0.803159
vt 0.566673 0.802071
vt 0.513202 0.380840
vt 0.515424 0.416837
vt 0.510240 0.420000
vt 0.510240 0.380435
vt 0.185539 0.242987
vt 0.189840 0.250188
vt 0.349759 0.793689
vt 0.345615 0.794649
vt 0.533688 0.482991
vt 0.533543 0.479127
vt 0.540905 0.513416
vt 0.563592 0.785340
vt 0.567330 0.786567
vt 0.525945 0.382494
vt 0.525740 0.386498
vt 0.517780 0.417298
vt 0.529926 0.484330
vt 0.530003 0.480499
vt 0.529034 0.383895
vt 0.529168 0.387923
vt 0.401485 0.011986
vt 0.404768 0.013805
vt 0.385196 0.057171
vt 0.395676 0.011790
vt 0.083856 0.323005
vt 0.089747 0.322673
vt 0.097239 0.371407
vt 0.080669 0.324696
vt 0.408312 0.017785
vt 0.371979 0.054079
vt 0.372934 0.050590
vt 0.392647 0.011357
vt 0.110890 0.363267
vt 0.111574 0.367095
vt 0.093149 0.321869
vt 0.057159 0.188672
vt 0.537127 0.530059
vt 0.011762 0.387631
vt 0.522139 0.435400
vt 0.529112 0.410151
vt 0.237308 0.389058
vt 0.236540 0.394430
vt 0.236540 0.331516
vt 0.237308 0.336094
vt 0.314704 0.776016
vt 0.310518 0.776242
vt 0.791519 0.833724
vt 0.791519 0.848199
vt 0.787417 0.847798
vt 0.787393 0.833324
vt 0.041351 0.381858
vt 0.055662 0.386996
vt 0.208989 0.377856
vt 0.194728 0.383470
vt 0.594141 0.777529
vt 0.598344 0.778384
vt 0.464936 0.844454
vt 0.460728 0.844603
vt 0.460728 0.829694
vt 0.464954 0.829571
vt 0.208989 0.345116
vt 0.194728 0.339494
vt 0.041351 0.348023
vt 0.055662 0.341988
vt 0.483045 0.297320
vt 0.480420 0.296946
vt 0.486256 0.297291
vt 0.199071 0.032329
vt 0.200705 0.032595
vt 0.198310 0.461523
vt 0.200343 0.461781
vt 0.202818 0.032750
vt 0.276788 0.335323
vt 0.278987 0.335365
vt 0.489455 0.043840
vt 0.487662 0.044072
vt 0.450059 0.361489
vt 0.452548 0.361143
vt 0.455730 0.361102
vt 0.488771 0.297190
vt 0.458392 0.361050
vt 0.808739 0.315249
vt 0.810433 0.315288
vt 0.021445 0.437893
vt 0.033643 0.426945
vt 0.035890 0.429165
vt 0.885789 0.776537
vt 0.883870 0.776502
vt 0.883861 0.764164
vt 0.885789 0.764199
vt 0.007964 0.429365
vt 0.010212 0.427113
vt 0.806462 0.568817
vt 0.804536 0.568816
vt 0.803955 0.556700
vt 0.805882 0.556701
vt 0.804536 0.545339
vt 0.806462 0.545340
vt 0.145704 0.469606
vt 0.142828 0.469367
vt 0.148188 0.469824
vt 0.142211 0.478332
vt 0.440242 0.121145
vt 0.437358 0.121330
vt 0.434736 0.121421
vt 0.211227 0.031011
vt 0.213416 0.031176
vt 0.138998 0.485495
vt 0.137264 0.462183
vt 0.432415 0.121761
vt 0.445376 0.113758
vt 0.189869 0.442088
vt 0.266099 0.339206
vt 0.265539 0.332079
vt 0.498802 0.024130
vt 0.501407 0.023767
vt 0.257864 0.884237
vt 0.262090 0.884414
vt 0.262090 0.892551
vt 0.257926 0.892058
vt 0.078581 0.907620
vt 0.078581 0.914341
vt 0.074439 0.914185
vt 0.074439 0.907465
vt 0.032834 0.373819
vt 0.036066 0.370947
vt 0.042788 0.374059
vt 0.214232 0.367082
vt 0.217464 0.370295
vt 0.207525 0.370243
vt 0.460728 0.894937
vt 0.460728 0.887013
vt 0.464951 0.886806
vt 0.464951 0.894730
vt 0.235771 0.903483
vt 0.239962 0.903587
vt 0.239979 0.910580
vt 0.235771 0.910450
vt 0.217464 0.352961
vt 0.214232 0.355847
vt 0.207525 0.352909
vt 0.036066 0.359136
vt 0.032834 0.356582
vt 0.042788 0.355864
vt 0.477343 0.298933
vt 0.478065 0.296812
vt 0.480335 0.305421
vt 0.202259 0.030461
vt 0.194717 0.439193
vt 0.195755 0.447289
vt 0.198320 0.448326
vt 0.698431 0.784415
vt 0.701594 0.769711
vt 0.701594 0.791944
vt 0.027456 0.665214
vt 0.026941 0.657020
vt 0.027456 0.643158
vt 0.275991 0.333034
vt 0.492877 0.021472
vt 0.456928 0.347832
vt 0.459312 0.347455
vt 0.460465 0.361320
vt 0.516336 0.425529
vt 0.518784 0.403143
vt 0.447356 0.359242
vt 0.450050 0.352786
vt 0.486975 0.309987
vt 0.481889 0.313292
vt 0.464643 0.612772
vt 0.464953 0.612695
vt 0.464953 0.621099
vt 0.451677 0.344701
vt 0.023910 0.383784
vt 0.023910 0.347395
vt 0.148037 0.478806
vt 0.145298 0.476008
vt 0.877184 0.545339
vt 0.877184 0.558778
vt 0.875346 0.553895
vt 0.217039 0.022346
vt 0.437779 0.127780
vt 0.435106 0.130599
vt 0.433528 0.135597
vt 0.216979 0.012214
vt 0.262491 0.312626
vt 0.806111 0.571093
vt 0.804416 0.571088
vt 0.421771 0.219568
vt 0.420621 0.193697
vt 0.691504 0.979789
vt 0.693424 0.979657
vt 0.693414 0.981940
vt 0.691504 0.982071
vt 0.400078 0.193740
vt 0.398339 0.219617
vt 0.415465 0.193670
vt 0.404552 0.193693
vt 0.767442 0.914751
vt 0.767763 0.916358
vt 0.767789 0.920515
vt 0.767442 0.921495
vt 0.717466 0.870123
vt 0.717386 0.865471
vt 0.724138 0.865471
vt 0.724218 0.870123
vt 0.771228 0.920048
vt 0.771228 0.921333
vt 0.319449 0.683013
vt 0.315288 0.678275
vt 0.319129 0.675356
vt 0.322970 0.679779
vt 0.771228 0.914589
vt 0.771228 0.915874
vt 0.215942 0.675136
vt 0.219775 0.670670
vt 0.223608 0.673587
vt 0.219456 0.678371
vt 0.815136 0.935022
vt 0.814903 0.930835
vt 0.815136 0.929216
vt 0.967997 0.638337
vt 0.968331 0.632543
vt 0.968331 0.639295
vt 0.662804 0.905083
vt 0.662804 0.911827
vt 0.658620 0.912041
vt 0.658620 0.905297
vt 0.979071 0.545339
vt 0.979071 0.548850
vt 0.977791 0.548770
vt 0.978115 0.545598
vt 0.319129 0.672803
vt 0.315288 0.670295
vt 0.319449 0.665776
vt 0.322970 0.668607
vt 0.811720 0.930909
vt 0.811650 0.929628
vt 0.223608 0.665562
vt 0.219775 0.668102
vt 0.215942 0.663901
vt 0.219456 0.661038
vt 0.011606 0.384562
vt 0.011606 0.348174
vt 0.011762 0.344858
vt 0.228719 0.368732
vt 0.232138 0.376661
vt 0.237683 0.383081
vt 0.232138 0.347771
vt 0.228719 0.354929
vt 0.237683 0.341995
vt 0.972023 0.769033
vt 0.970740 0.769091
vt 0.970740 0.764222
vt 0.972023 0.764164
vt 0.023746 0.374727
vt 0.028673 0.369080
vt 0.970401 0.610932
vt 0.968797 0.611004
vt 0.969118 0.606120
vt 0.970401 0.606062
vt 0.440828 0.904257
vt 0.440828 0.911856
vt 0.437076 0.911099
vt 0.221579 0.365530
vt 0.974534 0.056706
vt 0.974534 0.061174
vt 0.973251 0.061109
vt 0.973251 0.056641
vt 0.023746 0.355574
vt 0.028673 0.361100
vt 0.971870 0.405739
vt 0.972190 0.410223
vt 0.970587 0.410142
vt 0.970587 0.405674
vt 0.892038 0.917227
vt 0.895617 0.917018
vt 0.895617 0.923921
vt 0.221579 0.357505
vt 0.717387 0.864186
vt 0.724139 0.864186
vt 0.313367 0.674148
vt 0.319129 0.674079
vt 0.225525 0.669428
vt 0.219775 0.669386
vt 0.717388 0.862900
vt 0.724140 0.862900
vt 0.975233 0.245998
vt 0.975553 0.251306
vt 0.975233 0.251343
vt 0.593482 0.951525
vt 0.590909 0.951525
vt 0.591019 0.945932
vt 0.592305 0.945932
vt 0.310487 0.684078
vt 0.308246 0.681551
vt 0.615863 0.935293
vt 0.612327 0.935362
vt 0.614256 0.929730
vt 0.615863 0.929699
vt 0.230636 0.676848
vt 0.228400 0.679400
vt 0.152904 0.949477
vt 0.152804 0.943823
vt 0.155376 0.943823
vt 0.154190 0.949477
vt 0.308246 0.667825
vt 0.310487 0.664926
vt 0.076046 0.929650
vt 0.077975 0.935339
vt 0.074439 0.935277
vt 0.074439 0.929622
vt 0.228400 0.660140
vt 0.230636 0.663045
vt 0.835667 0.397138
vt 0.833098 0.397137
vt 0.834109 0.389790
vt 0.835394 0.389791
vt 0.833098 0.383308
vt 0.835667 0.383309
vt 0.011872 0.364933
vt 0.021506 0.358474
vt 0.026752 0.364953
vt 0.021506 0.372200
vt 0.827917 0.324604
vt 0.827227 0.331951
vt 0.826584 0.331951
vt 0.826311 0.324603
vt 0.826584 0.318122
vt 0.827227 0.318122
vt 0.223496 0.361371
vt 0.239335 0.361386
vt 0.144650 0.191892
vt 0.188461 0.429178
vt 0.515957 0.361290
vt 0.515106 0.348096
vt 0.443001 0.150277
vt 0.192888 0.429949
vt 0.017540 0.377515
vt 0.009912 0.378719
vt 0.017540 0.352937
vt 0.009912 0.353182
vt 0.499326 0.011349
vt 0.495222 0.012101
vt 0.835548 0.399732
vt 0.832978 0.399731
vt 0.012801 0.370629
vt 0.829998 0.334547
vt 0.826465 0.334545
vt 0.835548 0.380437
vt 0.832978 0.380435
vt 0.829998 0.315251
vt 0.826465 0.315249
vt 0.316488 0.377020
vt 0.315174 0.374833
vt 0.317399 0.373544
vt 0.318713 0.375731
vt 0.320627 0.379106
vt 0.318402 0.380395
vt 0.320247 0.373405
vt 0.321121 0.375476
vt 0.323035 0.378850
vt 0.315120 0.378580
vt 0.313960 0.376683
vt 0.315343 0.382166
vt 0.312840 0.383616
vt 0.310926 0.380241
vt 0.313429 0.378792
vt 0.309613 0.378054
vt 0.312115 0.376604
vt 0.283935 0.979630
vt 0.285598 0.979693
vt 0.285598 0.982276
vt 0.284374 0.982333
vt 0.311633 0.385454
vt 0.309441 0.382240
vt 0.308289 0.380331
vt 0.311408 0.525307
vt 0.312253 0.529819
vt 0.310136 0.530812
vt 0.309400 0.526741
vt 0.308246 0.530546
vt 0.324579 0.386195
vt 0.322354 0.387484
vt 0.326672 0.385371
vt 0.366037 0.168075
vt 0.368028 0.168049
vt 0.368028 0.170617
vt 0.366037 0.170643
vt 0.368837 0.173271
vt 0.366845 0.173297
vt 0.317026 0.381967
vt 0.367202 0.166218
vt 0.319295 0.389256
vt 0.316792 0.390705
vt 0.368028 0.161629
vt 0.368028 0.164518
vt 0.366037 0.164544
vt 0.366037 0.161655
vt 0.314992 0.392135
vt 0.366845 0.159495
vt 0.368837 0.159469
vt 0.309326 0.386087
vt 0.553870 0.327210
vt 0.551806 0.326164
vt 0.552507 0.321553
vt 0.554448 0.323036
vt 0.237174 0.369034
vt 0.237870 0.376883
vt 0.313384 0.525750
vt 0.314081 0.529109
vt 0.327995 0.383886
vt 0.324343 0.377390
vt 0.012801 0.359776
vt 0.237870 0.347994
vt 0.237174 0.355231
vt 0.312978 0.392583
vt 0.549854 0.325341
vt 0.550512 0.321942
vt 0.929817 0.987787
vt 0.929817 0.985859
vt 0.930467 0.985871
vt 0.930467 0.987800
vt 0.180487 0.937038
vt 0.182412 0.937092
vt 0.182412 0.943933
vt 0.180487 0.943879
vt 0.876841 0.899212
vt 0.875271 0.899264
vt 0.872373 0.893121
vt 0.873016 0.892800
vt 0.931206 0.008463
vt 0.932583 0.007640
vt 0.932583 0.015133
vt 0.931867 0.015186
vt 0.320978 0.389056
vt 0.369194 0.166192
vt 0.369588 0.168081
vt 0.369588 0.164550
vt 0.659920 0.991003
vt 0.659270 0.990990
vt 0.659270 0.989384
vt 0.659920 0.989396
vt 0.947569 0.038139
vt 0.947569 0.031299
vt 0.949174 0.031344
vt 0.949174 0.038184
vt 0.184312 0.899236
vt 0.180487 0.892825
vt 0.182093 0.892825
vt 0.184955 0.898915
vt 0.937430 0.288975
vt 0.936713 0.282298
vt 0.938146 0.281429
vt 0.938146 0.288922
vt 0.221076 0.197211
vt 0.966784 0.354934
vt 0.967006 0.348958
vt 0.967749 0.354934
vt 0.929174 0.987788
vt 0.929167 0.986811
vt 0.871730 0.893121
vt 0.874271 0.899532
vt 0.940107 0.522916
vt 0.940107 0.516261
vt 0.941049 0.522563
vt 0.929167 0.985847
vt 0.930215 0.008680
vt 0.931151 0.015239
vt 0.658620 0.990336
vt 0.658627 0.989384
vt 0.658620 0.990978
vt 0.183057 0.892504
vt 0.185599 0.898595
vt 0.936880 0.289304
vt 0.213185 0.904109
vt 0.214275 0.903944
vt 0.215292 0.910423
vt 0.214279 0.910460
vt 0.192670 0.224282
vt 0.369588 0.170327
vt 0.370077 0.172337
vt 0.941010 0.515939
vt 0.942021 0.516192
vt 0.942005 0.522529
vt 0.369588 0.162303
vt 0.212147 0.904189
vt 0.213681 0.910683
vt 0.211690 0.904668
vt 0.370077 0.160461
vt 0.699022 0.772105
vt 0.695413 0.775497
vt 0.880760 0.315249
vt 0.884562 0.316777
vt 0.880760 0.325322
vt 0.866681 0.776067
vt 0.868580 0.764164
vt 0.868580 0.778653
vt 0.014131 0.233200
vt 0.019244 0.230553
vt 0.021806 0.224748
vt 0.313035 0.538085
vt 0.310807 0.538636
vt 0.308541 0.538476
vt 0.553138 0.335068
vt 0.550981 0.334499
vt 0.555246 0.334902
vt 0.041722 0.204044
vt 0.047569 0.201108
vt 0.050644 0.195242
vt 0.370773 0.174409
vt 0.547649 0.982292
vt 0.547543 0.985154
vt 0.546619 0.982292
vt 0.370434 0.166221
vt 0.370753 0.168149
vt 0.370753 0.164619
vt 0.194451 0.222779
vt 0.331331 0.398465
vt 0.329106 0.399753
vt 0.333503 0.396472
vt 0.375787 0.167884
vt 0.375787 0.170131
vt 0.570563 0.007640
vt 0.570571 0.008655
vt 0.569288 0.009635
vt 0.568639 0.008959
vt 0.924555 0.119424
vt 0.925714 0.119424
vt 0.925891 0.126083
vt 0.924553 0.126349
vt 0.327899 0.401591
vt 0.950346 0.348958
vt 0.951504 0.348962
vt 0.951504 0.355910
vt 0.949990 0.355371
vt 0.326047 0.401525
vt 0.323544 0.402974
vt 0.375787 0.162106
vt 0.375787 0.164353
vt 0.923981 0.439389
vt 0.923981 0.432465
vt 0.925141 0.432465
vt 0.925497 0.438857
vt 0.579900 0.009635
vt 0.578611 0.008655
vt 0.578603 0.007640
vt 0.580538 0.008959
vt 0.925945 0.225332
vt 0.926103 0.218651
vt 0.927261 0.218651
vt 0.927281 0.225599
vt 0.321267 0.403558
vt 0.314997 0.533351
vt 0.314377 0.535165
vt 0.549644 0.331488
vt 0.548935 0.329596
vt 0.334958 0.394522
vt 0.814698 0.913882
vt 0.813254 0.907579
vt 0.814654 0.907262
vt 0.815634 0.913936
vt 0.322394 0.527023
vt 0.322041 0.528290
vt 0.314223 0.526695
vt 0.321195 0.525653
vt 0.815634 0.906864
vt 0.258818 0.908133
vt 0.260220 0.908454
vt 0.258775 0.914731
vt 0.257864 0.914880
vt 0.541892 0.324307
vt 0.541543 0.323031
vt 0.549503 0.322796
vt 0.542539 0.321567
vt 0.257864 0.907831
vt 0.318551 0.404025
vt 0.024839 0.219331
vt 0.570580 0.010312
vt 0.569293 0.010312
vt 0.927677 0.119957
vt 0.927764 0.126171
vt 0.574761 0.009670
vt 0.572826 0.008672
vt 0.574752 0.008655
vt 0.576363 0.008672
vt 0.578620 0.010312
vt 0.579906 0.010312
vt 0.924075 0.225421
vt 0.924145 0.219185
vt 0.036346 0.207369
vt 0.051707 0.190499
vt 0.008600 0.371034
vt 0.813793 0.913792
vt 0.946050 0.941562
vt 0.948554 0.941830
vt 0.948554 0.947341
vt 0.946087 0.947039
vt 0.927106 0.433217
vt 0.927195 0.439432
vt 0.259680 0.914645
vt 0.008600 0.360181
vt 0.310324 0.552141
vt 0.308246 0.552866
vt 0.947000 0.986388
vt 0.946050 0.985818
vt 0.947000 0.983622
vt 0.321758 0.529286
vt 0.314677 0.529886
vt 0.509708 0.931528
vt 0.510782 0.925490
vt 0.510782 0.932380
vt 0.581520 0.011631
vt 0.582475 0.011258
vt 0.583145 0.014624
vt 0.555246 0.349315
vt 0.553414 0.348645
vt 0.569305 0.011986
vt 0.811649 0.907647
vt 0.811737 0.913815
vt 0.574798 0.015673
vt 0.579918 0.011986
vt 0.261827 0.908528
vt 0.261739 0.914676
vt 0.567714 0.014337
vt 0.565778 0.014624
vt 0.567369 0.011631
vt 0.745015 0.949554
vt 0.746878 0.949804
vt 0.746835 0.954997
vt 0.745015 0.955737
vt 0.581543 0.014337
vt 0.509690 0.925345
vt 0.508025 0.931042
vt 0.030126 0.212912
vt 0.567728 0.016991
vt 0.581557 0.016991
vt 0.508052 0.925850
vt 0.009884 0.233978
vt 0.009139 0.238592
vt 0.315164 0.549770
vt 0.312638 0.550870
vt 0.551238 0.347378
vt 0.548736 0.346211
vt 0.051013 0.188045
vt 0.342279 0.142598
vt 0.344209 0.144527
vt 0.342628 0.145156
vt 0.341984 0.143548
vt 0.341973 0.146128
vt 0.340030 0.142598
vt 0.340056 0.143548
vt 0.340057 0.145156
vt 0.338129 0.145156
vt 0.338128 0.143548
vt 0.340045 0.146128
vt 0.338105 0.146456
vt 0.338101 0.142598
vt 0.336201 0.145156
vt 0.336199 0.143548
vt 0.336189 0.146128
vt 0.336173 0.142598
vt 0.334593 0.143548
vt 0.333924 0.142598
vt 0.333630 0.145156
vt 0.332319 0.144527
vt 0.215292 0.902814
vt 0.321365 0.532695
vt 0.803982 0.586381
vt 0.805870 0.586374
vt 0.805870 0.591938
vt 0.803955 0.591192
vt 0.344162 0.149057
vt 0.342246 0.148406
vt 0.339996 0.148406
vt 0.340997 0.146456
vt 0.336461 0.148406
vt 0.335534 0.146456
vt 0.334212 0.148406
vt 0.334582 0.146128
vt 0.332272 0.149057
vt 0.542566 0.328768
vt 0.962074 0.923573
vt 0.962074 0.918010
vt 0.963715 0.918144
vt 0.963687 0.922955
vt 0.315247 0.536107
vt 0.314705 0.538364
vt 0.322446 0.534786
vt 0.387559 0.783936
vt 0.389757 0.784809
vt 0.388807 0.787357
vt 0.386816 0.785854
vt 0.322404 0.521132
vt 0.324748 0.521735
vt 0.324496 0.525584
vt 0.388138 0.781765
vt 0.390418 0.782328
vt 0.388634 0.779904
vt 0.390914 0.780467
vt 0.338044 0.149385
vt 0.391410 0.778606
vt 0.389130 0.778043
vt 0.392071 0.776125
vt 0.389708 0.775872
vt 0.539228 0.317626
vt 0.538022 0.315536
vt 0.540440 0.315249
vt 0.541458 0.317022
vt 0.539647 0.321606
vt 0.549236 0.334691
vt 0.548665 0.332380
vt 0.541574 0.330911
vt 0.315699 0.543049
vt 0.460728 0.932761
vt 0.463928 0.933034
vt 0.463875 0.938379
vt 0.460846 0.938379
vt 0.043059 0.939171
vt 0.042993 0.933844
vt 0.046197 0.933573
vt 0.046093 0.939171
vt 0.548209 0.339402
vt 0.015539 0.226748
vt 0.018105 0.220893
vt 0.043863 0.197302
vt 0.038021 0.200189
vt 0.240782 0.369181
vt 0.242342 0.361509
vt 0.343507 0.150028
vt 0.342221 0.149385
vt 0.339972 0.149385
vt 0.336437 0.149385
vt 0.334187 0.149385
vt 0.332902 0.150028
vt 0.240782 0.355378
vt 0.315764 0.538316
vt 0.567740 0.018666
vt 0.565807 0.018648
vt 0.565471 0.016957
vt 0.321967 0.536061
vt 0.480235 0.950871
vt 0.480235 0.944728
vt 0.482377 0.949988
vt 0.007640 0.365300
vt 0.581569 0.018666
vt 0.574832 0.021337
vt 0.567757 0.021337
vt 0.581586 0.021337
vt 0.978220 0.500334
vt 0.976702 0.498877
vt 0.978220 0.496960
vt 0.583174 0.018648
vt 0.583802 0.016957
vt 0.787602 0.523938
vt 0.789050 0.523853
vt 0.789050 0.529876
vt 0.786726 0.529679
vt 0.548021 0.334529
vt 0.402699 0.007675
vt 0.405309 0.009239
vt 0.407752 0.011857
vt 0.321339 0.439846
vt 0.324563 0.442729
vt 0.319811 0.442792
vt 0.398098 0.007640
vt 0.241443 0.389269
vt 0.325291 0.447919
vt 0.320911 0.447971
vt 0.343483 0.151328
vt 0.342197 0.151328
vt 0.337983 0.152636
vt 0.334163 0.151328
vt 0.332878 0.151328
vt 0.769182 0.936775
vt 0.771555 0.941198
vt 0.767442 0.941198
vt 0.866783 0.636763
vt 0.862492 0.639434
vt 0.863446 0.634169
vt 0.866783 0.643356
vt 0.862914 0.645101
vt 0.080514 0.319743
vt 0.083120 0.318174
vt 0.087713 0.318139
vt 0.241855 0.383273
vt 0.242080 0.377055
vt 0.244034 0.369345
vt 0.565821 0.021303
vt 0.564857 0.021303
vt 0.315911 0.541344
vt 0.482107 0.944904
vt 0.786037 0.524635
vt 0.584474 0.021303
vt 0.583188 0.021303
vt 0.584450 0.019239
vt 0.547939 0.337632
vt 0.241855 0.342186
vt 0.242080 0.348166
vt 0.244034 0.355543
vt 0.241443 0.336306
vt 0.010435 0.229294
vt 0.012542 0.223500
vt 0.391256 0.785241
vt 0.391169 0.787610
vt 0.327132 0.522070
vt 0.326802 0.525475
vt 0.343446 0.152636
vt 0.391917 0.782760
vt 0.392413 0.780899
vt 0.392909 0.779038
vt 0.393570 0.776557
vt 0.332841 0.152636
vt 0.394641 0.774583
vt 0.392361 0.774020
vt 0.537337 0.321435
vt 0.536795 0.317893
vt 0.046947 0.191337
vt 0.040867 0.194054
vt 0.390802 0.425095
vt 0.393890 0.430828
vt 0.386816 0.438531
vt 0.342584 0.394726
vt 0.355286 0.394235
vt 0.348394 0.404738
vt 0.007640 0.826245
vt 0.016776 0.830177
vt 0.007640 0.836154
vt 0.683071 0.442721
vt 0.674294 0.444522
vt 0.671333 0.438811
vt 0.314219 0.411154
vt 0.318974 0.412818
vt 0.320029 0.421166
vt 0.308289 0.421454
vt 0.521868 0.130365
vt 0.514907 0.141773
vt 0.513813 0.135698
vt 0.161743 0.831822
vt 0.152804 0.827411
vt 0.161743 0.821166
vt 0.046344 0.574727
vt 0.055232 0.569719
vt 0.059581 0.574055
vt 0.145309 0.188045
vt 0.189171 0.425487
vt 0.717386 0.844561
vt 0.719640 0.841133
vt 0.720965 0.841690
vt 0.720965 0.847620
vt 0.720094 0.838203
vt 0.720826 0.837575
vt 0.719675 0.834750
vt 0.720163 0.834331
vt 0.423197 0.192094
vt 0.429027 0.193792
vt 0.718316 0.831682
vt 0.021143 0.215426
vt 0.415480 0.190795
vt 0.324809 0.528336
vt 0.409708 0.189849
vt 0.409688 0.193683
vt 0.404567 0.190818
vt 0.397518 0.192148
vt 0.539393 0.324409
vt 0.392434 0.193868
vt 0.032650 0.203464
vt 0.850399 0.348958
vt 0.848926 0.351972
vt 0.848890 0.351064
vt 0.848381 0.355405
vt 0.847672 0.354750
vt 0.848508 0.358583
vt 0.847163 0.359091
vt 0.516566 0.365155
vt 0.850430 0.362313
vt 0.847163 0.364775
vt 0.498715 0.007640
vt 0.346015 0.151028
vt 0.346919 0.155243
vt 0.345360 0.151999
vt 0.344992 0.155886
vt 0.335156 0.403390
vt 0.332097 0.405162
vt 0.337723 0.400797
vt 0.331173 0.155886
vt 0.344917 0.158500
vt 0.337848 0.158500
vt 0.331099 0.158500
vt 0.329038 0.406933
vt 0.325979 0.408705
vt 0.322707 0.409494
vt 0.329566 0.155243
vt 0.331221 0.151999
vt 0.330269 0.151028
vt 0.338972 0.397852
vt 0.319228 0.409287
vt 0.311170 0.556652
vt 0.308707 0.558646
vt 0.327224 0.528669
vt 0.933437 0.355412
vt 0.934709 0.355386
vt 0.934709 0.357956
vt 0.933437 0.357983
vt 0.843908 0.093929
vt 0.845326 0.093721
vt 0.844643 0.097093
vt 0.393450 0.787591
vt 0.933437 0.353484
vt 0.934709 0.353457
vt 0.934709 0.351529
vt 0.933437 0.351556
vt 0.934709 0.348958
vt 0.933437 0.348985
vt 0.396508 0.776115
vt 0.186995 0.844163
vt 0.186494 0.847317
vt 0.185574 0.843962
vt 0.536960 0.324676
vt 0.316363 0.407627
vt 0.316323 0.403489
vt 0.330736 0.406709
vt 0.007640 0.233134
vt 0.008376 0.226873
vt 0.813570 0.955153
vt 0.813555 0.950585
vt 0.814532 0.950302
vt 0.814532 0.955190
vt 0.321566 0.540632
vt 0.321463 0.542779
vt 0.026430 0.209007
vt 0.811649 0.950550
vt 0.811674 0.954442
vt 0.393732 0.790477
vt 0.391410 0.790215
vt 0.848188 0.096573
vt 0.598049 0.833393
vt 0.594141 0.831800
vt 0.594141 0.829232
vt 0.594141 0.827306
vt 0.598049 0.827294
vt 0.598049 0.821517
vt 0.594141 0.825380
vt 0.182942 0.846817
vt 0.594141 0.822812
vt 0.535062 0.321982
vt 0.534946 0.319221
vt 0.658620 0.949960
vt 0.659888 0.950328
vt 0.659903 0.954896
vt 0.658620 0.954848
vt 0.661511 0.950427
vt 0.661536 0.954319
vt 0.542435 0.338976
vt 0.542287 0.336768
vt 0.701694 0.224062
vt 0.699645 0.223810
vt 0.699808 0.222198
vt 0.701416 0.222343
vt 0.702559 0.222417
vt 0.702779 0.223421
vt 0.701880 0.213255
vt 0.703480 0.213412
vt 0.589194 0.516496
vt 0.593482 0.505710
vt 0.590115 0.516637
vt 0.044889 0.188916
vt 0.244955 0.361668
vt 0.285968 0.854083
vt 0.287388 0.854380
vt 0.286511 0.855619
vt 0.284761 0.855179
vt 0.284564 0.853324
vt 0.283935 0.854005
vt 0.603440 0.226981
vt 0.602776 0.225538
vt 0.603676 0.225222
vt 0.604371 0.225948
vt 0.768518 0.898686
vt 0.767442 0.898753
vt 0.769363 0.888200
vt 0.769363 0.899309
vt 0.314087 0.554997
vt 0.317022 0.549058
vt 0.316295 0.543826
vt 0.321180 0.543775
vt 0.567768 0.023333
vt 0.122298 0.953915
vt 0.124851 0.953493
vt 0.124603 0.958259
vt 0.122298 0.958478
vt 0.581597 0.023333
vt 0.574867 0.026681
vt 0.567795 0.026698
vt 0.581623 0.026698
vt 0.460977 0.958412
vt 0.460728 0.953660
vt 0.463285 0.954090
vt 0.463285 0.958639
vt 0.546799 0.345407
vt 0.585444 0.022943
vt 0.586125 0.027661
vt 0.584488 0.023315
vt 0.853839 0.416272
vt 0.853814 0.411853
vt 0.854906 0.412009
vt 0.854906 0.417133
vt 0.552713 0.353256
vt 0.549927 0.351569
vt 0.595802 0.506849
vt 0.590870 0.517331
vt 0.601558 0.227062
vt 0.601620 0.225629
vt 0.324767 0.536104
vt 0.539393 0.332251
vt 0.597749 0.506510
vt 0.592014 0.517424
vt 0.015347 0.217814
vt 0.329021 0.526086
vt 0.329474 0.529278
vt 0.534684 0.325223
vt 0.035262 0.197110
vt 0.565222 0.027019
vt 0.564871 0.023315
vt 0.717386 0.954558
vt 0.720314 0.954673
vt 0.720231 0.958487
vt 0.717386 0.958977
vt 0.563613 0.027661
vt 0.584196 0.027019
vt 0.850948 0.416140
vt 0.851009 0.412326
vt 0.315263 0.442818
vt 0.314741 0.448006
vt 0.311919 0.448003
vt 0.312424 0.442819
vt 0.317631 0.447995
vt 0.245314 0.383499
vt 0.325431 0.453744
vt 0.322100 0.453777
vt 0.245576 0.377261
vt 0.247211 0.369550
vt 0.316942 0.553345
vt 0.336295 0.408732
vt 0.341013 0.403391
vt 0.333112 0.410955
vt 0.329899 0.412436
vt 0.322937 0.413859
vt 0.547111 0.349843
vt 0.245314 0.342413
vt 0.245576 0.348372
vt 0.247211 0.355747
vt 0.329016 0.494859
vt 0.325508 0.500982
vt 0.325599 0.494908
vt 0.321128 0.501034
vt 0.322268 0.494941
vt 0.285209 0.852182
vt 0.286349 0.852070
vt 0.283935 0.841031
vt 0.287339 0.852499
vt 0.598366 0.214797
vt 0.600523 0.215521
vt 0.312136 0.501066
vt 0.314958 0.501069
vt 0.315521 0.505850
vt 0.312681 0.505851
vt 0.317848 0.501058
vt 0.320068 0.505825
vt 0.347723 0.162086
vt 0.346772 0.162079
vt 0.346832 0.157864
vt 0.347808 0.156571
vt 0.348330 0.164036
vt 0.342334 0.399290
vt 0.344844 0.162401
vt 0.337725 0.164679
vt 0.018181 0.505591
vt 0.014317 0.507822
vt 0.015587 0.505150
vt 0.396508 0.788597
vt 0.850638 0.099554
vt 0.844542 0.101463
vt 0.331026 0.162400
vt 0.032953 0.505150
vt 0.033935 0.507822
vt 0.030080 0.505591
vt 0.030047 0.502834
vt 0.186595 0.851687
vt 0.180487 0.849810
vt 0.329419 0.162079
vt 0.329479 0.157864
vt 0.328121 0.162086
vt 0.328205 0.156571
vt 0.327120 0.164036
vt 0.600334 0.225931
vt 0.600794 0.225114
vt 0.341487 0.395345
vt 0.338888 0.394581
vt 0.315625 0.410324
vt 0.311502 0.453815
vt 0.308427 0.453802
vt 0.309182 0.447985
vt 0.800239 0.081952
vt 0.800292 0.080346
vt 0.801590 0.080382
vt 0.801550 0.081983
vt 0.802527 0.080428
vt 0.803128 0.081735
vt 0.852679 0.396573
vt 0.852220 0.395159
vt 0.853504 0.394873
vt 0.853799 0.395698
vt 0.850948 0.395905
vt 0.850966 0.395018
vt 0.039046 0.191803
vt 0.327017 0.536713
vt 0.800239 0.056641
vt 0.801216 0.056668
vt 0.802487 0.056718
vt 0.537118 0.332797
vt 0.285785 0.841196
vt 0.677843 0.352098
vt 0.678992 0.352013
vt 0.679096 0.353154
vt 0.677690 0.353452
vt 0.679379 0.354600
vt 0.677721 0.355098
vt 0.122298 0.724192
vt 0.123046 0.724131
vt 0.123473 0.725014
vt 0.122424 0.725249
vt 0.680173 0.353575
vt 0.680034 0.352845
vt 0.676117 0.353087
vt 0.676676 0.352222
vt 0.677918 0.342727
vt 0.679519 0.342694
vt 0.676500 0.343052
vt 0.266162 0.712152
vt 0.266183 0.710449
vt 0.267154 0.709786
vt 0.267566 0.711271
vt 0.838462 0.075871
vt 0.837961 0.076916
vt 0.836475 0.076302
vt 0.837259 0.075081
vt 0.836475 0.056644
vt 0.838357 0.056641
vt 0.018384 0.212348
vt 0.315263 0.557082
vt 0.311741 0.559123
vt 0.318935 0.552360
vt 0.634879 0.032365
vt 0.635072 0.031412
vt 0.635956 0.031869
vt 0.635636 0.033440
vt 0.634120 0.032875
vt 0.634499 0.034192
vt 0.635956 0.007704
vt 0.545002 0.348740
vt 0.552346 0.355838
vt 0.548965 0.353749
vt 0.029891 0.200385
vt 0.638052 0.587065
vt 0.636467 0.586794
vt 0.636893 0.585484
vt 0.638191 0.585902
vt 0.637249 0.577479
vt 0.638825 0.577762
vt 0.639180 0.585773
vt 0.639319 0.586801
vt 0.635569 0.585832
vt 0.635864 0.584943
vt 0.123921 0.715028
vt 0.696490 0.584097
vt 0.694895 0.583877
vt 0.695360 0.582502
vt 0.696496 0.582734
vt 0.694876 0.573635
vt 0.696471 0.573855
vt 0.697401 0.582752
vt 0.697620 0.583903
vt 0.697599 0.574116
vt 0.693973 0.583020
vt 0.694440 0.582085
vt 0.783869 0.085052
vt 0.782836 0.085472
vt 0.783438 0.077291
vt 0.784959 0.085364
vt 0.596782 0.739665
vt 0.597302 0.738545
vt 0.598752 0.738448
vt 0.598532 0.739678
vt 0.105875 0.781148
vt 0.104926 0.779816
vt 0.106681 0.779657
vt 0.106793 0.780845
vt 0.911879 0.964145
vt 0.911945 0.963398
vt 0.913725 0.963956
vt 0.912995 0.964450
vt 0.826895 0.608668
vt 0.828060 0.608878
vt 0.827946 0.627013
vt 0.826895 0.627103
vt 0.818678 0.139461
vt 0.817142 0.139026
vt 0.818169 0.138051
vt 0.819089 0.138322
vt 0.912096 0.962059
vt 0.913725 0.961920
vt 0.817759 0.119424
vt 0.819089 0.119498
vt 0.310175 0.737019
vt 0.308355 0.737121
vt 0.308746 0.735723
vt 0.309893 0.735895
vt 0.311014 0.735627
vt 0.311509 0.736527
vt 0.308246 0.726886
vt 0.309612 0.726806
vt 0.310972 0.726755
vt 0.441735 0.841584
vt 0.442313 0.840133
vt 0.444030 0.840430
vt 0.443638 0.841591
vt 0.767648 0.009098
vt 0.766799 0.007746
vt 0.768512 0.007640
vt 0.768747 0.009101
vt 0.443479 0.838922
vt 0.444399 0.838670
vt 0.444691 0.839980
vt 0.807557 0.500223
vt 0.806571 0.500659
vt 0.807002 0.492025
vt 0.808650 0.500522
vt 0.799825 0.456102
vt 0.800544 0.456669
vt 0.799007 0.457781
vt 0.798846 0.456541
vt 0.801215 0.457276
vt 0.800025 0.458681
vt 0.801198 0.432538
vt 0.801861 0.432465
vt 0.246515 0.361700
vt 0.246647 0.366295
vt 0.328661 0.470786
vt 0.327983 0.470473
vt 0.327972 0.467579
vt 0.331050 0.467534
vt 0.601920 0.827302
vt 0.601920 0.833401
vt 0.601920 0.821525
vt 0.246647 0.357629
vt 0.961281 0.435543
vt 0.959673 0.435526
vt 0.959353 0.434847
vt 0.961281 0.432465
vt 0.885248 0.670111
vt 0.886587 0.670511
vt 0.885542 0.671762
vt 0.884203 0.671362
vt 0.883862 0.669251
vt 0.883285 0.670028
vt 0.598894 0.357448
vt 0.599042 0.356134
vt 0.600175 0.355846
vt 0.600635 0.357361
vt 0.932507 0.164108
vt 0.933854 0.155280
vt 0.933854 0.164322
vt 0.595754 0.216142
vt 0.940421 0.586802
vt 0.939581 0.587311
vt 0.939581 0.578823
vt 0.460728 0.813578
vt 0.462182 0.805141
vt 0.461479 0.814290
vt 0.597256 0.737088
vt 0.598114 0.736748
vt 0.386816 0.849409
vt 0.387634 0.840857
vt 0.387630 0.850033
vt 0.442580 0.839129
vt 0.683071 0.453056
vt 0.673794 0.449740
vt 0.401127 0.159469
vt 0.401127 0.173549
vt 0.391067 0.169269
vt 0.317309 0.818379
vt 0.317309 0.829940
vt 0.308246 0.823840
vt 0.398555 0.433223
vt 0.395435 0.444279
vt 0.344795 0.164679
vt 0.340665 0.415184
vt 0.335972 0.416036
vt 0.349129 0.408077
vt 0.333156 0.419532
vt 0.322710 0.423377
vt 0.330977 0.164679
vt 0.613059 0.520240
vt 0.615098 0.511356
vt 0.616880 0.511308
vt 0.613987 0.520938
vt 0.950332 0.315249
vt 0.951705 0.315665
vt 0.950332 0.322371
vt 0.598310 0.346918
vt 0.601013 0.355423
vt 0.009527 0.679948
vt 0.010523 0.679805
vt 0.010401 0.680945
vt 0.009111 0.681247
vt 0.010395 0.682418
vt 0.008957 0.682434
vt 0.011512 0.679674
vt 0.011520 0.680393
vt 0.011660 0.681422
vt 0.007640 0.680580
vt 0.008211 0.679556
vt 0.009732 0.670914
vt 0.008278 0.670954
vt 0.667447 0.419035
vt 0.667399 0.417356
vt 0.668232 0.416958
vt 0.668699 0.418426
vt 0.510256 0.131689
vt 0.515611 0.121883
vt 0.505502 0.463796
vt 0.511036 0.450722
vt 0.516435 0.463796
vt 0.831290 0.580994
vt 0.831290 0.591828
vt 0.821743 0.585307
vt 0.042993 0.564690
vt 0.053976 0.564390
vt 0.701546 0.700669
vt 0.700201 0.700438
vt 0.700803 0.699619
vt 0.701770 0.699339
vt 0.702500 0.700415
vt 0.701481 0.702314
vt 0.699689 0.702006
vt 0.102294 0.848424
vt 0.101933 0.847056
vt 0.103083 0.847062
vt 0.103093 0.848433
vt 0.699023 0.700508
vt 0.700120 0.691169
vt 0.701541 0.690953
vt 0.698671 0.701167
vt 0.125952 0.715413
vt 0.124324 0.725321
vt 0.530670 0.846512
vt 0.529926 0.845788
vt 0.530882 0.844460
vt 0.532055 0.845657
vt 0.531480 0.847448
vt 0.532397 0.847030
vt 0.264685 0.711508
vt 0.265175 0.710349
vt 0.264178 0.700076
vt 0.265804 0.700330
vt 0.464149 0.804720
vt 0.462457 0.814094
vt 0.389502 0.840705
vt 0.388579 0.849793
vt 0.990366 0.716862
vt 0.989709 0.716837
vt 0.989709 0.714465
vt 0.990366 0.714613
vt 0.912568 0.007640
vt 0.914935 0.007766
vt 0.914935 0.016775
vt 0.912691 0.016656
vt 0.577180 0.415628
vt 0.583486 0.405678
vt 0.577928 0.416146
vt 0.852235 0.393493
vt 0.853273 0.393582
vt 0.851328 0.393641
vt 0.633302 0.033622
vt 0.627208 0.023295
vt 0.628725 0.022294
vt 0.635640 0.007640
vt 0.574902 0.030418
vt 0.567827 0.030097
vt 0.581655 0.030097
vt 0.011162 0.670910
vt 0.041616 0.152185
vt 0.084454 0.131747
vt 0.054177 0.160116
vt 0.040706 0.153344
vt 0.028789 0.140293
vt 0.027938 0.141136
vt 0.488296 0.374429
vt 0.484200 0.358915
vt 0.485760 0.358730
vt 0.181777 0.707325
vt 0.183794 0.707823
vt 0.181585 0.716772
vt 0.180487 0.715843
vt 0.829049 0.626235
vt 0.829746 0.626335
vt 0.828853 0.627739
vt 0.816241 0.137717
vt 0.817061 0.137324
vt 0.619287 0.693207
vt 0.617486 0.693470
vt 0.617739 0.692055
vt 0.618897 0.692116
vt 0.619985 0.691756
vt 0.620307 0.692412
vt 0.616460 0.683728
vt 0.617812 0.683517
vt 0.619158 0.683349
vt 0.619474 0.694628
vt 0.617866 0.694633
vt 0.763792 0.434023
vt 0.763308 0.432465
vt 0.765024 0.432466
vt 0.764843 0.434076
vt 0.616255 0.693017
vt 0.616769 0.691766
vt 0.757511 0.638411
vt 0.756377 0.639225
vt 0.756299 0.630748
vt 0.788978 0.873704
vt 0.789539 0.872071
vt 0.790702 0.872195
vt 0.790851 0.873985
vt 0.961821 0.869490
vt 0.963605 0.868768
vt 0.963605 0.872213
vt 0.962149 0.872983
vt 0.988178 0.766522
vt 0.987304 0.764944
vt 0.988178 0.764164
vt 0.321744 0.545533
vt 0.323069 0.547792
vt 0.801861 0.457902
vt 0.801254 0.458615
vt 0.563968 0.030097
vt 0.769022 0.577905
vt 0.770294 0.577941
vt 0.770278 0.579221
vt 0.768993 0.579190
vt 0.770218 0.580205
vt 0.768604 0.580489
vt 0.262491 0.660084
vt 0.263130 0.659812
vt 0.263672 0.660279
vt 0.262636 0.661398
vt 0.264497 0.660662
vt 0.263874 0.661972
vt 0.767381 0.578838
vt 0.768045 0.577889
vt 0.767321 0.579822
vt 0.768987 0.571569
vt 0.770259 0.571606
vt 0.767689 0.571546
vt 0.585836 0.030097
vt 0.965865 0.159798
vt 0.966019 0.156620
vt 0.967621 0.157019
vt 0.967621 0.160491
vt 0.328072 0.165008
vt 0.326415 0.166322
vt 0.542165 0.341761
vt 0.540863 0.344023
vt 0.618441 0.511117
vt 0.614983 0.520922
vt 0.489732 0.389114
vt 0.486737 0.374614
vt 0.053524 0.161650
vt 0.067500 0.165586
vt 0.066847 0.167121
vt 0.081768 0.169292
vt 0.960106 0.225134
vt 0.959259 0.225571
vt 0.959259 0.218650
vt 0.531742 0.855508
vt 0.529926 0.855891
vt 0.262625 0.700444
vt 0.480235 0.344916
vt 0.482113 0.344701
vt 0.486665 0.359168
vt 0.018722 0.125670
vt 0.017556 0.126454
vt 0.640975 0.750409
vt 0.639267 0.750124
vt 0.639934 0.749026
vt 0.640926 0.749251
vt 0.639306 0.740961
vt 0.640740 0.741078
vt 0.641976 0.748775
vt 0.642466 0.749839
vt 0.641897 0.741058
vt 0.421030 0.673154
vt 0.422314 0.673690
vt 0.421198 0.674585
vt 0.420493 0.674320
vt 0.422354 0.682308
vt 0.639108 0.748554
vt 0.883067 0.616724
vt 0.883934 0.615433
vt 0.885660 0.615720
vt 0.884793 0.617012
vt 0.728339 0.009118
vt 0.727550 0.007640
vt 0.729310 0.007741
vt 0.729431 0.009241
vt 0.884128 0.613964
vt 0.885119 0.614208
vt 0.318258 0.558723
vt 0.312416 0.559447
vt 0.318526 0.555322
vt 0.903859 0.688114
vt 0.906206 0.687896
vt 0.906206 0.697360
vt 0.903859 0.697577
vt 0.584982 0.406713
vt 0.023671 0.205928
vt 0.634316 0.007699
vt 0.851190 0.776383
vt 0.850441 0.765179
vt 0.851400 0.765162
vt 0.632393 0.018763
vt 0.893960 0.557191
vt 0.892465 0.556306
vt 0.893960 0.545339
vt 0.264477 0.652521
vt 0.684821 0.273594
vt 0.686260 0.273393
vt 0.687899 0.281898
vt 0.686659 0.282463
vt 0.545697 0.351883
vt 0.310670 0.409236
vt 0.313248 0.407662
vt 0.659874 0.644271
vt 0.661036 0.635129
vt 0.660071 0.644901
vt 0.663192 0.635375
vt 0.660980 0.645622
vt 0.387880 0.894465
vt 0.386816 0.893623
vt 0.387851 0.892403
vt 0.388915 0.893244
vt 0.388552 0.895091
vt 0.389655 0.894777
vt 0.665941 0.418470
vt 0.666275 0.417593
vt 0.665706 0.407086
vt 0.667335 0.407303
vt 0.182396 0.717164
vt 0.100510 0.847924
vt 0.099707 0.847203
vt 0.100862 0.846095
vt 0.101383 0.848856
vt 0.883029 0.093090
vt 0.885230 0.093628
vt 0.884668 0.101017
vt 0.883810 0.101101
vt 0.738597 0.698648
vt 0.738914 0.697765
vt 0.739931 0.697785
vt 0.740113 0.699184
vt 0.104779 0.781869
vt 0.103928 0.781248
vt 0.104120 0.789946
vt 0.595465 0.738660
vt 0.595852 0.737831
vt 0.781325 0.076961
vt 0.782216 0.085372
vt 0.910675 0.962649
vt 0.911026 0.961559
vt 0.596384 0.736664
vt 0.912041 0.960721
vt 0.913207 0.960580
vt 0.766572 0.009791
vt 0.765746 0.009137
vt 0.766202 0.018204
vt 0.440584 0.840392
vt 0.440821 0.839456
vt 0.805147 0.491902
vt 0.805950 0.500567
vt 0.852394 0.254689
vt 0.853607 0.262973
vt 0.852470 0.262943
vt 0.851847 0.262574
vt 0.953916 0.668357
vt 0.954791 0.661402
vt 0.954791 0.668911
vt 0.311425 0.459945
vt 0.308349 0.459931
vt 0.019806 0.507620
vt 0.015628 0.508922
vt 0.331050 0.531438
vt 0.328962 0.537158
vt 0.348545 0.174067
vt 0.344689 0.174067
vt 0.337619 0.174067
vt 0.347675 0.165008
vt 0.330870 0.174067
vt 0.326692 0.174067
vt 0.032994 0.508922
vt 0.028811 0.507620
vt 0.535107 0.333167
vt 0.532870 0.327267
vt 0.308468 0.488874
vt 0.311543 0.488888
vt 0.311670 0.494979
vt 0.308595 0.494966
vt 0.885886 0.668574
vt 0.886579 0.668766
vt 0.884534 0.668444
vt 0.597509 0.356538
vt 0.371077 0.262391
vt 0.329804 0.289026
vt 0.367272 0.245154
vt 0.441337 0.838673
vt 0.727912 0.017507
vt 0.726432 0.017980
vt 0.314645 0.453816
vt 0.318178 0.453804
vt 0.324339 0.459886
vt 0.327704 0.459846
vt 0.670142 0.447640
vt 0.669715 0.439324
vt 0.395986 0.425043
vt 0.399088 0.428469
vt 0.324640 0.467613
vt 0.319734 0.553572
vt 0.963314 0.867544
vt 0.350756 0.174409
vt 0.851460 0.383976
vt 0.853408 0.384505
vt 0.849722 0.101208
vt 0.843908 0.104093
vt 0.973228 0.805253
vt 0.973157 0.804337
vt 0.974711 0.803824
vt 0.974852 0.805375
vt 0.972946 0.806173
vt 0.973899 0.806338
vt 0.972946 0.802997
vt 0.974181 0.802523
vt 0.186995 0.854327
vt 0.181170 0.851474
vt 0.081490 0.170570
vt 0.324405 0.174409
vt 0.965961 0.155280
vt 0.324457 0.488829
vt 0.327822 0.488790
vt 0.324697 0.481441
vt 0.328028 0.481408
vt 0.513327 0.143491
vt 0.508623 0.135844
vt 0.058263 0.564882
vt 0.060770 0.568869
vt 0.883285 0.661402
vt 0.490222 0.403530
vt 0.488636 0.403397
vt 0.488173 0.389299
vt 0.371535 0.277676
vt 0.314813 0.494980
vt 0.318346 0.494968
vt 0.388608 0.901767
vt 0.386816 0.901907
vt 0.664281 0.407210
vt 0.102016 0.855780
vt 0.099707 0.856170
vt 0.736521 0.687955
vt 0.738256 0.687863
vt 0.722264 0.285372
vt 0.721938 0.274740
vt 0.723316 0.275134
vt 0.723411 0.285537
vt 0.724927 0.275260
vt 0.724508 0.284795
vt 0.360152 0.228720
vt 0.595802 0.728469
vt 0.815542 0.137736
vt 0.442447 0.830368
vt 0.754399 0.630812
vt 0.755471 0.639040
vt 0.370566 0.397993
vt 0.371225 0.373405
vt 0.371225 0.398660
vt 0.579618 0.416122
vt 0.586001 0.407218
vt 0.850948 0.393000
vt 0.266242 0.652523
vt 0.685458 0.281991
vt 0.683211 0.273286
vt 0.910898 0.960766
vt 0.010388 0.110106
vt 0.011811 0.109698
vt 0.787393 0.873057
vt 0.787996 0.872370
vt 0.788178 0.874613
vt 0.762755 0.434192
vt 0.761972 0.433488
vt 0.788612 0.871663
vt 0.424287 0.682108
vt 0.423273 0.673809
vt 0.682116 0.753090
vt 0.680385 0.753029
vt 0.680775 0.752147
vt 0.681917 0.751949
vt 0.679731 0.745208
vt 0.681168 0.745140
vt 0.682767 0.751635
vt 0.683390 0.752626
vt 0.682311 0.744956
vt 0.684361 0.380435
vt 0.685657 0.380940
vt 0.684691 0.381567
vt 0.683979 0.381320
vt 0.686163 0.388680
vt 0.679895 0.751787
vt 0.886039 0.415809
vt 0.887289 0.414884
vt 0.888818 0.415734
vt 0.887568 0.416660
vt 0.708298 0.009148
vt 0.707567 0.007640
vt 0.709321 0.007809
vt 0.709257 0.009020
vt 0.887948 0.413583
vt 0.888817 0.414129
vt 0.102483 0.789877
vt 0.829260 0.608426
vt 0.821743 0.565176
vt 0.821743 0.546264
vt 0.822552 0.565714
vt 0.764300 0.018243
vt 0.854066 0.254321
vt 0.854197 0.262188
vt 0.727149 0.009671
vt 0.726353 0.008910
vt 0.881925 0.615525
vt 0.882436 0.614767
vt 0.883146 0.613699
vt 0.962071 0.461160
vt 0.962978 0.455124
vt 0.962978 0.461659
vt 0.670456 0.453849
vt 0.403807 0.432700
vt 0.577180 0.390802
vt 0.578185 0.390947
vt 0.579463 0.403116
vt 0.341250 0.415604
vt 0.267522 0.652435
vt 0.265494 0.660658
vt 0.333186 0.420274
vt 0.489593 0.418734
vt 0.488008 0.418601
vt 0.544226 0.349969
vt 0.505114 0.130559
vt 0.055996 0.559533
vt 0.675688 0.578903
vt 0.677840 0.578909
vt 0.677831 0.587531
vt 0.676540 0.587234
vt 0.703782 0.284501
vt 0.703988 0.275162
vt 0.704490 0.285230
vt 0.705421 0.275203
vt 0.705927 0.285254
vt 0.706293 0.274913
vt 0.706658 0.284548
vt 0.720786 0.157093
vt 0.721166 0.147839
vt 0.721831 0.157844
vt 0.722578 0.148084
vt 0.723177 0.157624
vt 0.723858 0.147400
vt 0.724001 0.157029
vt 0.719776 0.217171
vt 0.722057 0.216697
vt 0.721569 0.226239
vt 0.720434 0.226469
vt 0.594365 0.728519
vt 0.722475 0.225328
vt 0.616337 0.738626
vt 0.618604 0.738797
vt 0.617830 0.748307
vt 0.616691 0.748434
vt 0.790851 0.864032
vt 0.707590 0.016574
vt 0.705801 0.017123
vt 0.322979 0.557073
vt 0.322761 0.552357
vt 0.324684 0.548788
vt 0.539152 0.344932
vt 0.541302 0.348700
vt 0.546299 0.355501
vt 0.541596 0.353707
vt 0.678692 0.587239
vt 0.822552 0.546802
vt 0.823150 0.565368
vt 0.815054 0.137149
vt 0.816834 0.120120
vt 0.440584 0.830272
vt 0.618770 0.747922
vt 0.532959 0.285721
vt 0.534912 0.285847
vt 0.533798 0.299969
vt 0.531846 0.299843
vt 0.881925 0.607252
vt 0.883807 0.607316
vt 0.311381 0.466067
vt 0.308289 0.466057
vt 0.325628 0.469214
vt 0.347251 0.413292
vt 0.343447 0.416981
vt 0.759294 0.154184
vt 0.758861 0.146757
vt 0.760157 0.147067
vt 0.760266 0.154483
vt 0.758319 0.153580
vt 0.761433 0.146700
vt 0.761538 0.153813
vt 0.514621 0.561654
vt 0.514621 0.565574
vt 0.514315 0.564584
vt 0.960952 0.437891
vt 0.333158 0.422940
vt 0.327785 0.424566
vt 0.308357 0.482780
vt 0.311449 0.482790
vt 0.369434 0.291649
vt 0.364828 0.306046
vt 0.762038 0.442148
vt 0.760137 0.442070
vt 0.688049 0.388436
vt 0.686746 0.380740
vt 0.354657 0.403873
vt 0.351720 0.409645
vt 0.024313 0.499591
vt 0.024321 0.501248
vt 0.019819 0.501248
vt 0.018202 0.499591
vt 0.096679 0.171171
vt 0.096341 0.172765
vt 0.112712 0.170337
vt 0.024308 0.507620
vt 0.024340 0.511662
vt 0.019838 0.511662
vt 0.017262 0.512287
vt 0.028823 0.501248
vt 0.028843 0.511662
vt 0.030101 0.499591
vt 0.031412 0.512287
vt 0.921023 0.809005
vt 0.923855 0.802523
vt 0.923855 0.810462
vt 0.509716 0.142314
vt 0.512142 0.147791
vt 0.823710 0.546761
vt 0.824376 0.547508
vt 0.755644 0.689811
vt 0.757701 0.689876
vt 0.756551 0.699120
vt 0.755394 0.699184
vt 0.788773 0.863480
vt 0.757515 0.698799
vt 0.724778 0.017649
vt 0.834666 0.205778
vt 0.834980 0.206759
vt 0.833683 0.207049
vt 0.833695 0.205751
vt 0.833692 0.187187
vt 0.832413 0.206402
vt 0.832744 0.205763
vt 0.832413 0.187182
vt 0.706960 0.009362
vt 0.706194 0.008571
vt 0.885349 0.414313
vt 0.886102 0.413754
vt 0.886873 0.413178
vt 0.314889 0.459945
vt 0.320704 0.459918
vt 0.317779 0.459934
vt 0.015009 0.515178
vt 0.013383 0.515075
vt 0.759051 0.298336
vt 0.759407 0.298308
vt 0.759408 0.299613
vt 0.759342 0.297367
vt 0.759661 0.297360
vt 0.533366 0.334038
vt 0.531846 0.331388
vt 0.315007 0.488888
vt 0.320822 0.488861
vt 0.317897 0.488878
vt 0.760297 0.408304
vt 0.762616 0.408530
vt 0.761290 0.417184
vt 0.760137 0.417066
vt 0.762426 0.416584
vt 0.820499 0.434408
vt 0.819890 0.433816
vt 0.820788 0.433088
vt 0.821077 0.434003
vt 0.834677 0.187239
vt 0.835328 0.205491
vt 0.154138 0.964757
vt 0.153852 0.966033
vt 0.152838 0.966350
vt 0.152804 0.965071
vt 0.155394 0.965097
vt 0.155428 0.966377
vt 0.760721 0.298259
vt 0.760055 0.299919
vt 0.760902 0.297353
vt 0.678495 0.337389
vt 0.679845 0.337556
vt 0.677128 0.337263
vt 0.694874 0.568266
vt 0.696469 0.568486
vt 0.697825 0.568521
vt 0.533231 0.270751
vt 0.534945 0.270468
vt 0.536005 0.285344
vt 0.008754 0.093825
vt 0.007706 0.093976
vt 0.835677 0.119424
vt 0.836618 0.119801
vt 0.835023 0.139301
vt 0.834369 0.119991
vt 0.818930 0.433508
vt 0.819507 0.432465
vt 0.887165 0.406839
vt 0.888818 0.408017
vt 0.320667 0.467648
vt 0.488189 0.433852
vt 0.486604 0.433719
vt 0.320724 0.481477
vt 0.638003 0.572812
vt 0.636073 0.577383
vt 0.636549 0.572850
vt 0.702457 0.208833
vt 0.704064 0.208978
vt 0.593729 0.501279
vt 0.595984 0.501731
vt 0.691504 0.963835
vt 0.691504 0.959818
vt 0.693564 0.960393
vt 0.693974 0.964376
vt 0.010194 0.665662
vt 0.008740 0.665703
vt 0.701901 0.686028
vt 0.182190 0.702767
vt 0.183969 0.702649
vt 0.885230 0.089350
vt 0.700364 0.685547
vt 0.124029 0.710425
vt 0.125781 0.710211
vt 0.781627 0.072366
vt 0.783597 0.072963
vt 0.309803 0.721877
vt 0.308414 0.721503
vt 0.818485 0.452508
vt 0.699382 0.718898
vt 0.700010 0.717595
vt 0.701309 0.718562
vt 0.700349 0.719212
vt 0.701594 0.726750
vt 0.699024 0.727090
vt 0.659214 0.546564
vt 0.658177 0.545522
vt 0.659364 0.545339
vt 0.660139 0.546510
vt 0.658758 0.555757
vt 0.657267 0.556041
vt 0.895259 0.961533
vt 0.893515 0.961194
vt 0.893640 0.960232
vt 0.894782 0.960227
vt 0.642188 0.190868
vt 0.644041 0.200183
vt 0.642645 0.200121
vt 0.641096 0.190903
vt 0.854984 0.945629
vt 0.853086 0.947183
vt 0.853086 0.940592
vt 0.326174 0.549792
vt 0.330452 0.538163
vt 0.848828 0.765116
vt 0.848595 0.777266
vt 0.851400 0.780716
vt 0.849026 0.780674
vt 0.761569 0.298301
vt 0.760977 0.299919
vt 0.311398 0.474432
vt 0.308289 0.474425
vt 0.537411 0.345803
vt 0.639286 0.572523
vt 0.639936 0.577955
vt 0.661511 0.630028
vt 0.011623 0.665658
vt 0.963895 0.898320
vt 0.963749 0.893269
vt 0.965712 0.893734
vt 0.965712 0.898339
vt 0.461980 0.800485
vt 0.463624 0.799488
vt 0.387444 0.836780
vt 0.311162 0.721825
vt 0.805402 0.486865
vt 0.807336 0.487436
vt 0.616367 0.678546
vt 0.617719 0.678335
vt 0.618873 0.678424
vt 0.349945 0.214211
vt 0.703825 0.016838
vt 0.894719 0.963059
vt 0.893498 0.962351
vt 0.325073 0.555817
vt 0.324675 0.552804
vt 0.540360 0.575962
vt 0.540149 0.572678
vt 0.545301 0.576304
vt 0.534813 0.573381
vt 0.534612 0.569778
vt 0.324657 0.471793
vt 0.546057 0.572742
vt 0.547741 0.576184
vt 0.719923 0.752847
vt 0.718286 0.752929
vt 0.718839 0.751386
vt 0.719793 0.751527
vt 0.720766 0.751361
vt 0.720977 0.752049
vt 0.076066 0.974031
vt 0.076118 0.972475
vt 0.077311 0.972039
vt 0.077258 0.973596
vt 0.531790 0.725020
vt 0.531418 0.726461
vt 0.529926 0.725836
vt 0.530705 0.724612
vt 0.718670 0.745241
vt 0.719975 0.745117
vt 0.717386 0.752166
vt 0.717872 0.751249
vt 0.717689 0.745109
vt 0.075404 0.971079
vt 0.076302 0.971001
vt 0.769019 0.566788
vt 0.770278 0.566831
vt 0.767721 0.566764
vt 0.512361 0.153371
vt 0.508878 0.148201
vt 0.325676 0.481113
vt 0.324685 0.478547
vt 0.512179 0.156049
vt 0.508792 0.154748
vt 0.506131 0.142733
vt 0.539276 0.349050
vt 0.539299 0.352287
vt 0.665752 0.401391
vt 0.667154 0.402208
vt 0.415507 0.976434
vt 0.416555 0.977326
vt 0.416254 0.978325
vt 0.415170 0.978118
vt 0.827470 0.607404
vt 0.756212 0.626149
vt 0.639439 0.735883
vt 0.640873 0.735987
vt 0.424634 0.687413
vt 0.422835 0.687321
vt 0.338019 0.203512
vt 0.817938 0.434119
vt 0.153787 0.967648
vt 0.152804 0.967319
vt 0.154749 0.967659
vt 0.773627 0.634497
vt 0.775372 0.634516
vt 0.773806 0.642293
vt 0.772791 0.642336
vt 0.774706 0.641949
vt 0.850451 0.764164
vt 0.320684 0.471829
vt 0.220491 0.728361
vt 0.219626 0.729158
vt 0.219195 0.721814
vt 0.026417 0.555203
vt 0.021135 0.554448
vt 0.024000 0.553943
vt 0.027712 0.551456
vt 0.264913 0.647235
vt 0.320712 0.478583
vt 0.973476 0.581447
vt 0.972578 0.584205
vt 0.972578 0.578823
vt 0.847192 0.645811
vt 0.845026 0.644618
vt 0.847192 0.641351
vt 0.686132 0.268213
vt 0.416711 0.975752
vt 0.417494 0.976959
vt 0.977666 0.740856
vt 0.979223 0.740474
vt 0.978642 0.741902
vt 0.977666 0.742178
vt 0.979924 0.741955
vt 0.978834 0.742884
vt 0.852241 0.250610
vt 0.854011 0.249737
vt 0.818164 0.432721
vt 0.658138 0.547300
vt 0.657295 0.546867
vt 0.643091 0.189849
vt 0.644110 0.191138
vt 0.643049 0.191456
vt 0.314869 0.467672
vt 0.530224 0.724083
vt 0.530900 0.717755
vt 0.314926 0.481501
vt 0.597779 0.501088
vt 0.246874 0.679015
vt 0.245916 0.679400
vt 0.245916 0.659428
vt 0.836618 0.139393
vt 0.727788 0.022214
vt 0.642031 0.735967
vt 0.403425 0.443795
vt 0.594141 0.800949
vt 0.604438 0.793664
vt 0.604438 0.806236
vt 0.691504 0.818687
vt 0.691504 0.807224
vt 0.701594 0.812870
vt 0.678253 0.459475
vt 0.112750 0.171674
vt 0.399331 0.423584
vt 0.402182 0.426867
vt 0.532816 0.717274
vt 0.359054 0.319996
vt 0.349685 0.333617
vt 0.217552 0.721775
vt 0.218532 0.729540
vt 0.060733 0.562408
vt 0.063012 0.565995
vt 0.045764 0.557214
vt 0.308246 0.797336
vt 0.319557 0.791523
vt 0.319557 0.803098
vt 0.415170 0.814182
vt 0.425248 0.808514
vt 0.425248 0.819913
vt 0.507894 0.119870
vt 0.102335 0.859572
vt 0.100245 0.860195
vt 0.678374 0.332187
vt 0.679724 0.332354
vt 0.532223 0.859540
vt 0.530124 0.860133
vt 0.695102 0.563111
vt 0.696470 0.563103
vt 0.828784 0.607252
vt 0.417494 0.978284
vt 0.893766 0.963974
vt 0.892894 0.963805
vt 0.892038 0.962477
vt 0.892038 0.961301
vt 0.317760 0.467662
vt 0.074439 0.973670
vt 0.074456 0.972393
vt 0.532705 0.724826
vt 0.532885 0.725810
vt 0.074439 0.971396
vt 0.317816 0.481490
vt 0.615741 0.506130
vt 0.617506 0.506109
vt 0.618951 0.505618
vt 0.010231 0.660260
vt 0.011660 0.660256
vt 0.008785 0.660288
vt 0.182036 0.697771
vt 0.701632 0.680750
vt 0.883313 0.089028
vt 0.736257 0.682793
vt 0.737880 0.683027
vt 0.123690 0.705710
vt 0.263920 0.694736
vt 0.782490 0.068148
vt 0.784057 0.068826
vt 0.594141 0.723465
vt 0.595864 0.723572
vt 0.309975 0.716479
vt 0.308608 0.716559
vt 0.388946 0.836078
vt 0.766227 0.022560
vt 0.764495 0.022870
vt 0.440945 0.825510
vt 0.442633 0.825874
vt 0.979981 0.740968
vt 0.817142 0.452445
vt 0.817235 0.434049
vt 0.679924 0.740123
vt 0.681359 0.740039
vt 0.688315 0.394032
vt 0.686556 0.393981
vt 0.662991 0.188842
vt 0.663584 0.187206
vt 0.664911 0.188468
vt 0.664293 0.189140
vt 0.665052 0.196682
vt 0.662802 0.196744
vt 0.603113 0.382114
vt 0.603670 0.381560
vt 0.604893 0.390556
vt 0.017602 0.517545
vt 0.016654 0.527942
vt 0.014381 0.527501
vt 0.019860 0.517258
vt 0.684503 0.268001
vt 0.033662 0.515178
vt 0.031109 0.517545
vt 0.028865 0.517258
vt 0.034320 0.527501
vt 0.032091 0.527942
vt 0.637761 0.567556
vt 0.636307 0.567594
vt 0.702446 0.203991
vt 0.703612 0.204027
vt 0.592904 0.496402
vt 0.594830 0.496303
vt 0.595769 0.210764
vt 0.598358 0.210113
vt 0.663452 0.629669
vt 0.661557 0.624756
vt 0.663196 0.624503
vt 0.664801 0.628912
vt 0.664328 0.635052
vt 0.664030 0.401378
vt 0.739196 0.684095
vt 0.739417 0.679522
vt 0.700288 0.680519
vt 0.265712 0.695433
vt 0.265900 0.690731
vt 0.677007 0.332060
vt 0.461491 0.796024
vt 0.697827 0.563137
vt 0.104402 0.794532
vt 0.102503 0.794647
vt 0.824123 0.545466
vt 0.824894 0.546655
vt 0.386816 0.832599
vt 0.311334 0.716428
vt 0.807793 0.483299
vt 0.617885 0.673330
vt 0.753007 0.629598
vt 0.754342 0.625495
vt 0.425740 0.682503
vt 0.707502 0.021612
vt 0.682503 0.739855
vt 0.154049 0.968623
vt 0.817142 0.433293
vt 0.027670 0.698419
vt 0.027351 0.717303
vt 0.026776 0.717557
vt 0.026776 0.697715
vt 0.892101 0.963172
vt 0.662325 0.188513
vt 0.662590 0.187182
vt 0.661479 0.196408
vt 0.831530 0.695630
vt 0.830052 0.696652
vt 0.829131 0.695835
vt 0.830233 0.695068
vt 0.604801 0.381477
vt 0.606332 0.390558
vt 0.682844 0.225261
vt 0.681538 0.225039
vt 0.682348 0.223990
vt 0.683360 0.224083
vt 0.684177 0.223755
vt 0.684365 0.224898
vt 0.682859 0.226703
vt 0.681259 0.226352
vt 0.663812 0.281077
vt 0.663819 0.282782
vt 0.662225 0.281880
vt 0.663015 0.280626
vt 0.682327 0.215645
vt 0.683762 0.215573
vt 0.663563 0.272148
vt 0.662432 0.279812
vt 0.680432 0.224233
vt 0.681142 0.223476
vt 0.309586 0.968691
vt 0.308256 0.967860
vt 0.308553 0.967220
vt 0.310340 0.967687
vt 0.485529 0.449613
vt 0.483944 0.449480
vt 0.971156 0.093503
vt 0.969315 0.092492
vt 0.971156 0.089028
vt 0.013108 0.531762
vt 0.011164 0.531034
vt 0.012755 0.527399
vt 0.312035 0.473143
vt 0.314886 0.471853
vt 0.534409 0.717271
vt 0.024362 0.517258
vt 0.217599 0.729276
vt 0.216311 0.721408
vt 0.266567 0.646935
vt 0.767765 0.561976
vt 0.769063 0.561999
vt 0.770323 0.562043
vt 0.312051 0.477002
vt 0.314914 0.478606
vt 0.538115 0.350303
vt 0.972680 0.718748
vt 0.972680 0.714465
vt 0.974429 0.717614
vt 0.615934 0.500771
vt 0.615148 0.500803
vt 0.599208 0.205227
vt 0.600763 0.206377
vt 0.600070 0.210983
vt 0.666286 0.396221
vt 0.667684 0.397063
vt 0.756558 0.621425
vt 0.616468 0.673091
vt 0.761712 0.446954
vt 0.760243 0.447000
vt 0.639573 0.730777
vt 0.641007 0.730881
vt 0.832232 0.697075
vt 0.831191 0.697526
vt 0.126043 0.558422
vt 0.122440 0.560498
vt 0.122298 0.555865
vt 0.126041 0.554509
vt 0.898470 0.037005
vt 0.896890 0.037674
vt 0.896857 0.033137
vt 0.898128 0.032468
vt 0.018251 0.554632
vt 0.015821 0.556446
vt 0.010898 0.556310
vt 0.015251 0.554078
vt 0.894293 0.037091
vt 0.894273 0.032547
vt 0.953517 0.608674
vt 0.952412 0.613436
vt 0.952412 0.606062
vt 0.686305 0.263145
vt 0.505657 0.136844
vt 0.822691 0.545339
vt 0.851847 0.246657
vt 0.618974 0.672970
vt 0.422738 0.692063
vt 0.726402 0.022952
vt 0.724602 0.023053
vt 0.655429 0.555855
vt 0.656507 0.546709
vt 0.645974 0.200162
vt 0.644689 0.191048
vt 0.626918 0.247688
vt 0.625795 0.247281
vt 0.626763 0.245998
vt 0.628040 0.247024
vt 0.626061 0.255912
vt 0.694625 0.480695
vt 0.695108 0.479331
vt 0.696504 0.480153
vt 0.695620 0.480902
vt 0.696093 0.488471
vt 0.693857 0.488731
vt 0.693613 0.480463
vt 0.694079 0.479076
vt 0.692828 0.488476
vt 0.286741 0.961339
vt 0.284983 0.961706
vt 0.284718 0.960773
vt 0.285787 0.960327
vt 0.635237 0.480124
vt 0.636689 0.488930
vt 0.635251 0.488921
vt 0.634231 0.479883
vt 0.680992 0.215426
vt 0.317777 0.471842
vt 0.718671 0.740400
vt 0.264747 0.642168
vt 0.317804 0.478596
vt 0.790856 0.630987
vt 0.792708 0.630790
vt 0.793569 0.635936
vt 0.791716 0.636134
vt 0.678259 0.326971
vt 0.679861 0.326938
vt 0.722214 0.268682
vt 0.723352 0.268862
vt 0.695108 0.557714
vt 0.696476 0.557706
vt 0.262491 0.694808
vt 0.724723 0.268773
vt 0.719684 0.210910
vt 0.721739 0.210663
vt 0.027435 0.788330
vt 0.027435 0.807325
vt 0.026441 0.806730
vt 0.026474 0.788053
vt 0.727950 0.026778
vt 0.642165 0.730861
vt 0.007640 0.077698
vt 0.009004 0.077606
vt 0.012170 0.061601
vt 0.605626 0.380435
vt 0.606690 0.381687
vt 0.605642 0.382042
vt 0.286849 0.962954
vt 0.285513 0.963221
vt 0.665497 0.271629
vt 0.130052 0.559841
vt 0.130227 0.555992
vt 0.406208 0.429321
vt 0.767767 0.513157
vt 0.768282 0.506104
vt 0.768556 0.514004
vt 0.769603 0.506214
vt 0.769826 0.513797
vt 0.531310 0.712752
vt 0.719976 0.740276
vt 0.770549 0.506042
vt 0.770726 0.513324
vt 0.025082 0.558900
vt 0.223850 0.570371
vt 0.226444 0.572006
vt 0.220964 0.570332
vt 0.231089 0.571772
vt 0.231202 0.574324
vt 0.946540 0.875130
vt 0.945314 0.869950
vt 0.946540 0.867544
vt 0.217574 0.574760
vt 0.215942 0.571212
vt 0.675478 0.573563
vt 0.677626 0.573585
vt 0.010145 0.655266
vt 0.011566 0.655274
vt 0.502175 0.133155
vt 0.059754 0.558050
vt 0.703619 0.268952
vt 0.705051 0.268992
vt 0.701640 0.675261
vt 0.183393 0.697484
vt 0.185561 0.701681
vt 0.181310 0.693000
vt 0.182667 0.692713
vt 0.705776 0.268987
vt 0.738106 0.678429
vt 0.739746 0.674645
vt 0.700026 0.675228
vt 0.125294 0.705211
vt 0.127302 0.709134
vt 0.123079 0.701113
vt 0.720611 0.142032
vt 0.722211 0.142015
vt 0.723303 0.141592
vt 0.783427 0.064378
vt 0.784735 0.064871
vt 0.310153 0.711053
vt 0.308784 0.711147
vt 0.616255 0.732782
vt 0.618510 0.732966
vt 0.689592 0.389509
vt 0.757526 0.215441
vt 0.758794 0.215763
vt 0.759017 0.223765
vt 0.758071 0.223764
vt 0.760096 0.215758
vt 0.759677 0.224083
vt 0.647640 0.382152
vt 0.646510 0.381766
vt 0.647414 0.380435
vt 0.648750 0.381468
vt 0.647014 0.390450
vt 0.308918 0.970855
vt 0.308324 0.969768
vt 0.310340 0.970054
vt 0.664802 0.281188
vt 0.665301 0.282096
vt 0.307751 0.968903
vt 0.564976 0.671867
vt 0.566930 0.671973
vt 0.568156 0.680607
vt 0.567384 0.681059
vt 0.533094 0.800699
vt 0.530766 0.800241
vt 0.533484 0.796565
vt 0.584911 0.401196
vt 0.587295 0.401744
vt 0.625138 0.018965
vt 0.627536 0.018469
vt 0.531167 0.796759
vt 0.219137 0.716909
vt 0.717386 0.740216
vt 0.758773 0.141739
vt 0.760063 0.141727
vt 0.267846 0.646848
vt 0.761345 0.141682
vt 0.682893 0.267694
vt 0.637527 0.562288
vt 0.639036 0.567279
vt 0.636081 0.562314
vt 0.703000 0.198790
vt 0.591639 0.491412
vt 0.593401 0.491037
vt 0.661390 0.619918
vt 0.668214 0.391917
vt 0.008829 0.654873
vt 0.264534 0.689839
vt 0.266390 0.686130
vt 0.677144 0.326644
vt 0.462861 0.795192
vt 0.460728 0.791729
vt 0.697832 0.557740
vt 0.766568 0.026760
vt 0.767696 0.025606
vt 0.870918 0.442294
vt 0.872239 0.446142
vt 0.870597 0.446373
vt 0.311509 0.711016
vt 0.594655 0.719126
vt 0.596378 0.719233
vt 0.804360 0.485695
vt 0.806442 0.482378
vt 0.808650 0.479076
vt 0.617988 0.667861
vt 0.681550 0.734924
vt 0.680408 0.735137
vt 0.425995 0.688096
vt 0.762669 0.402706
vt 0.636107 0.479076
vt 0.637125 0.480342
vt 0.636075 0.480692
vt 0.832232 0.698396
vt 0.831506 0.698908
vt 0.829956 0.698606
vt 0.829107 0.697791
vt 0.667187 0.271902
vt 0.540029 0.569016
vt 0.545011 0.569328
vt 0.767830 0.556859
vt 0.769128 0.556883
vt 0.505416 0.154084
vt 0.505229 0.148543
vt 0.617283 0.500564
vt 0.618746 0.500046
vt 0.602033 0.201413
vt 0.701560 0.198920
vt 0.664564 0.623721
vt 0.664673 0.395933
vt 0.263111 0.689887
vt 0.104943 0.798254
vt 0.103176 0.798617
vt 0.753187 0.624436
vt 0.754966 0.620927
vt 0.757028 0.617138
vt 0.616378 0.667880
vt 0.639875 0.725382
vt 0.641309 0.725485
vt 0.755501 0.683910
vt 0.757559 0.683975
vt 0.508025 0.974370
vt 0.508025 0.970005
vt 0.509741 0.970187
vt 0.705842 0.022452
vt 0.707751 0.026540
vt 0.682988 0.734870
vt 0.760350 0.402480
vt 0.686322 0.399029
vt 0.703995 0.022460
vt 0.701583 0.731494
vt 0.699342 0.731845
vt 0.658655 0.560795
vt 0.657261 0.561384
vt 0.644359 0.205669
vt 0.643057 0.205300
vt 0.532875 0.254071
vt 0.534514 0.254124
vt 0.623969 0.255718
vt 0.651898 0.094552
vt 0.653036 0.094437
vt 0.652882 0.095440
vt 0.651578 0.095839
vt 0.653072 0.097029
vt 0.651484 0.097277
vt 0.653876 0.094171
vt 0.654127 0.095041
vt 0.669407 0.091666
vt 0.670490 0.090362
vt 0.671287 0.090815
vt 0.671021 0.092547
vt 0.650400 0.095236
vt 0.651017 0.094099
vt 0.633210 0.971251
vt 0.632484 0.969595
vt 0.633376 0.969173
vt 0.634354 0.970425
vt 0.651941 0.085208
vt 0.653362 0.085244
vt 0.650759 0.085324
vt 0.566449 0.680789
vt 0.563654 0.671835
vt 0.009906 0.534416
vt 0.007640 0.533689
vt 0.015377 0.533149
vt 0.018920 0.528348
vt 0.898449 0.039621
vt 0.896869 0.040289
vt 0.894273 0.039706
vt 0.684788 0.262633
vt 0.686891 0.257889
vt 0.029855 0.528348
vt 0.035620 0.531762
vt 0.032744 0.533149
vt 0.037213 0.531034
vt 0.040765 0.533689
vt 0.038529 0.534416
vt 0.615227 0.495753
vt 0.638810 0.561999
vt 0.596931 0.205318
vt 0.009923 0.643158
vt 0.180487 0.682492
vt 0.184276 0.691718
vt 0.934166 0.632543
vt 0.935834 0.632543
vt 0.935723 0.640880
vt 0.678628 0.315249
vt 0.886015 0.688824
vt 0.887572 0.698539
vt 0.886015 0.699015
vt 0.697172 0.545339
vt 0.310002 0.699358
vt 0.853344 0.245998
vt 0.764026 0.454585
vt 0.762118 0.451030
vt 0.763468 0.450229
vt 0.619077 0.667501
vt 0.424403 0.692446
vt 0.422218 0.696960
vt 0.830476 0.699041
vt 0.286601 0.964350
vt 0.285444 0.964350
vt 0.284134 0.963468
vt 0.283935 0.962567
vt 0.671302 0.081881
vt 0.669985 0.089860
vt 0.400178 0.421425
vt 0.405131 0.422480
vt 0.405357 0.425597
vt 0.740207 0.296187
vt 0.743770 0.297980
vt 0.740207 0.299920
vt 0.718747 0.735232
vt 0.719991 0.735431
vt 0.717719 0.735418
vt 0.011148 0.558994
vt 0.008449 0.558395
vt 0.266289 0.641567
vt 0.233631 0.573736
vt 0.264168 0.636910
vt 0.263493 0.637232
vt 0.390072 0.384021
vt 0.391951 0.386628
vt 0.388770 0.390393
vt 0.386816 0.389540
vt 0.082482 0.736446
vt 0.079967 0.733273
vt 0.084401 0.733229
vt 0.086005 0.738326
vt 0.736488 0.678171
vt 0.738738 0.673660
vt 0.737124 0.673378
vt 0.740113 0.663796
vt 0.185003 0.696489
vt 0.124398 0.700760
vt 0.126544 0.704252
vt 0.122298 0.691315
vt 0.125501 0.699516
vt 0.597178 0.715051
vt 0.595462 0.714921
vt 0.598752 0.705970
vt 0.784959 0.056641
vt 0.760476 0.451493
vt 0.726704 0.027803
vt 0.728538 0.031485
vt 0.642466 0.725465
vt 0.725145 0.027738
vt 0.513599 0.672055
vt 0.512961 0.673214
vt 0.511483 0.663865
vt 0.128375 0.166170
vt 0.128458 0.167195
vt 0.142436 0.158123
vt 0.731550 0.583392
vt 0.731597 0.574244
vt 0.732525 0.584046
vt 0.865310 0.670702
vt 0.867629 0.670955
vt 0.868004 0.674643
vt 0.865662 0.675028
vt 0.853395 0.381189
vt 0.024397 0.528400
vt 0.021178 0.528704
vt 0.532914 0.712344
vt 0.531409 0.707822
vt 0.217495 0.716869
vt 0.219085 0.711955
vt 0.027610 0.528704
vt 0.636868 0.556868
vt 0.638298 0.556866
vt 0.635569 0.557180
vt 0.589194 0.480222
vt 0.662939 0.619337
vt 0.659874 0.607953
vt 0.664005 0.618661
vt 0.666811 0.391100
vt 0.007881 0.643516
vt 0.008070 0.654942
vt 0.265024 0.685237
vt 0.105664 0.802238
vt 0.106793 0.801055
vt 0.767178 0.030786
vt 0.765057 0.026880
vt 0.872560 0.442063
vt 0.870597 0.432465
vt 0.872179 0.432893
vt 0.720230 0.912979
vt 0.718664 0.913707
vt 0.718636 0.909240
vt 0.720262 0.909449
vt 0.920835 0.405674
vt 0.922389 0.406182
vt 0.920835 0.415379
vt 0.935522 0.089028
vt 0.937152 0.096792
vt 0.935522 0.097092
vt 0.618385 0.656680
vt 0.625019 0.247073
vt 0.608263 0.390467
vt 0.607266 0.381575
vt 0.509762 0.664102
vt 0.511867 0.673565
vt 0.733347 0.574242
vt 0.733835 0.583844
vt 0.734648 0.574026
vt 0.734476 0.582877
vt 0.769261 0.545378
vt 0.770388 0.556927
vt 0.616877 0.495432
vt 0.614503 0.490761
vt 0.790691 0.625039
vt 0.596475 0.495355
vt 0.594605 0.489976
vt 0.600775 0.200374
vt 0.598811 0.199904
vt 0.604371 0.189849
vt 0.720780 0.136307
vt 0.721931 0.136364
vt 0.722836 0.136202
vt 0.722543 0.263033
vt 0.723681 0.263213
vt 0.724812 0.262909
vt 0.719623 0.205060
vt 0.721451 0.205041
vt 0.720262 0.917470
vt 0.616404 0.727154
vt 0.618206 0.727305
vt 0.753966 0.619586
vt 0.755591 0.616358
vt 0.901186 0.322837
vt 0.899843 0.323310
vt 0.899843 0.315249
vt 0.757511 0.607252
vt 0.423883 0.697343
vt 0.420493 0.707209
vt 0.641637 0.714528
vt 0.682163 0.729631
vt 0.680728 0.729714
vt 0.775245 0.629076
vt 0.689565 0.394977
vt 0.646198 0.205955
vt 0.284710 0.964250
vt 0.631528 0.972135
vt 0.631578 0.971254
vt 0.633133 0.972412
vt 0.672277 0.090927
vt 0.672559 0.092199
vt 0.673236 0.081365
vt 0.631528 0.969939
vt 0.531112 0.793492
vt 0.533772 0.791415
vt 0.627227 0.015183
vt 0.718775 0.730381
vt 0.683290 0.262025
vt 0.685374 0.257376
vt 0.683877 0.256768
vt 0.687899 0.245998
vt 0.675420 0.567901
vt 0.677567 0.567923
vt 0.703254 0.263410
vt 0.704687 0.263450
vt 0.705844 0.263309
vt 0.762828 0.455667
vt 0.027645 0.971459
vt 0.027645 0.975630
vt 0.026072 0.972159
vt 0.425630 0.693421
vt 0.706382 0.027248
vt 0.708375 0.031606
vt 0.683307 0.729447
vt 0.687868 0.399665
vt 0.685710 0.404239
vt 0.773385 0.628757
vt 0.701584 0.736893
vt 0.699664 0.737242
vt 0.658746 0.566442
vt 0.655217 0.561603
vt 0.308289 0.189849
vt 0.323813 0.195382
vt 0.665152 0.201759
vt 0.662902 0.201821
vt 0.661587 0.201806
vt 0.606456 0.396253
vt 0.605101 0.395942
vt 0.683390 0.615674
vt 0.681820 0.615612
vt 0.681580 0.607915
vt 0.682536 0.607630
vt 0.680181 0.615561
vt 0.680943 0.607252
vt 0.644611 0.390381
vt 0.645773 0.381850
vt 0.638928 0.488933
vt 0.637742 0.480223
vt 0.481786 0.463796
vt 0.480235 0.463699
vt 0.404546 0.419962
vt 0.400849 0.418839
vt 0.014102 0.536108
vt 0.585508 0.395904
vt 0.587833 0.396136
vt 0.799445 0.272657
vt 0.797875 0.267880
vt 0.799297 0.268204
vt 0.852257 0.380435
vt 0.758672 0.136366
vt 0.267457 0.641178
vt 0.265710 0.636309
vt 0.262491 0.625292
vt 0.266878 0.635920
vt 0.761244 0.136308
vt 0.613059 0.479076
vt 0.616037 0.490140
vt 0.636238 0.545339
vt 0.034684 0.536108
vt 0.393138 0.388930
vt 0.390992 0.392025
vt 0.727292 0.032511
vt 0.939136 0.809937
vt 0.939712 0.802558
vt 0.940786 0.802523
vt 0.940786 0.809772
vt 0.755564 0.678254
vt 0.757183 0.678242
vt 0.760594 0.396909
vt 0.762465 0.397011
vt 0.704663 0.027548
vt 0.642976 0.210997
vt 0.674669 0.082051
vt 0.510936 0.673296
vt 0.508522 0.663726
vt 0.682423 0.210459
vt 0.664163 0.267161
vt 0.683844 0.210387
vt 0.532626 0.707173
vt 0.534433 0.712028
vt 0.530809 0.702723
vt 0.720080 0.730257
vt 0.217522 0.711605
vt 0.219730 0.706898
vt 0.717490 0.730197
vt 0.215942 0.716422
vt 0.440747 0.807498
vt 0.442291 0.807778
vt 0.442602 0.810230
vt 0.441059 0.809949
vt 0.444888 0.807222
vt 0.445199 0.809674
vt 0.759968 0.136675
vt 0.618224 0.494615
vt 0.792413 0.625135
vt 0.696321 0.493557
vt 0.694086 0.493817
vt 0.648032 0.395718
vt 0.646837 0.395846
vt 0.648208 0.390322
vt 0.636833 0.494325
vt 0.635394 0.494317
vt 0.720784 0.672129
vt 0.719523 0.672001
vt 0.718775 0.664529
vt 0.719428 0.664274
vt 0.717907 0.671845
vt 0.717862 0.663796
vt 0.367059 0.678698
vt 0.367931 0.678493
vt 0.367979 0.679652
vt 0.366651 0.679959
vt 0.368242 0.680979
vt 0.366471 0.681388
vt 0.368787 0.678286
vt 0.368977 0.679172
vt 0.594141 0.688681
vt 0.595223 0.687418
vt 0.596034 0.687860
vt 0.595357 0.689344
vt 0.365362 0.679548
vt 0.366057 0.678458
vt 0.212995 0.863293
vt 0.213415 0.861583
vt 0.214381 0.861784
vt 0.214145 0.863136
vt 0.366629 0.669416
vt 0.365442 0.669449
vt 0.139989 0.549773
vt 0.130599 0.556515
vt 0.139618 0.549250
vt 0.133787 0.560966
vt 0.409630 0.430948
vt 0.404409 0.432484
vt 0.529926 0.565188
vt 0.534584 0.565736
vt 0.529996 0.569200
vt 0.127154 0.562754
vt 0.540071 0.565235
vt 0.018612 0.532930
vt 0.627234 0.011961
vt 0.531071 0.790222
vt 0.769441 0.501120
vt 0.770756 0.501213
vt 0.010659 0.561595
vt 0.007640 0.561016
vt 0.529926 0.691538
vt 0.532338 0.702002
vt 0.719100 0.718776
vt 0.234561 0.576321
vt 0.231811 0.576905
vt 0.029868 0.532930
vt 0.589945 0.479077
vt 0.502099 0.143007
vt 0.501657 0.137157
vt 0.501453 0.148730
vt 0.665504 0.390901
vt 0.668699 0.380435
vt 0.062481 0.841000
vt 0.061838 0.841000
vt 0.061838 0.829455
vt 0.062481 0.829454
vt 0.499024 0.130095
vt 0.504475 0.130578
vt 0.056378 0.559021
vt 0.059107 0.554287
vt 0.720770 0.130827
vt 0.721921 0.130884
vt 0.722826 0.130722
vt 0.263601 0.685285
vt 0.266143 0.677300
vt 0.267566 0.677252
vt 0.722880 0.257369
vt 0.723779 0.257335
vt 0.724927 0.257500
vt 0.104159 0.802418
vt 0.887021 0.687896
vt 0.888579 0.697610
vt 0.768747 0.038426
vt 0.765668 0.030906
vt 0.719345 0.199423
vt 0.721173 0.199405
vt 0.717386 0.909921
vt 0.617913 0.721630
vt 0.616708 0.709948
vt 0.617658 0.709962
vt 0.618864 0.721644
vt 0.616310 0.721736
vt 0.683390 0.719058
vt 0.687214 0.404879
vt 0.683979 0.415268
vt 0.368201 0.669278
vt 0.392270 0.689071
vt 0.391634 0.690230
vt 0.390367 0.681348
vt 0.566462 0.667069
vt 0.681088 0.210239
vt 0.768114 0.500994
vt 0.534532 0.707098
vt 0.215969 0.711158
vt 0.218170 0.706524
vt 0.717863 0.718274
vt 0.220491 0.694943
vt 0.703180 0.258000
vt 0.704612 0.258040
vt 0.705770 0.257899
vt 0.900528 0.326932
vt 0.707135 0.032606
vt 0.709321 0.041128
vt 0.705707 0.032773
vt 0.689203 0.400319
vt 0.625823 0.261583
vt 0.623499 0.261779
vt 0.608612 0.396558
vt 0.388646 0.681586
vt 0.390540 0.690583
vt 0.716863 0.645864
vt 0.717414 0.636432
vt 0.717744 0.646852
vt 0.718873 0.636430
vt 0.718897 0.646972
vt 0.719855 0.636238
vt 0.719886 0.646090
vt 0.409849 0.441828
vt 0.804360 0.521947
vt 0.814450 0.515939
vt 0.814450 0.527619
vt 0.386816 0.811390
vt 0.396813 0.805757
vt 0.396813 0.817319
vt 0.365362 0.868457
vt 0.365362 0.859011
vt 0.370731 0.859974
vt 0.530907 0.787582
vt 0.533772 0.786193
vt 0.627113 0.009368
vt 0.024689 0.562805
vt 0.218191 0.578624
vt 0.675655 0.562364
vt 0.677519 0.562228
vt 0.790828 0.619187
vt 0.792257 0.619153
vt 0.705083 0.245998
vt 0.660958 0.607252
vt 0.722566 0.119528
vt 0.721437 0.119424
vt 0.049257 0.551456
vt 0.796275 0.293772
vt 0.806982 0.287937
vt 0.806982 0.299512
vt 0.257864 0.813904
vt 0.267928 0.808213
vt 0.267928 0.819634
vt 0.501164 0.119424
vt 0.761314 0.455693
vt 0.765024 0.462542
vt 0.763616 0.462829
vt 0.755394 0.672765
vt 0.757013 0.672752
vt 0.762440 0.391579
vt 0.424820 0.698182
vt 0.774833 0.623742
vt 0.657656 0.566929
vt 0.701594 0.742627
vt 0.699995 0.742973
vt 0.659239 0.572291
vt 0.644278 0.211365
vt 0.664946 0.207179
vt 0.663018 0.207232
vt 0.661703 0.207217
vt 0.606232 0.401873
vt 0.604876 0.401561
vt 0.757732 0.209991
vt 0.758679 0.210315
vt 0.759981 0.210309
vt 0.534249 0.236888
vt 0.535508 0.237107
vt 0.535534 0.253933
vt 0.596971 0.689334
vt 0.597049 0.690029
vt 0.595555 0.690689
vt 0.597022 0.687988
vt 0.594726 0.686908
vt 0.595884 0.679379
vt 0.211690 0.862312
vt 0.212445 0.861282
vt 0.338096 0.345023
vt 0.323277 0.353153
vt 0.400771 0.414540
vt 0.402341 0.417066
vt 0.405081 0.418150
vt 0.585451 0.390748
vt 0.587718 0.390664
vt 0.758574 0.131296
vt 0.759863 0.131285
vt 0.761146 0.131239
vt 0.393369 0.392663
vt 0.393683 0.395258
vt 0.394670 0.389830
vt 0.724001 0.119726
vt 0.722933 0.246232
vt 0.723583 0.245998
vt 0.720189 0.187182
vt 0.722475 0.188071
vt 0.760405 0.391203
vt 0.725872 0.032733
vt 0.679723 0.769711
vt 0.680132 0.770316
vt 0.679723 0.781070
vt 0.729431 0.041266
vt 0.772988 0.623414
vt 0.642497 0.216904
vt 0.644557 0.396114
vt 0.638988 0.494639
vt 0.746150 0.058266
vt 0.746978 0.056642
vt 0.748086 0.057990
vt 0.747263 0.058587
vt 0.748137 0.065903
vt 0.746201 0.066179
vt 0.620209 0.189849
vt 0.621933 0.190139
vt 0.620710 0.191496
vt 0.619651 0.191330
vt 0.623228 0.200064
vt 0.621545 0.199763
vt 0.872901 0.962540
vt 0.872734 0.961458
vt 0.874757 0.961897
vt 0.874021 0.962876
vt 0.512259 0.591907
vt 0.511059 0.591975
vt 0.513186 0.583306
vt 0.514112 0.583341
vt 0.347817 0.678321
vt 0.348721 0.678226
vt 0.349065 0.679333
vt 0.347710 0.679476
vt 0.349415 0.680884
vt 0.347607 0.681075
vt 0.349798 0.677875
vt 0.350081 0.678527
vt 0.793256 0.209483
vt 0.793764 0.207934
vt 0.794637 0.208258
vt 0.794556 0.209982
vt 0.346513 0.679361
vt 0.346885 0.678411
vt 0.346330 0.680058
vt 0.347835 0.669348
vt 0.349177 0.669203
vt 0.848901 0.723272
vt 0.848818 0.731327
vt 0.848230 0.730909
vt 0.346451 0.669486
vt 0.597826 0.678894
vt 0.682663 0.204976
vt 0.544734 0.565534
vt 0.017009 0.536176
vt 0.826632 0.500303
vt 0.825502 0.497403
vt 0.826632 0.488662
vt 0.530885 0.797736
vt 0.529988 0.785450
vt 0.868004 0.665156
vt 0.867820 0.668063
vt 0.770271 0.496155
vt 0.501635 0.153952
vt 0.031480 0.536176
vt 0.676188 0.556937
vt 0.617085 0.489437
vt 0.706658 0.246454
vt 0.616255 0.709913
vt 0.760137 0.380435
vt 0.761344 0.380511
vt 0.696267 0.498999
vt 0.694359 0.499234
vt 0.648246 0.401335
vt 0.647052 0.401463
vt 0.636851 0.500040
vt 0.635412 0.500032
vt 0.873135 0.959905
vt 0.874757 0.959841
vt 0.211690 0.852763
vt 0.213370 0.853179
vt 0.665708 0.266405
vt 0.667613 0.266315
vt 0.664063 0.262012
vt 0.684083 0.204905
vt 0.797141 0.262515
vt 0.798489 0.262545
vt 0.021198 0.532035
vt 0.767998 0.496201
vt 0.769273 0.496010
vt 0.027630 0.532035
vt 0.792254 0.607252
vt 0.793569 0.607444
vt 0.756514 0.661479
vt 0.757683 0.661402
vt 0.532608 0.236859
vt 0.773786 0.716045
vt 0.774113 0.714465
vt 0.775538 0.715237
vt 0.774931 0.716225
vt 0.774221 0.724142
vt 0.772773 0.724089
vt 0.258274 0.930679
vt 0.259046 0.930161
vt 0.257864 0.936807
vt 0.772753 0.716140
vt 0.772764 0.714677
vt 0.484878 0.634666
vt 0.485895 0.626463
vt 0.486786 0.626196
vt 0.237641 0.608370
vt 0.239042 0.608649
vt 0.238152 0.609724
vt 0.237142 0.609504
vt 0.260085 0.930662
vt 0.260085 0.937382
vt 0.425247 0.752713
vt 0.424655 0.753510
vt 0.423216 0.745470
vt 0.599198 0.679266
vt 0.652144 0.079893
vt 0.653716 0.079645
vt 0.650678 0.079858
vt 0.564508 0.666962
vt 0.566381 0.661926
vt 0.681328 0.204757
vt 0.530091 0.783183
vt 0.533772 0.780972
vt 0.585394 0.385591
vt 0.587030 0.385622
vt 0.533857 0.701687
vt 0.767767 0.490741
vt 0.826430 0.486428
vt 0.216695 0.705790
vt 0.219558 0.694680
vt 0.770357 0.490643
vt 0.760255 0.119424
vt 0.263548 0.624602
vt 0.772791 0.617647
vt 0.774336 0.618090
vt 0.775410 0.618011
vt 0.772961 0.607252
vt 0.688130 0.405698
vt 0.658190 0.572806
vt 0.655751 0.567480
vt 0.698681 0.742932
vt 0.698671 0.737198
vt 0.643798 0.217272
vt 0.641096 0.228936
vt 0.701301 0.754431
vt 0.664722 0.211648
vt 0.662794 0.211701
vt 0.661479 0.211686
vt 0.605990 0.406469
vt 0.604593 0.406166
vt 0.625895 0.267173
vt 0.623570 0.267369
vt 0.608387 0.402178
vt 0.622649 0.191586
vt 0.621582 0.192012
vt 0.512044 0.583936
vt 0.510896 0.583462
vt 0.511903 0.582209
vt 0.508095 0.173162
vt 0.506527 0.172949
vt 0.506265 0.171330
vt 0.508081 0.171330
vt 0.796054 0.209489
vt 0.796332 0.210450
vt 0.794901 0.211297
vt 0.795652 0.208250
vt 0.850794 0.723227
vt 0.849827 0.731888
vt 0.804152 0.031593
vt 0.804762 0.030472
vt 0.805925 0.030408
vt 0.805729 0.032110
vt 0.421183 0.745503
vt 0.423853 0.753905
vt 0.450261 0.316207
vt 0.451782 0.316788
vt 0.448856 0.329157
vt 0.447356 0.328552
vt 0.671501 0.076681
vt 0.673414 0.076188
vt 0.563021 0.666232
vt 0.824694 0.494520
vt 0.825926 0.483881
vt 0.529926 0.780544
vt 0.024417 0.531410
vt 0.440584 0.804911
vt 0.442102 0.804872
vt 0.444724 0.804635
vt 0.769451 0.479077
vt 0.769094 0.490867
vt 0.768528 0.479484
vt 0.761538 0.119666
vt 0.678692 0.545339
vt 0.677905 0.557105
vt 0.677850 0.545564
vt 0.596433 0.325909
vt 0.599733 0.327217
vt 0.595622 0.330895
vt 0.646023 0.211958
vt 0.683291 0.621445
vt 0.681721 0.621383
vt 0.680082 0.621331
vt 0.659086 0.316830
vt 0.659410 0.315249
vt 0.660837 0.316020
vt 0.660096 0.316717
vt 0.659115 0.324779
vt 0.657666 0.324727
vt 0.658052 0.316926
vt 0.658062 0.315463
vt 0.424697 0.572903
vt 0.425496 0.565065
vt 0.426389 0.564804
vt 0.594627 0.545339
vt 0.596031 0.545603
vt 0.595153 0.546688
vt 0.594141 0.546479
vt 0.123428 0.931705
vt 0.124592 0.938212
vt 0.122298 0.938199
vt 0.122298 0.931474
vt 0.484814 0.626080
vt 0.485476 0.625131
vt 0.710427 0.096551
vt 0.709657 0.085856
vt 0.711015 0.086162
vt 0.711586 0.096562
vt 0.709468 0.095662
vt 0.712689 0.085797
vt 0.712663 0.095859
vt 0.509491 0.658949
vt 0.511133 0.658999
vt 0.682917 0.199493
vt 0.437259 0.951448
vt 0.439170 0.951319
vt 0.439308 0.954183
vt 0.437076 0.954328
vt 0.437076 0.948510
vt 0.439004 0.948703
vt 0.011453 0.564114
vt 0.008113 0.563556
vt 0.017335 0.045325
vt 0.452531 0.302181
vt 0.154326 0.147706
vt 0.535326 0.219437
vt 0.534023 0.203589
vt 0.535279 0.203833
vt 0.025588 0.031905
vt 0.452695 0.316582
vt 0.453974 0.302451
vt 0.454654 0.302633
vt 0.308289 0.358125
vt 0.154775 0.144888
vt 0.162117 0.134868
vt 0.037099 0.022042
vt 0.051302 0.013653
vt 0.551285 0.189849
vt 0.556236 0.269633
vt 0.551285 0.271097
vt 0.166757 0.123080
vt 0.061749 0.439779
vt 0.062907 0.454421
vt 0.061510 0.454468
vt 0.066916 0.010094
vt 0.081291 0.007640
vt 0.095508 0.007774
vt 0.109884 0.010555
vt 0.170259 0.087402
vt 0.170259 0.102352
vt 0.164464 0.120451
vt 0.124176 0.015603
vt 0.138536 0.023921
vt 0.160379 0.057174
vt 0.167183 0.071831
vt 0.869080 0.380515
vt 0.870069 0.380435
vt 0.870069 0.396449
vt 0.151103 0.036788
vt 0.234208 0.578889
vt 0.231138 0.579469
vt 0.923467 0.249014
vt 0.923732 0.246185
vt 0.925670 0.245998
vt 0.925378 0.249147
vt 0.925496 0.251762
vt 0.923265 0.251603
vt 0.696504 0.504096
vt 0.694596 0.504331
vt 0.648378 0.406644
vt 0.757651 0.204215
vt 0.758581 0.204541
vt 0.759882 0.204536
vt 0.644546 0.402126
vt 0.240086 0.609894
vt 0.239043 0.610266
vt 0.240651 0.618910
vt 0.287017 0.894918
vt 0.285440 0.894784
vt 0.285098 0.893180
vt 0.286911 0.893089
vt 0.795989 0.200031
vt 0.797821 0.200423
vt 0.371531 0.611952
vt 0.369989 0.612448
vt 0.369521 0.610922
vt 0.370601 0.610503
vt 0.370110 0.591383
vt 0.371531 0.591596
vt 0.855643 0.071741
vt 0.855190 0.070524
vt 0.856147 0.069779
vt 0.856736 0.070707
vt 0.835552 0.263590
vt 0.835485 0.247950
vt 0.836567 0.247505
vt 0.836567 0.263434
vt 0.802796 0.021188
vt 0.804233 0.021225
vt 0.665587 0.261279
vt 0.663651 0.256937
vt 0.684338 0.199421
vt 0.530029 0.778277
vt 0.533772 0.775750
vt 0.585337 0.380435
vt 0.586320 0.380602
vt 0.825724 0.481647
vt 0.664507 0.216438
vt 0.662578 0.216490
vt 0.661584 0.216467
vt 0.605582 0.411393
vt 0.604227 0.411081
vt 0.636561 0.505668
vt 0.635248 0.505341
vt 0.424418 0.564674
vt 0.425086 0.563729
vt 0.873285 0.958948
vt 0.874472 0.958816
vt 0.871730 0.960599
vt 0.871831 0.959697
vt 0.842898 0.495582
vt 0.843879 0.496522
vt 0.842218 0.496968
vt 0.841912 0.495641
vt 0.843429 0.479509
vt 0.844770 0.479076
vt 0.731616 0.568425
vt 0.733070 0.568548
vt 0.132689 0.564656
vt 0.129233 0.566786
vt 0.133972 0.561228
vt 0.410468 0.423760
vt 0.411375 0.427421
vt 0.409930 0.430840
vt 0.409695 0.421224
vt 0.564501 0.661507
vt 0.566613 0.656857
vt 0.681582 0.199273
vt 0.918896 0.317902
vt 0.916641 0.317655
vt 0.916786 0.315249
vt 0.919051 0.315816
vt 0.481144 0.829412
vt 0.480235 0.826700
vt 0.485007 0.825595
vt 0.483644 0.831003
vt 0.796705 0.257037
vt 0.798052 0.257066
vt 0.720301 0.885404
vt 0.717386 0.888924
vt 0.717386 0.886768
vt 0.721310 0.886299
vt 0.720478 0.888752
vt 0.024579 0.566346
vt 0.823931 0.490627
vt 0.825218 0.479076
vt 0.975550 0.836929
vt 0.976477 0.840146
vt 0.975550 0.840421
vt 0.530180 0.775700
vt 0.218468 0.582165
vt 0.746256 0.882987
vt 0.749516 0.883904
vt 0.749516 0.886183
vt 0.746070 0.886552
vt 0.745015 0.884194
vt 0.823701 0.098762
vt 0.827616 0.101938
vt 0.825197 0.103982
vt 0.822557 0.104093
vt 0.925670 0.254123
vt 0.923433 0.253950
vt 0.080600 0.727806
vt 0.084392 0.727762
vt 0.395183 0.382184
vt 0.396182 0.384468
vt 0.497241 0.137363
vt 0.496799 0.133389
vt 0.498704 0.130105
vt 0.059298 0.554031
vt 0.063012 0.553613
vt 0.656284 0.573357
vt 0.660139 0.583935
vt 0.659048 0.583878
vt 0.626085 0.271783
vt 0.623528 0.272370
vt 0.608370 0.407168
vt 0.720977 0.677626
vt 0.719733 0.677497
vt 0.717780 0.677311
vt 0.597089 0.546835
vt 0.596050 0.547219
vt 0.597479 0.555467
vt 0.481901 0.634477
vt 0.505332 0.173133
vt 0.505069 0.171968
vt 0.508052 0.174496
vt 0.506938 0.174283
vt 0.853767 0.071891
vt 0.853742 0.070519
vt 0.450547 0.329420
vt 0.366659 0.663787
vt 0.368075 0.663923
vt 0.365472 0.663820
vt 0.652092 0.074426
vt 0.653650 0.074178
vt 0.734370 0.568331
vt 0.662225 0.245998
vt 0.665176 0.256204
vt 0.684365 0.187182
vt 0.564733 0.656438
vt 0.568156 0.644873
vt 0.645238 0.217769
vt 0.642188 0.228902
vt 0.695453 0.354332
vt 0.695804 0.344948
vt 0.696545 0.355081
vt 0.697192 0.345051
vt 0.697665 0.355376
vt 0.698779 0.344909
vt 0.698628 0.354523
vt 0.854692 0.069112
vt 0.855399 0.069041
vt 0.834677 0.263095
vt 0.833981 0.263246
vt 0.671443 0.071890
vt 0.672969 0.071160
vt 0.409141 0.419717
vt 0.488858 0.829490
vt 0.486358 0.831057
vt 0.903459 0.766397
vt 0.901190 0.766720
vt 0.901070 0.764809
vt 0.903018 0.764164
vt 0.908616 0.219234
vt 0.908730 0.221285
vt 0.906497 0.221028
vt 0.906699 0.218650
vt 0.819904 0.102915
vt 0.818804 0.100242
vt 0.396846 0.386276
vt 0.628040 0.289046
vt 0.626312 0.276672
vt 0.627432 0.276257
vt 0.662209 0.228936
vt 0.607655 0.412008
vt 0.603113 0.423928
vt 0.647266 0.407080
vt 0.634231 0.519913
vt 0.695168 0.518359
vt 0.648750 0.421252
vt 0.757569 0.198439
vt 0.758516 0.198762
vt 0.625463 0.199930
vt 0.623282 0.191127
vt 0.421410 0.572770
vt 0.284256 0.895027
vt 0.283935 0.893877
vt 0.287041 0.896253
vt 0.285917 0.896096
vt 0.872399 0.958828
vt 0.309670 0.648362
vt 0.309016 0.649645
vt 0.308246 0.648632
vt 0.308631 0.647540
vt 0.309186 0.646690
vt 0.310087 0.646807
vt 0.311158 0.647167
vt 0.310969 0.648514
vt 0.508383 0.835098
vt 0.509517 0.835342
vt 0.509371 0.837240
vt 0.508025 0.836754
vt 0.853354 0.230664
vt 0.852025 0.230097
vt 0.853482 0.221095
vt 0.854269 0.230338
vt 0.854792 0.229497
vt 0.844124 0.494905
vt 0.844770 0.495538
vt 0.595952 0.674925
vt 0.597802 0.674149
vt 0.388285 0.676769
vt 0.390008 0.676506
vt 0.675062 0.076511
vt 0.508025 0.658158
vt 0.649887 0.079841
vt 0.650777 0.074107
vt 0.529989 0.560767
vt 0.534687 0.561287
vt 0.563327 0.660851
vt 0.540144 0.561745
vt 0.408391 0.418005
vt 0.796335 0.251837
vt 0.797600 0.251556
vt 0.397426 0.388178
vt 0.497651 0.143174
vt 0.497965 0.148870
vt 0.624065 0.277178
vt 0.759818 0.198757
vt 0.717942 0.683128
vt 0.638921 0.500663
vt 0.638365 0.506196
vt 0.683169 0.626899
vt 0.681920 0.626848
vt 0.680281 0.626796
vt 0.508350 0.591859
vt 0.510194 0.583542
vt 0.484000 0.625836
vt 0.506010 0.174269
vt 0.188077 0.616240
vt 0.186762 0.615413
vt 0.187869 0.614499
vt 0.188890 0.615200
vt 0.308781 0.638518
vt 0.312158 0.639193
vt 0.126926 0.616163
vt 0.129179 0.617253
vt 0.123342 0.624282
vt 0.122298 0.623754
vt 0.853837 0.069422
vt 0.652475 0.068826
vt 0.651160 0.068507
vt 0.667492 0.261189
vt 0.666769 0.256189
vt 0.480462 0.824219
vt 0.481826 0.822421
vt 0.796276 0.246556
vt 0.797223 0.246341
vt 0.401446 0.403147
vt 0.402497 0.406223
vt 0.400506 0.406853
vt 0.399755 0.403669
vt 0.398290 0.400828
vt 0.400392 0.400499
vt 0.828628 0.099642
vt 0.534381 0.219291
vt 0.120025 0.446427
vt 0.120709 0.453962
vt 0.119278 0.454216
vt 0.119465 0.445934
vt 0.243318 0.618627
vt 0.741119 0.254712
vt 0.740207 0.246157
vt 0.741386 0.245998
vt 0.510651 0.835256
vt 0.510997 0.836704
vt 0.720818 0.683411
vt 0.719557 0.683284
vt 0.748396 0.071134
vt 0.746374 0.071114
vt 0.623581 0.205476
vt 0.622210 0.205242
vt 0.511866 0.597070
vt 0.510666 0.597138
vt 0.121924 0.454322
vt 0.121023 0.446388
vt 0.423605 0.564424
vt 0.744093 0.255064
vt 0.742845 0.254819
vt 0.742564 0.246552
vt 0.743249 0.246527
vt 0.284990 0.896128
vt 0.509617 0.825861
vt 0.123972 0.625116
vt 0.617992 0.589360
vt 0.619131 0.589465
vt 0.619038 0.590622
vt 0.617884 0.590514
vt 0.619136 0.591971
vt 0.617531 0.591911
vt 0.619959 0.588913
vt 0.620289 0.590017
vt 0.440584 0.772883
vt 0.441418 0.771207
vt 0.442272 0.771558
vt 0.441864 0.773410
vt 0.616453 0.590199
vt 0.617262 0.589200
vt 0.616255 0.590894
vt 0.618157 0.579682
vt 0.619499 0.579538
vt 0.616975 0.579569
vt 0.819052 0.077623
vt 0.819778 0.077552
vt 0.820551 0.078157
vt 0.819275 0.078568
vt 0.366719 0.658160
vt 0.368135 0.658295
vt 0.365362 0.658465
vt 0.670783 0.067224
vt 0.653897 0.068862
vt 0.511486 0.653986
vt 0.509847 0.653912
vt 0.510203 0.648875
vt 0.511843 0.648948
vt 0.731741 0.562873
vt 0.732764 0.562809
vt 0.544806 0.562044
vt 0.440617 0.801802
vt 0.442135 0.801764
vt 0.010528 0.566292
vt 0.444757 0.801526
vt 0.231927 0.581753
vt 0.498147 0.154092
vt 0.627224 0.288807
vt 0.760096 0.187182
vt 0.834800 0.820396
vt 0.835061 0.819524
vt 0.835932 0.819785
vt 0.835823 0.820939
vt 0.835077 0.821648
vt 0.834079 0.821121
vt 0.836778 0.820030
vt 0.836775 0.820732
vt 0.125009 0.974685
vt 0.124629 0.975518
vt 0.123184 0.975303
vt 0.123666 0.973759
vt 0.834560 0.803699
vt 0.834079 0.802835
vt 0.835844 0.803372
vt 0.645069 0.407657
vt 0.719597 0.702994
vt 0.719396 0.688752
vt 0.720657 0.688880
vt 0.600218 0.554842
vt 0.597735 0.546396
vt 0.154730 0.675265
vt 0.153402 0.683875
vt 0.152804 0.683032
vt 0.818408 0.057804
vt 0.818408 0.077236
vt 0.856736 0.056641
vt 0.347646 0.663860
vt 0.348987 0.663715
vt 0.346464 0.663748
vt 0.595636 0.670226
vt 0.597486 0.669451
vt 0.717505 0.630333
vt 0.718668 0.630467
vt 0.719660 0.630289
vt 0.669407 0.056641
vt 0.672287 0.066518
vt 0.654127 0.056641
vt 0.734065 0.562593
vt 0.663527 0.246034
vt 0.563561 0.655758
vt 0.566828 0.644914
vt 0.919015 0.320836
vt 0.916466 0.320946
vt 0.942058 0.687896
vt 0.942427 0.691105
vt 0.939838 0.691106
vt 0.939813 0.688215
vt 0.717780 0.688596
vt 0.683390 0.631721
vt 0.681820 0.631659
vt 0.680181 0.631607
vt 0.285770 0.902154
vt 0.283935 0.901791
vt 0.850608 0.220127
vt 0.182555 0.603794
vt 0.712494 0.505561
vt 0.714288 0.504987
vt 0.716625 0.514008
vt 0.715537 0.514376
vt 0.820422 0.076768
vt 0.821019 0.077104
vt 0.848691 0.718963
vt 0.850584 0.718918
vt 0.212242 0.848457
vt 0.213924 0.848923
vt 0.390191 0.672137
vt 0.674638 0.071459
vt 0.508378 0.653145
vt 0.014188 0.566830
vt 0.023033 0.576412
vt 0.025128 0.570461
vt 0.221220 0.591581
vt 0.228536 0.582329
vt 0.218071 0.586345
vt 0.366476 0.827107
vt 0.365995 0.843394
vt 0.365362 0.842758
vt 0.365410 0.827213
vt 0.123235 0.976585
vt 0.122298 0.975859
vt 0.122298 0.974844
vt 0.846929 0.332724
vt 0.846902 0.315249
vt 0.847859 0.315681
vt 0.847859 0.332754
vt 0.835387 0.802523
vt 0.365362 0.826251
vt 0.366695 0.825833
vt 0.978885 0.870041
vt 0.979020 0.869044
vt 0.980678 0.869092
vt 0.980279 0.870458
vt 0.532740 0.219262
vt 0.714729 0.547066
vt 0.714514 0.545339
vt 0.716269 0.545860
vt 0.715730 0.546887
vt 0.714715 0.555304
vt 0.713113 0.555065
vt 0.715973 0.554252
vt 0.713704 0.547230
vt 0.713336 0.545923
vt 0.796334 0.227896
vt 0.794553 0.227540
vt 0.794668 0.226577
vt 0.795826 0.226577
vt 0.564040 0.593704
vt 0.566711 0.602090
vt 0.565067 0.601780
vt 0.563021 0.593528
vt 0.655445 0.479632
vt 0.655994 0.487318
vt 0.654541 0.487343
vt 0.654268 0.479076
vt 0.512589 0.825481
vt 0.443363 0.772921
vt 0.443620 0.773908
vt 0.442102 0.774422
vt 0.443373 0.771882
vt 0.779406 0.147535
vt 0.779937 0.146374
vt 0.780948 0.146472
vt 0.780870 0.148183
vt 0.832867 0.262272
vt 0.834544 0.247720
vt 0.833356 0.263060
vt 0.420954 0.741028
vt 0.422991 0.740970
vt 0.599466 0.674475
vt 0.366778 0.652532
vt 0.368194 0.652668
vt 0.365592 0.652565
vt 0.143363 0.554486
vt 0.143177 0.554225
vt 0.509127 0.647879
vt 0.513599 0.637365
vt 0.903508 0.768962
vt 0.901214 0.768968
vt 0.720529 0.890703
vt 0.717829 0.891398
vt 0.908794 0.223580
vt 0.906565 0.223643
vt 0.749241 0.888749
vt 0.746220 0.888502
vt 0.514636 0.546373
vt 0.514315 0.546373
vt 0.514315 0.534828
vt 0.514636 0.534828
vt 0.508025 0.597334
vt 0.774404 0.729269
vt 0.772675 0.729359
vt 0.241354 0.624212
vt 0.239722 0.623540
vt 0.238977 0.618249
vt 0.795972 0.229677
vt 0.794476 0.229161
vt 0.180670 0.603939
vt 0.185864 0.615549
vt 0.156872 0.675466
vt 0.154180 0.684305
vt 0.818971 0.058648
vt 0.153937 0.984654
vt 0.153937 0.986305
vt 0.152804 0.985142
vt 0.152943 0.983904
vt 0.834819 0.246467
vt 0.835902 0.245998
vt 0.595320 0.665528
vt 0.596857 0.664822
vt 0.861820 0.291262
vt 0.861820 0.281429
vt 0.867612 0.283299
vt 0.132309 0.811975
vt 0.132309 0.823362
vt 0.122298 0.817551
vt 0.137473 0.566181
vt 0.135997 0.568201
vt 0.415827 0.425864
vt 0.415531 0.428486
vt 0.042993 0.802423
vt 0.053149 0.807948
vt 0.042993 0.814174
vt 0.415560 0.439775
vt 0.731550 0.557416
vt 0.732583 0.557367
vt 0.733587 0.557275
vt 0.827396 0.095343
vt 0.828628 0.097311
vt 0.492635 0.130918
vt 0.495084 0.119599
vt 0.757395 0.808761
vt 0.747381 0.814603
vt 0.747381 0.802955
vt 0.491936 0.133449
vt 0.077859 0.723974
vt 0.079951 0.722982
vt 0.077821 0.730092
vt 0.668695 0.801144
vt 0.668695 0.813287
vt 0.658620 0.807615
vt 0.509136 0.852521
vt 0.514133 0.862280
vt 0.508025 0.862280
vt 0.680689 0.636446
vt 0.682007 0.636487
vt 0.682171 0.648730
vt 0.892866 0.479076
vt 0.893715 0.491424
vt 0.892866 0.491974
vt 0.124883 0.976393
vt 0.367429 0.827729
vt 0.366577 0.843730
vt 0.792869 0.685177
vt 0.792978 0.684274
vt 0.794133 0.684184
vt 0.793969 0.685538
vt 0.793554 0.686617
vt 0.792282 0.686014
vt 0.795009 0.684281
vt 0.795337 0.685233
vt 0.976203 0.516478
vt 0.975949 0.517634
vt 0.974175 0.517502
vt 0.974632 0.515939
vt 0.791851 0.683900
vt 0.794372 0.669030
vt 0.795445 0.669381
vt 0.748370 0.076483
vt 0.746348 0.076463
vt 0.511891 0.602506
vt 0.510692 0.602574
vt 0.625816 0.205342
vt 0.659303 0.329905
vt 0.657855 0.329853
vt 0.598242 0.560760
vt 0.596602 0.560107
vt 0.595798 0.554825
vt 0.484422 0.640008
vt 0.481444 0.639820
vt 0.643693 0.608567
vt 0.642627 0.608144
vt 0.643362 0.607252
vt 0.644593 0.608333
vt 0.642670 0.616129
vt 0.777165 0.137393
vt 0.778734 0.137040
vt 0.991388 0.248191
vt 0.990833 0.246712
vt 0.991388 0.245998
vt 0.821194 0.057940
vt 0.386816 0.676004
vt 0.388630 0.671779
vt 0.390536 0.667148
vt 0.732058 0.545339
vt 0.403221 0.402531
vt 0.404272 0.405606
vt 0.402168 0.399882
vt 0.846027 0.331656
vt 0.845889 0.332886
vt 0.845278 0.332161
vt 0.683256 0.636537
vt 0.623580 0.210833
vt 0.622209 0.210599
vt 0.368286 0.826428
vt 0.423852 0.578288
vt 0.420604 0.578186
vt 0.564842 0.592604
vt 0.565938 0.593801
vt 0.565225 0.594285
vt 0.598988 0.640003
vt 0.597657 0.631954
vt 0.600278 0.630722
vt 0.644727 0.287483
vt 0.644502 0.286345
vt 0.645639 0.286120
vt 0.646091 0.287030
vt 0.645392 0.288617
vt 0.645694 0.275830
vt 0.080514 0.654109
vt 0.083061 0.645278
vt 0.080805 0.655048
vt 0.863122 0.616824
vt 0.864486 0.617009
vt 0.863697 0.618769
vt 0.862492 0.617693
vt 0.085055 0.645908
vt 0.081953 0.655311
vt 0.643321 0.287923
vt 0.643566 0.286335
vt 0.644200 0.288826
vt 0.643834 0.275815
vt 0.443721 0.762650
vt 0.445447 0.762743
vt 0.347673 0.658125
vt 0.349014 0.657979
vt 0.346491 0.658012
vt 0.594141 0.655283
vt 0.368566 0.640425
vt 0.368330 0.828052
vt 0.367502 0.843049
vt 0.863140 0.328382
vt 0.865479 0.315249
vt 0.863709 0.329234
vt 0.044787 0.844539
vt 0.045766 0.842384
vt 0.046557 0.842940
vt 0.045986 0.844893
vt 0.044930 0.845806
vt 0.043634 0.844747
vt 0.792301 0.669005
vt 0.925074 0.056641
vt 0.925074 0.066592
vt 0.924063 0.066444
vt 0.978885 0.868085
vt 0.980145 0.867543
vt 0.865554 0.617464
vt 0.865281 0.618889
vt 0.795934 0.195847
vt 0.848230 0.714784
vt 0.849953 0.714465
vt 0.820491 0.056865
vt 0.819566 0.056642
vt 0.710051 0.079951
vt 0.711234 0.079987
vt 0.712638 0.079798
vt 0.599079 0.669464
vt 0.717142 0.624777
vt 0.718441 0.624477
vt 0.719583 0.624584
vt 0.670764 0.057015
vt 0.673880 0.066505
vt 0.717054 0.619058
vt 0.719061 0.618730
vt 0.718068 0.618907
vt 0.717394 0.607252
vt 0.512186 0.637707
vt 0.865479 0.328723
vt 0.864760 0.329620
vt 0.845916 0.315495
vt 0.356698 0.007640
vt 0.354934 0.061402
vt 0.339740 0.007907
vt 0.795491 0.230710
vt 0.794333 0.230710
vt 0.793269 0.229107
vt 0.793256 0.227931
vt 0.868970 0.725523
vt 0.867961 0.724679
vt 0.868933 0.723955
vt 0.869644 0.724611
vt 0.868212 0.715059
vt 0.326514 0.936104
vt 0.327506 0.927756
vt 0.327506 0.936346
vt 0.624922 0.165436
vt 0.625351 0.154705
vt 0.626279 0.165570
vt 0.624076 0.164907
vt 0.623981 0.154560
vt 0.626930 0.154611
vt 0.627273 0.164754
vt 0.421132 0.736319
vt 0.423072 0.736567
vt 0.387161 0.671014
vt 0.388894 0.667100
vt 0.387817 0.666106
vt 0.392270 0.655635
vt 0.719886 0.618944
vt 0.976203 0.518508
vt 0.974328 0.519088
vt 0.844090 0.025751
vt 0.844859 0.025060
vt 0.845693 0.025506
vt 0.845643 0.026214
vt 0.748354 0.081841
vt 0.746332 0.081821
vt 0.512228 0.607870
vt 0.511029 0.607938
vt 0.844274 0.007640
vt 0.844991 0.008381
vt 0.843805 0.009211
vt 0.843338 0.008610
vt 0.508118 0.603082
vt 0.243593 0.624170
vt 0.863993 0.615832
vt 0.865151 0.615812
vt 0.862492 0.608001
vt 0.083190 0.654865
vt 0.867823 0.726386
vt 0.866957 0.725257
vt 0.802643 0.016466
vt 0.804524 0.016422
vt 0.441131 0.789702
vt 0.442626 0.790370
vt 0.445199 0.790519
vt 0.044550 0.841983
vt 0.045120 0.829454
vt 0.623268 0.216122
vt 0.621897 0.215888
vt 0.625750 0.211013
vt 0.600906 0.560447
vt 0.568945 0.601951
vt 0.820504 0.058049
vt 0.833988 0.247221
vt 0.347715 0.652391
vt 0.349306 0.652448
vt 0.346330 0.652529
vt 0.598450 0.664834
vt 0.845693 0.007668
vt 0.774622 0.734421
vt 0.772893 0.734511
vt 0.241171 0.629262
vt 0.239539 0.628591
vt 0.484546 0.645162
vt 0.481683 0.645315
vt 0.639452 0.616209
vt 0.641612 0.608282
vt 0.793517 0.230068
vt 0.866500 0.726677
vt 0.866074 0.725450
vt 0.793256 0.188053
vt 0.794705 0.187182
vt 0.795453 0.191488
vt 0.794003 0.192359
vt 0.132170 0.569808
vt 0.414376 0.422356
vt 0.530203 0.556549
vt 0.534860 0.557098
vt 0.413492 0.419518
vt 0.412606 0.417108
vt 0.410765 0.416128
vt 0.540317 0.557556
vt 0.919051 0.323349
vt 0.916492 0.323754
vt 0.490222 0.824534
vt 0.490222 0.827241
vt 0.545298 0.557869
vt 0.483644 0.821077
vt 0.486144 0.820863
vt 0.488643 0.822004
vt 0.903459 0.771542
vt 0.901190 0.771223
vt 0.720956 0.892906
vt 0.718363 0.893959
vt 0.025958 0.574505
vt 0.405325 0.401774
vt 0.406376 0.404850
vt 0.404272 0.399126
vt 0.749064 0.891309
vt 0.746023 0.890745
vt 0.217305 0.590527
vt 0.908786 0.225773
vt 0.906560 0.226157
vt 0.493960 0.154492
vt 0.493773 0.148951
vt 0.818408 0.097695
vt 0.820036 0.095218
vt 0.825329 0.093954
vt 0.822294 0.093848
vt 0.493459 0.143255
vt 0.942379 0.694006
vt 0.939813 0.693682
vt 0.401198 0.386077
vt 0.400353 0.387808
vt 0.493017 0.137405
vt 0.400311 0.383666
vt 0.399091 0.380780
vt 0.084386 0.723582
vt 0.514112 0.622085
vt 0.746150 0.096307
vt 0.659223 0.335184
vt 0.657775 0.335132
vt 0.598116 0.565813
vt 0.596745 0.565247
vt 0.532380 0.203584
vt 0.120817 0.459672
vt 0.119151 0.459525
vt 0.121797 0.459631
vt 0.690342 0.056641
vt 0.691373 0.056841
vt 0.691087 0.065103
vt 0.155359 0.856970
vt 0.156254 0.857420
vt 0.155587 0.858562
vt 0.154678 0.858108
vt 0.155077 0.859911
vt 0.153500 0.859234
vt 0.156907 0.857639
vt 0.156894 0.858544
vt 0.846343 0.170195
vt 0.846729 0.171633
vt 0.844898 0.171617
vt 0.845210 0.169952
vt 0.153513 0.857419
vt 0.154436 0.856513
vt 0.152804 0.857639
vt 0.155799 0.849397
vt 0.599940 0.154024
vt 0.603148 0.146722
vt 0.600677 0.154714
vt 0.866035 0.616003
vt 0.695794 0.339086
vt 0.797946 0.195857
vt 0.797464 0.191499
vt 0.421827 0.732109
vt 0.423364 0.732567
vt 0.709707 0.074102
vt 0.710890 0.074138
vt 0.712294 0.073949
vt 0.595513 0.655656
vt 0.711938 0.068087
vt 0.710533 0.068277
vt 0.709468 0.056641
vt 0.390861 0.655955
vt 0.619651 0.229278
vt 0.508835 0.608687
vt 0.423668 0.583550
vt 0.420493 0.583759
vt 0.604199 0.147240
vt 0.601561 0.154978
vt 0.154422 0.849394
vt 0.910897 0.893270
vt 0.913104 0.894043
vt 0.910897 0.902729
vt 0.866074 0.714465
vt 0.696970 0.338949
vt 0.698317 0.339020
vt 0.889451 0.057271
vt 0.891198 0.066664
vt 0.889451 0.066517
vt 0.348202 0.640425
vt 0.425247 0.722545
vt 0.975139 0.519491
vt 0.077821 0.828096
vt 0.080706 0.842846
vt 0.079245 0.844559
vt 0.077821 0.844198
vt 0.042993 0.844452
vt 0.043718 0.842339
vt 0.042993 0.834040
vt 0.744162 0.260414
vt 0.743084 0.260601
vt 0.694188 0.066100
vt 0.692818 0.065329
vt 0.692074 0.057597
vt 0.693056 0.057780
vt 0.887118 0.391559
vt 0.885349 0.383618
vt 0.887404 0.383509
vt 0.888025 0.391389
vt 0.866644 0.616407
vt 0.866495 0.617268
vt 0.618221 0.574396
vt 0.619562 0.574252
vt 0.616804 0.574084
vt 0.803491 0.011913
vt 0.804937 0.011999
vt 0.774986 0.739874
vt 0.773257 0.739964
vt 0.240601 0.634544
vt 0.238968 0.633873
vt 0.485056 0.650547
vt 0.482233 0.650730
vt 0.324610 0.011946
vt 0.752956 0.316680
vt 0.752747 0.315249
vt 0.754352 0.315317
vt 0.753933 0.316400
vt 0.027419 0.682432
vt 0.026941 0.681536
vt 0.027419 0.680495
vt 0.753350 0.324799
vt 0.751954 0.316948
vt 0.751635 0.315951
vt 0.751926 0.324997
vt 0.602083 0.155483
vt 0.610619 0.092275
vt 0.611307 0.091568
vt 0.612784 0.092184
vt 0.611830 0.093430
vt 0.611799 0.090347
vt 0.613094 0.090499
vt 0.908766 0.527580
vt 0.907891 0.527683
vt 0.907891 0.515939
vt 0.155392 0.671283
vt 0.157442 0.671154
vt 0.709526 0.068510
vt 0.081521 0.834205
vt 0.243719 0.629301
vt 0.716099 0.559953
vt 0.714828 0.560294
vt 0.713367 0.560329
vt 0.567226 0.607615
vt 0.565582 0.607306
vt 0.657475 0.493347
vt 0.656227 0.493101
vt 0.657394 0.487993
vt 0.790383 0.958344
vt 0.788587 0.958818
vt 0.788508 0.957852
vt 0.789416 0.957395
vt 0.509012 0.689991
vt 0.511329 0.698484
vt 0.509676 0.697968
vt 0.508025 0.689860
vt 0.790383 0.960162
vt 0.789041 0.960180
vt 0.606637 0.147130
vt 0.602725 0.155596
vt 0.847475 0.170078
vt 0.848115 0.170847
vt 0.609013 0.083184
vt 0.864706 0.607252
vt 0.711985 0.501085
vt 0.714015 0.500899
vt 0.796395 0.187321
vt 0.119263 0.470934
vt 0.121909 0.471040
vt 0.121924 0.485476
vt 0.625060 0.216549
vt 0.119224 0.465231
vt 0.120564 0.465286
vt 0.659581 0.340627
vt 0.657718 0.340427
vt 0.660770 0.334766
vt 0.660837 0.340344
vt 0.600974 0.565899
vt 0.121870 0.465338
vt 0.642013 0.621450
vt 0.639108 0.621463
vt 0.741341 0.260491
vt 0.741335 0.188196
vt 0.740290 0.187722
vt 0.741116 0.187182
vt 0.742245 0.188005
vt 0.740621 0.195629
vt 0.905100 0.415997
vt 0.904099 0.406300
vt 0.905554 0.405674
vt 0.905554 0.416660
vt 0.775262 0.744334
vt 0.773533 0.744424
vt 0.239688 0.638722
vt 0.238055 0.638051
vt 0.485921 0.654812
vt 0.483173 0.655306
vt 0.424105 0.588659
vt 0.421003 0.589178
vt 0.793319 0.662960
vt 0.793722 0.661402
vt 0.794781 0.662221
vt 0.794419 0.663322
vt 0.659122 0.881563
vt 0.660441 0.882077
vt 0.659585 0.883222
vt 0.658620 0.882755
vt 0.795445 0.662059
vt 0.792390 0.662840
vt 0.792261 0.661667
vt 0.791291 0.669325
vt 0.654485 0.492989
vt 0.845937 0.160962
vt 0.848213 0.160667
vt 0.698671 0.637785
vt 0.700284 0.637951
vt 0.700763 0.648485
vt 0.699841 0.648516
vt 0.695758 0.333203
vt 0.696920 0.333055
vt 0.804187 0.007640
vt 0.805925 0.007925
vt 0.903339 0.773812
vt 0.901070 0.773171
vt 0.408003 0.400834
vt 0.409110 0.403846
vt 0.409967 0.408186
vt 0.407309 0.407436
vt 0.407006 0.398122
vt 0.403432 0.396892
vt 0.404982 0.394629
vt 0.908719 0.227568
vt 0.906497 0.228272
vt 0.775538 0.748794
vt 0.773809 0.748884
vt 0.238774 0.642900
vt 0.237142 0.642229
vt 0.486786 0.659077
vt 0.484038 0.659571
vt 0.213314 0.972266
vt 0.211690 0.972266
vt 0.211898 0.970431
vt 0.213522 0.970431
vt 0.509749 0.688845
vt 0.510913 0.689977
vt 0.509913 0.690453
vt 0.309498 0.634234
vt 0.312875 0.634909
vt 0.127373 0.612537
vt 0.129738 0.612776
vt 0.618017 0.568461
vt 0.619608 0.568519
vt 0.616647 0.568600
vt 0.698054 0.332885
vt 0.890558 0.056641
vt 0.892491 0.065668
vt 0.420493 0.730967
vt 0.423920 0.722489
vt 0.834255 0.922798
vt 0.836857 0.922892
vt 0.836663 0.924838
vt 0.834079 0.924741
vt 0.691710 0.922942
vt 0.691504 0.920718
vt 0.694106 0.920613
vt 0.694294 0.922840
vt 0.243149 0.634583
vt 0.480474 0.646160
vt 0.480235 0.640665
vt 0.214040 0.973235
vt 0.213096 0.973583
vt 0.214417 0.972139
vt 0.346808 0.862197
vt 0.345280 0.857066
vt 0.346322 0.857201
vt 0.347182 0.856928
vt 0.790136 0.961284
vt 0.789001 0.961514
vt 0.605835 0.083199
vt 0.716875 0.352675
vt 0.715198 0.353145
vt 0.715384 0.351798
vt 0.716794 0.351518
vt 0.616255 0.640088
vt 0.619166 0.635156
vt 0.617731 0.640242
vt 0.616500 0.641063
vt 0.854242 0.901253
vt 0.855598 0.902196
vt 0.854435 0.902993
vt 0.853086 0.902019
vt 0.853086 0.900239
vt 0.853787 0.899471
vt 0.716240 0.345672
vt 0.717776 0.346092
vt 0.714060 0.352759
vt 0.714456 0.351671
vt 0.715045 0.345737
vt 0.643791 0.270341
vt 0.645423 0.270583
vt 0.083307 0.640886
vt 0.085252 0.641151
vt 0.155366 0.667203
vt 0.157299 0.666775
vt 0.712099 0.496787
vt 0.714054 0.496888
vt 0.412204 0.413564
vt 0.403233 0.389161
vt 0.238093 0.824945
vt 0.237200 0.825119
vt 0.236759 0.824048
vt 0.238098 0.823786
vt 0.239341 0.824281
vt 0.239070 0.825245
vt 0.236312 0.823034
vt 0.237831 0.822506
vt 0.978996 0.919278
vt 0.980690 0.919634
vt 0.980691 0.920851
vt 0.979086 0.920971
vt 0.239357 0.837643
vt 0.236393 0.825753
vt 0.235771 0.824963
vt 0.865009 0.165427
vt 0.864963 0.167061
vt 0.863494 0.166710
vt 0.863942 0.165316
vt 0.236321 0.837584
vt 0.659693 0.345505
vt 0.657965 0.345597
vt 0.597874 0.571188
vt 0.597161 0.575786
vt 0.595872 0.575199
vt 0.596544 0.570612
vt 0.424813 0.593659
vt 0.422022 0.594102
vt 0.600422 0.571198
vt 0.716261 0.565677
vt 0.714990 0.566018
vt 0.713529 0.566053
vt 0.660412 0.884031
vt 0.658620 0.889206
vt 0.661468 0.883577
vt 0.787867 0.960382
vt 0.787393 0.959460
vt 0.574812 0.156976
vt 0.574812 0.148547
vt 0.576384 0.148881
vt 0.575930 0.157279
vt 0.640807 0.350421
vt 0.640669 0.348762
vt 0.641775 0.348415
vt 0.642386 0.349505
vt 0.453497 0.287080
vt 0.454940 0.287350
vt 0.851929 0.216597
vt 0.854792 0.217981
vt 0.443572 0.758162
vt 0.445280 0.758280
vt 0.776818 0.132403
vt 0.778559 0.132518
vt 0.917226 0.156236
vt 0.915360 0.164966
vt 0.916517 0.155478
vt 0.566803 0.612941
vt 0.565160 0.612632
vt 0.791495 0.675309
vt 0.513236 0.698168
vt 0.947098 0.967939
vt 0.946050 0.968341
vt 0.946050 0.962622
vt 0.617874 0.562980
vt 0.619216 0.562836
vt 0.616255 0.562917
vt 0.695453 0.327512
vt 0.696629 0.327374
vt 0.697550 0.326964
vt 0.770243 0.872755
vt 0.769083 0.872919
vt 0.770903 0.862388
vt 0.770903 0.872021
vt 0.866546 0.155280
vt 0.866009 0.165590
vt 0.915360 0.155281
vt 0.594141 0.587130
vt 0.658054 0.358928
vt 0.426389 0.606456
vt 0.425339 0.606593
vt 0.242116 0.639082
vt 0.533414 0.190190
vt 0.534597 0.190746
vt 0.660544 0.889548
vt 0.101654 0.875475
vt 0.102195 0.882578
vt 0.099707 0.882221
vt 0.099707 0.875548
vt 0.642397 0.626915
vt 0.639179 0.626995
vt 0.742982 0.266233
vt 0.741103 0.265699
vt 0.657385 0.498984
vt 0.656137 0.498737
vt 0.661650 0.881733
vt 0.662130 0.883089
vt 0.211923 0.973643
vt 0.737756 0.195538
vt 0.739269 0.187812
vt 0.788074 0.961503
vt 0.509025 0.805892
vt 0.508209 0.801019
vt 0.510394 0.801356
vt 0.511244 0.805870
vt 0.154897 0.662972
vt 0.156976 0.662810
vt 0.712447 0.492877
vt 0.714402 0.492978
vt 0.696193 0.315249
vt 0.390951 0.723547
vt 0.394887 0.706570
vt 0.401123 0.705863
vt 0.533363 0.741742
vt 0.541487 0.760419
vt 0.529926 0.760419
vt 0.140336 0.570515
vt 0.706453 0.456032
vt 0.704323 0.438811
vt 0.712701 0.456740
vt 0.846623 0.586168
vt 0.846571 0.580974
vt 0.848405 0.581665
vt 0.344640 0.841179
vt 0.343036 0.830621
vt 0.349759 0.830102
vt 0.349759 0.841648
vt 0.531555 0.903624
vt 0.529926 0.897622
vt 0.535578 0.897622
vt 0.009761 0.945834
vt 0.009761 0.951996
vt 0.007640 0.951102
vt 0.122298 0.838642
vt 0.129421 0.838642
vt 0.126017 0.844191
vt 0.078140 0.718463
vt 0.241203 0.643260
vt 0.716269 0.571119
vt 0.714999 0.571460
vt 0.713538 0.571496
vt 0.480984 0.651544
vt 0.855383 0.900127
vt 0.856057 0.900840
vt 0.854470 0.899248
vt 0.620440 0.635712
vt 0.618947 0.640859
vt 0.637784 0.342377
vt 0.639776 0.342203
vt 0.508025 0.821552
vt 0.510996 0.821172
vt 0.309712 0.628746
vt 0.313330 0.629219
vt 0.127027 0.607822
vt 0.129253 0.607771
vt 0.643549 0.264647
vt 0.645395 0.264659
vt 0.646702 0.264645
vt 0.646944 0.270338
vt 0.617746 0.557502
vt 0.619087 0.557358
vt 0.530538 0.552242
vt 0.535155 0.552820
vt 0.135890 0.572267
vt 0.417315 0.418208
vt 0.418114 0.421141
vt 0.850598 0.584803
vt 0.852337 0.580545
vt 0.416570 0.415640
vt 0.540572 0.553309
vt 0.415795 0.413531
vt 0.546469 0.553693
vt 0.836680 0.919983
vt 0.834079 0.919889
vt 0.834125 0.917325
vt 0.836418 0.917085
vt 0.489753 0.155492
vt 0.489518 0.148954
vt 0.694234 0.915134
vt 0.694294 0.918038
vt 0.691693 0.918143
vt 0.691941 0.914906
vt 0.489172 0.143220
vt 0.404134 0.382357
vt 0.405162 0.384609
vt 0.405937 0.386718
vt 0.488698 0.137331
vt 0.402829 0.379565
vt 0.486620 0.134922
vt 0.082455 0.719402
vt 0.866486 0.166488
vt 0.866546 0.167515
vt 0.865078 0.168404
vt 0.979889 0.918010
vt 0.980691 0.918511
vt 0.599635 0.576108
vt 0.566069 0.618200
vt 0.564802 0.617643
vt 0.345902 0.867096
vt 0.343969 0.862544
vt 0.348533 0.867162
vt 0.654394 0.498625
vt 0.563021 0.696340
vt 0.564022 0.696596
vt 0.564107 0.705775
vt 0.639539 0.349974
vt 0.639635 0.348756
vt 0.832091 0.734307
vt 0.830801 0.734686
vt 0.831042 0.733817
vt 0.831866 0.733315
vt 0.832949 0.715310
vt 0.832949 0.734507
vt 0.963846 0.965747
vt 0.965437 0.965976
vt 0.965193 0.967200
vt 0.963834 0.966715
vt 0.831517 0.715429
vt 0.832286 0.679021
vt 0.831469 0.678012
vt 0.832434 0.677753
vt 0.832944 0.678369
vt 0.830134 0.733587
vt 0.456263 0.287355
vt 0.087203 0.640184
vt 0.087112 0.645243
vt 0.625360 0.148598
vt 0.626939 0.148505
vt 0.154249 0.659155
vt 0.156300 0.659025
vt 0.715143 0.488809
vt 0.616328 0.557189
vt 0.618020 0.545339
vt 0.642717 0.632066
vt 0.639876 0.632392
vt 0.344331 0.857524
vt 0.566487 0.706163
vt 0.565281 0.705760
vt 0.564691 0.697400
vt 0.565373 0.697462
vt 0.182077 0.599293
vt 0.182742 0.594589
vt 0.185078 0.596118
vt 0.184414 0.600822
vt 0.624181 0.148691
vt 0.442797 0.753904
vt 0.444809 0.753920
vt 0.777362 0.127850
vt 0.779103 0.127966
vt 0.152804 0.650180
vt 0.153849 0.649451
vt 0.713188 0.488708
vt 0.715297 0.479105
vt 0.716625 0.479076
vt 0.139759 0.573830
vt 0.412116 0.402766
vt 0.413031 0.405145
vt 0.415914 0.407541
vt 0.411837 0.410605
vt 0.409154 0.394600
vt 0.410012 0.397042
vt 0.409933 0.391272
vt 0.404748 0.391324
vt 0.768268 0.872190
vt 0.767442 0.865062
vt 0.595194 0.587328
vt 0.563021 0.629593
vt 0.714680 0.585090
vt 0.481849 0.655810
vt 0.531846 0.189849
vt 0.690923 0.070883
vt 0.569460 0.607476
vt 0.753371 0.330570
vt 0.751947 0.330767
vt 0.511499 0.703585
vt 0.509847 0.703068
vt 0.740454 0.200911
vt 0.737904 0.200767
vt 0.663305 0.889803
vt 0.857660 0.838367
vt 0.856773 0.838250
vt 0.855991 0.837209
vt 0.857380 0.836929
vt 0.693884 0.071437
vt 0.692499 0.071390
vt 0.621858 0.635927
vt 0.619525 0.640693
vt 0.843941 0.282465
vt 0.845313 0.282637
vt 0.844649 0.299416
vt 0.843941 0.299513
vt 0.963845 0.964842
vt 0.965210 0.964391
vt 0.831167 0.679787
vt 0.830376 0.678821
vt 0.636259 0.342895
vt 0.832079 0.661402
vt 0.832944 0.661734
vt 0.614467 0.848682
vt 0.614467 0.863806
vt 0.612327 0.857228
vt 0.158640 0.143040
vt 0.508025 0.796256
vt 0.510233 0.796637
vt 0.643321 0.258958
vt 0.644939 0.259196
vt 0.646247 0.258728
vt 0.410896 0.399879
vt 0.743165 0.280906
vt 0.741643 0.280528
vt 0.742253 0.276194
vt 0.743485 0.276435
vt 0.742573 0.271723
vt 0.740694 0.271189
vt 0.657261 0.504611
vt 0.656014 0.504364
vt 0.309743 0.623010
vt 0.313557 0.623737
vt 0.126076 0.603412
vt 0.128164 0.603072
vt 0.844812 0.281429
vt 0.832411 0.714465
vt 0.854614 0.982588
vt 0.853286 0.982782
vt 0.853085 0.981420
vt 0.854668 0.981420
vt 0.644032 0.245998
vt 0.597046 0.849633
vt 0.596884 0.863065
vt 0.596455 0.848875
vt 0.644593 0.645082
vt 0.643138 0.644662
vt 0.104369 0.876814
vt 0.855719 0.844848
vt 0.853907 0.844578
vt 0.857660 0.845315
vt 0.640403 0.698936
vt 0.639108 0.693536
vt 0.641370 0.699248
vt 0.853514 0.894150
vt 0.855567 0.893903
vt 0.640471 0.693337
vt 0.642665 0.698599
vt 0.845301 0.298679
vt 0.963834 0.963998
vt 0.964971 0.963321
vt 0.154138 0.847332
vt 0.155061 0.847335
vt 0.156183 0.847102
vt 0.156907 0.849615
vt 0.180487 0.599565
vt 0.183830 0.589720
vt 0.186166 0.591248
vt 0.084816 0.636633
vt 0.086689 0.635332
vt 0.441738 0.749725
vt 0.443731 0.749766
vt 0.508179 0.791592
vt 0.510387 0.791972
vt 0.778198 0.123427
vt 0.779951 0.123592
vt 0.418772 0.411012
vt 0.409800 0.386608
vt 0.594141 0.849003
vt 0.595105 0.848682
vt 0.594141 0.857897
vt 0.569286 0.613183
vt 0.568551 0.618442
vt 0.690571 0.076933
vt 0.654271 0.504252
vt 0.966329 0.964260
vt 0.966557 0.965845
vt 0.641734 0.692673
vt 0.830916 0.676952
vt 0.829834 0.677402
vt 0.885606 0.381644
vt 0.887048 0.381827
vt 0.594147 0.620277
vt 0.595934 0.620816
vt 0.596360 0.626451
vt 0.594377 0.626166
vt 0.700307 0.631846
vt 0.701388 0.631541
vt 0.701582 0.637409
vt 0.309024 0.617868
vt 0.312466 0.619694
vt 0.124825 0.599633
vt 0.126938 0.599259
vt 0.510005 0.782000
vt 0.511244 0.782173
vt 0.080514 0.621415
vt 0.081693 0.621031
vt 0.085649 0.631022
vt 0.083972 0.631916
vt 0.740527 0.276088
vt 0.656952 0.509801
vt 0.655566 0.509844
vt 0.753851 0.336429
vt 0.752428 0.336627
vt 0.511307 0.708955
vt 0.509695 0.708424
vt 0.740613 0.206421
vt 0.738064 0.206277
vt 0.604935 0.144611
vt 0.604168 0.144669
vt 0.846225 0.282926
vt 0.846539 0.298600
vt 0.717353 0.341900
vt 0.716000 0.341728
vt 0.831113 0.661661
vt 0.854263 0.983538
vt 0.853147 0.983904
vt 0.832803 0.764424
vt 0.830977 0.765552
vt 0.830556 0.764918
vt 0.831768 0.764164
vt 0.185532 0.585200
vt 0.187587 0.586651
vt 0.311120 0.615846
vt 0.123549 0.595887
vt 0.125661 0.595513
vt 0.624368 0.142811
vt 0.625783 0.142503
vt 0.627113 0.142614
vt 0.440584 0.746255
vt 0.779195 0.119424
vt 0.780948 0.119589
vt 0.655059 0.522786
vt 0.654268 0.509584
vt 0.740207 0.280559
vt 0.564481 0.629206
vt 0.344530 0.059858
vt 0.311217 0.020398
vt 0.513406 0.703268
vt 0.693688 0.077206
vt 0.692303 0.077159
vt 0.619167 0.631295
vt 0.620745 0.631753
vt 0.599727 0.625801
vt 0.698694 0.631680
vt 0.308246 0.613177
vt 0.310029 0.611803
vt 0.187116 0.581021
vt 0.188890 0.582393
vt 0.122298 0.592108
vt 0.124410 0.591734
vt 0.625985 0.119424
vt 0.627172 0.131001
vt 0.624866 0.131231
vt 0.157406 0.657584
vt 0.625943 0.136600
vt 0.624528 0.136908
vt 0.158470 0.661584
vt 0.711785 0.487653
vt 0.706362 0.382248
vt 0.705588 0.381026
vt 0.707096 0.380435
vt 0.707414 0.381762
vt 0.707876 0.391193
vt 0.706382 0.391785
vt 0.708268 0.381549
vt 0.287445 0.693124
vt 0.288171 0.692637
vt 0.289046 0.701709
vt 0.705569 0.382902
vt 0.704872 0.382121
vt 0.214152 0.933296
vt 0.212739 0.925964
vt 0.214034 0.926491
vt 0.389781 0.866629
vt 0.388213 0.866527
vt 0.387917 0.865465
vt 0.389331 0.865314
vt 0.601335 0.171984
vt 0.600821 0.173525
vt 0.600034 0.173655
vt 0.599940 0.171921
vt 0.856968 0.850797
vt 0.343036 0.867162
vt 0.104921 0.883612
vt 0.443024 0.694090
vt 0.442864 0.692730
vt 0.444234 0.692587
vt 0.444129 0.693742
vt 0.443712 0.703813
vt 0.442140 0.704207
vt 0.445019 0.693642
vt 0.464013 0.863467
vt 0.462947 0.863157
vt 0.463859 0.861569
vt 0.464383 0.862351
vt 0.871634 0.127460
vt 0.871282 0.120465
vt 0.872187 0.120248
vt 0.442140 0.694634
vt 0.100433 0.965382
vt 0.101584 0.966617
vt 0.100951 0.967054
vt 0.099707 0.966568
vt 0.462070 0.861066
vt 0.462412 0.859883
vt 0.463899 0.860489
vt 0.830556 0.783138
vt 0.831202 0.782777
vt 0.832103 0.783727
vt 0.830998 0.784183
vt 0.832632 0.782916
vt 0.833314 0.782973
vt 0.833142 0.784391
vt 0.662666 0.715756
vt 0.661577 0.714983
vt 0.662962 0.714144
vt 0.663620 0.715099
vt 0.664426 0.714743
vt 0.663771 0.724621
vt 0.663575 0.713372
vt 0.661996 0.716535
vt 0.660759 0.716064
vt 0.660862 0.714035
vt 0.661949 0.713077
vt 0.593151 0.299889
vt 0.591265 0.299889
vt 0.592570 0.298950
vt 0.063175 0.439430
vt 0.060302 0.427294
vt 0.061728 0.426945
vt 0.754163 0.342030
vt 0.752753 0.342235
vt 0.510886 0.713944
vt 0.509274 0.713413
vt 0.741356 0.211511
vt 0.738855 0.211683
vt 0.389637 0.868229
vt 0.388664 0.868483
vt 0.906255 0.245998
vt 0.907466 0.254600
vt 0.905405 0.255293
vt 0.905405 0.246391
vt 0.461460 0.862551
vt 0.454977 0.273673
vt 0.456420 0.273942
vt 0.714805 0.341794
vt 0.637412 0.338289
vt 0.639332 0.338467
vt 0.594141 0.614569
vt 0.596124 0.614854
vt 0.829108 0.677567
vt 0.830068 0.661793
vt 0.832882 0.765602
vt 0.831383 0.766179
vt 0.700064 0.625506
vt 0.701164 0.625655
vt 0.627273 0.136711
vt 0.700062 0.619828
vt 0.698671 0.619869
vt 0.700120 0.607252
vt 0.701163 0.619977
vt 0.661624 0.724802
vt 0.370845 0.699754
vt 0.369829 0.699710
vt 0.370029 0.698036
vt 0.371411 0.698233
vt 0.754352 0.352003
vt 0.563881 0.733518
vt 0.563021 0.732574
vt 0.566017 0.723791
vt 0.742245 0.220943
vt 0.870282 0.120335
vt 0.870996 0.119424
vt 0.607329 0.080150
vt 0.608933 0.080473
vt 0.622163 0.631967
vt 0.715381 0.337282
vt 0.716987 0.337257
vt 0.619097 0.627099
vt 0.620371 0.627655
vt 0.714439 0.337150
vt 0.180857 0.594735
vt 0.239348 0.838845
vt 0.235771 0.839614
vt 0.770379 0.861255
vt 0.591884 0.297823
vt 0.593315 0.297374
vt 0.593814 0.298289
vt 0.153846 0.699586
vt 0.156884 0.709657
vt 0.154463 0.709659
vt 0.152804 0.699627
vt 0.509178 0.721781
vt 0.508025 0.722011
vt 0.693460 0.082964
vt 0.692074 0.082917
vt 0.512899 0.708589
vt 0.101677 0.964718
vt 0.102119 0.965822
vt 0.907158 0.246326
vt 0.566637 0.711978
vt 0.565447 0.711582
vt 0.832275 0.782309
vt 0.606539 0.144169
vt 0.128582 0.597864
vt 0.129933 0.601286
vt 0.698687 0.625557
vt 0.590575 0.298307
vt 0.691419 0.095824
vt 0.690342 0.082691
vt 0.602764 0.172772
vt 0.601735 0.173814
vt 0.291022 0.701772
vt 0.289113 0.692832
vt 0.601893 0.170877
vt 0.603227 0.171972
vt 0.211690 0.933055
vt 0.211690 0.926026
vt 0.099707 0.964269
vt 0.101223 0.963741
vt 0.127042 0.594221
vt 0.530934 0.548516
vt 0.535511 0.549124
vt 0.419903 0.414848
vt 0.848509 0.588436
vt 0.422955 0.413943
vt 0.421223 0.420173
vt 0.540927 0.549612
vt 0.547741 0.550068
vt 0.415168 0.401861
vt 0.417417 0.407001
vt 0.697060 0.866393
vt 0.697060 0.874749
vt 0.692703 0.868125
vt 0.027712 0.577849
vt 0.413948 0.398975
vt 0.413064 0.396137
vt 0.411436 0.390732
vt 0.487076 0.156049
vt 0.487471 0.148855
vt 0.691605 0.872333
vt 0.691504 0.869765
vt 0.215942 0.593089
vt 0.487828 0.143180
vt 0.408273 0.383214
vt 0.487557 0.140037
vt 0.237085 0.951272
vt 0.235771 0.953700
vt 0.235771 0.946633
vt 0.079039 0.713919
vt 0.080205 0.715866
vt 0.082854 0.712264
vt 0.085746 0.715800
vt 0.659940 0.724513
vt 0.368012 0.708701
vt 0.368684 0.698036
vt 0.368400 0.697067
vt 0.369966 0.696669
vt 0.064731 0.439791
vt 0.063354 0.426993
vt 0.387491 0.868428
vt 0.386816 0.867338
vt 0.869006 0.127324
vt 0.462236 0.864288
vt 0.461051 0.863578
vt 0.564273 0.711597
vt 0.457743 0.273948
vt 0.845064 0.158907
vt 0.846239 0.157855
vt 0.637441 0.333984
vt 0.639360 0.334162
vt 0.599555 0.620363
vt 0.715086 0.332194
vt 0.716693 0.332168
vt 0.618650 0.622666
vt 0.619924 0.623223
vt 0.714145 0.332062
vt 0.182227 0.589943
vt 0.125502 0.590577
vt 0.591544 0.296501
vt 0.592446 0.296489
vt 0.154984 0.700262
vt 0.943381 0.844542
vt 0.941973 0.838890
vt 0.943381 0.836929
vt 0.921968 0.661402
vt 0.921968 0.669298
vt 0.919001 0.667280
vt 0.368726 0.699358
vt 0.512478 0.713579
vt 0.102735 0.964405
vt 0.102918 0.965247
vt 0.930050 0.918183
vt 0.930770 0.918010
vt 0.930770 0.928053
vt 0.907984 0.246949
vt 0.566343 0.717891
vt 0.564963 0.717759
vt 0.460728 0.862336
vt 0.460797 0.861324
vt 0.623667 0.631901
vt 0.623361 0.635861
vt 0.622122 0.627741
vt 0.703531 0.121029
vt 0.702462 0.120229
vt 0.703868 0.119424
vt 0.704501 0.120395
vt 0.705024 0.130170
vt 0.703633 0.130973
vt 0.705330 0.120058
vt 0.215942 0.608813
vt 0.216696 0.608370
vt 0.217936 0.618774
vt 0.702843 0.121791
vt 0.701913 0.121416
vt 0.658620 0.972767
vt 0.660273 0.972930
vt 0.660711 0.973596
vt 0.659152 0.974103
vt 0.426404 0.623862
vt 0.424933 0.623264
vt 0.424905 0.621874
vt 0.426377 0.622472
vt 0.603227 0.174013
vt 0.602775 0.174522
vt 0.290270 0.693710
vt 0.389781 0.877122
vt 0.635888 0.338807
vt 0.716354 0.327537
vt 0.717469 0.327437
vt 0.717751 0.332520
vt 0.715001 0.327365
vt 0.183929 0.585424
vt 0.185513 0.581245
vt 0.143363 0.575297
vt 0.340916 0.127317
vt 0.338765 0.109325
vt 0.350250 0.110654
vt 0.386816 0.705863
vt 0.698352 0.456740
vt 0.846571 0.591828
vt 0.129039 0.849086
vt 0.719820 0.939278
vt 0.717386 0.939278
vt 0.717638 0.932751
vt 0.718980 0.932880
vt 0.425779 0.625341
vt 0.424697 0.624976
vt 0.590909 0.296749
vt 0.564097 0.723312
vt 0.326790 0.699417
vt 0.327971 0.699358
vt 0.326909 0.700608
vt 0.460728 0.871525
vt 0.621574 0.623003
vt 0.637923 0.329062
vt 0.639769 0.329592
vt 0.714060 0.327233
vt 0.715361 0.315249
vt 0.775170 0.664323
vt 0.776010 0.661402
vt 0.775837 0.664438
vt 0.775169 0.669994
vt 0.774503 0.669879
vt 0.729375 0.056923
vt 0.728860 0.058462
vt 0.727969 0.058283
vt 0.728027 0.056641
vt 0.444063 0.709485
vt 0.442492 0.709879
vt 0.445447 0.703606
vt 0.445347 0.709326
vt 0.564233 0.717677
vt 0.329359 0.701149
vt 0.328667 0.701300
vt 0.328573 0.700132
vt 0.329507 0.699773
vt 0.599279 0.614450
vt 0.659115 0.971421
vt 0.660485 0.971939
vt 0.219707 0.618549
vt 0.217654 0.608610
vt 0.064492 0.454481
vt 0.155538 0.700465
vt 0.158637 0.710238
vt 0.105831 0.731837
vt 0.105179 0.732823
vt 0.104051 0.732560
vt 0.104890 0.731161
vt 0.106290 0.733055
vt 0.299054 0.031912
vt 0.730085 0.057993
vt 0.730869 0.068433
vt 0.729238 0.067692
vt 0.872187 0.131778
vt 0.869596 0.131674
vt 0.327569 0.700931
vt 0.604982 0.079777
vt 0.606247 0.079267
vt 0.623828 0.627271
vt 0.619174 0.618889
vt 0.620824 0.618669
vt 0.638929 0.324623
vt 0.640394 0.325417
vt 0.419883 0.408587
vt 0.412129 0.387498
vt 0.774336 0.676785
vt 0.773608 0.676985
vt 0.423276 0.623299
vt 0.423639 0.622142
vt 0.422696 0.634413
vt 0.423674 0.624877
vt 0.365641 0.708636
vt 0.367901 0.698852
vt 0.087203 0.670592
vt 0.085938 0.673315
vt 0.082666 0.673593
vt 0.082672 0.670611
vt 0.183168 0.783348
vt 0.182970 0.778169
vt 0.185708 0.778374
vt 0.078899 0.673861
vt 0.769947 0.957398
vt 0.769463 0.960333
vt 0.767442 0.961242
vt 0.767442 0.956479
vt 0.708065 0.396985
vt 0.706465 0.397135
vt 0.291012 0.706488
vt 0.289007 0.706437
vt 0.239643 0.789555
vt 0.237482 0.790482
vt 0.237750 0.786187
vt 0.239905 0.785235
vt 0.442420 0.715605
vt 0.443977 0.715208
vt 0.812739 0.718851
vt 0.812791 0.723194
vt 0.810996 0.723981
vt 0.810943 0.719638
vt 0.290462 0.694114
vt 0.292848 0.702187
vt 0.935052 0.315249
vt 0.935052 0.324951
vt 0.934331 0.315362
vt 0.345136 0.930507
vt 0.345275 0.937691
vt 0.343036 0.937691
vt 0.344827 0.930712
vt 0.330035 0.710928
vt 0.328284 0.710745
vt 0.575355 0.145226
vt 0.576926 0.145560
vt 0.848049 0.157962
vt 0.639453 0.689384
vt 0.640573 0.689002
vt 0.641820 0.688330
vt 0.635590 0.334366
vt 0.596512 0.610679
vt 0.599750 0.609119
vt 0.641228 0.315249
vt 0.642386 0.315955
vt 0.597605 0.606644
vt 0.598697 0.602609
vt 0.600278 0.604240
vt 0.342605 0.069640
vt 0.291101 0.045862
vt 0.103327 0.732471
vt 0.103210 0.742087
vt 0.443891 0.720931
vt 0.442536 0.721077
vt 0.445261 0.715049
vt 0.445189 0.720775
vt 0.345919 0.957197
vt 0.343036 0.957596
vt 0.343357 0.953367
vt 0.345919 0.952971
vt 0.870112 0.583665
vt 0.867617 0.583181
vt 0.867617 0.578823
vt 0.870402 0.579651
vt 0.728079 0.067691
vt 0.327115 0.710816
vt 0.773710 0.685154
vt 0.772981 0.685354
vt 0.660027 0.970177
vt 0.660711 0.970701
vt 0.218757 0.609554
vt 0.104244 0.742079
vt 0.106060 0.742371
vt 0.869686 0.591828
vt 0.444040 0.730974
vt 0.812526 0.727496
vt 0.811645 0.734883
vt 0.810943 0.735725
vt 0.708268 0.402778
vt 0.706669 0.402928
vt 0.290659 0.711151
vt 0.288654 0.711100
vt 0.239725 0.794138
vt 0.237564 0.795066
vt 0.844898 0.155842
vt 0.846963 0.155280
vt 0.623309 0.622504
vt 0.154243 0.783495
vt 0.153405 0.782684
vt 0.154864 0.781977
vt 0.155312 0.783047
vt 0.156305 0.782920
vt 0.155692 0.792057
vt 0.154369 0.792128
vt 0.259255 0.973382
vt 0.258833 0.975018
vt 0.258081 0.975060
vt 0.257864 0.973409
vt 0.258091 0.972191
vt 0.259482 0.972164
vt 0.153731 0.784385
vt 0.152804 0.783898
vt 0.869025 0.591014
vt 0.708197 0.408403
vt 0.706598 0.408553
vt 0.290027 0.715447
vt 0.288272 0.715775
vt 0.239814 0.798745
vt 0.237936 0.799298
vt 0.814455 0.715426
vt 0.814853 0.719798
vt 0.812368 0.714465
vt 0.604972 0.076015
vt 0.606955 0.075458
vt 0.636072 0.329445
vt 0.659431 0.761539
vt 0.662564 0.771537
vt 0.660813 0.771883
vt 0.658620 0.762361
vt 0.776319 0.774225
vt 0.774471 0.774737
vt 0.777560 0.766308
vt 0.778545 0.766342
vt 0.776480 0.765892
vt 0.776750 0.764164
vt 0.778215 0.764823
vt 0.736773 0.607761
vt 0.736027 0.609212
vt 0.735167 0.608877
vt 0.735478 0.607252
vt 0.707888 0.419927
vt 0.288363 0.725358
vt 0.287445 0.725441
vt 0.239905 0.807226
vt 0.238932 0.807071
vt 0.975061 0.190709
vt 0.973409 0.190034
vt 0.972818 0.187297
vt 0.975061 0.187182
vt 0.080859 0.675569
vt 0.873047 0.230664
vt 0.870072 0.227117
vt 0.873047 0.218650
vt 0.457075 0.261840
vt 0.605150 0.134122
vt 0.607088 0.133252
vt 0.608700 0.138734
vt 0.607191 0.139754
vt 0.639661 0.684332
vt 0.640765 0.683943
vt 0.641838 0.683538
vt 0.622588 0.618139
vt 0.641764 0.672301
vt 0.640372 0.660516
vt 0.641238 0.660363
vt 0.642843 0.672315
vt 0.351962 0.113800
vt 0.354017 0.108824
vt 0.356698 0.109168
vt 0.334876 0.106608
vt 0.339328 0.105483
vt 0.336329 0.111991
vt 0.539253 0.545670
vt 0.541151 0.547575
vt 0.535987 0.545339
vt 0.421991 0.410345
vt 0.543661 0.547716
vt 0.333078 0.092514
vt 0.336458 0.092871
vt 0.332924 0.098289
vt 0.329544 0.097932
vt 0.330666 0.100309
vt 0.775047 0.689848
vt 0.774319 0.690048
vt 0.334722 0.089467
vt 0.338103 0.089824
vt 0.337158 0.086800
vt 0.333777 0.086443
vt 0.334912 0.081037
vt 0.331531 0.080680
vt 0.333243 0.077946
vt 0.412798 0.385340
vt 0.338740 0.073063
vt 0.336571 0.078306
vt 0.335464 0.076245
vt 0.086005 0.712221
vt 0.341409 0.067902
vt 0.661259 0.729887
vt 0.663406 0.729706
vt 0.157207 0.714689
vt 0.154786 0.714690
vt 0.326799 0.727752
vt 0.329224 0.728269
vt 0.326902 0.736861
vt 0.814336 0.728097
vt 0.814588 0.724099
vt 0.606158 0.070937
vt 0.608310 0.070797
vt 0.603417 0.129032
vt 0.605214 0.127874
vt 0.637151 0.324654
vt 0.260483 0.974074
vt 0.259753 0.975060
vt 0.925931 0.837785
vt 0.926692 0.836929
vt 0.926692 0.847145
vt 0.660314 0.762040
vt 0.063959 0.468505
vt 0.062563 0.468551
vt 0.219235 0.610052
vt 0.221475 0.619082
vt 0.737727 0.609092
vt 0.737293 0.609678
vt 0.423109 0.625300
vt 0.292774 0.707217
vt 0.575934 0.140976
vt 0.577927 0.141794
vt 0.607740 0.065593
vt 0.609779 0.065794
vt 0.601918 0.124586
vt 0.603139 0.123706
vt 0.639983 0.672584
vt 0.639108 0.661180
vt 0.260749 0.972837
vt 0.730701 0.073984
vt 0.729425 0.073778
vt 0.329758 0.716870
vt 0.328007 0.716688
vt 0.609800 0.060836
vt 0.611430 0.061256
vt 0.599940 0.120061
vt 0.600611 0.119424
vt 0.612068 0.056641
vt 0.613094 0.056766
vt 0.619034 0.608661
vt 0.639671 0.673552
vt 0.775451 0.765744
vt 0.775477 0.764399
vt 0.736927 0.618918
vt 0.735216 0.618263
vt 0.420563 0.633881
vt 0.422536 0.624377
vt 0.738199 0.440839
vt 0.735244 0.442265
vt 0.731906 0.438265
vt 0.734625 0.437228
vt 0.180818 0.783339
vt 0.292107 0.711815
vt 0.458440 0.261798
vt 0.639769 0.678817
vt 0.640873 0.678427
vt 0.641946 0.678022
vt 0.291440 0.716414
vt 0.729488 0.095998
vt 0.727969 0.085542
vt 0.729842 0.085455
vt 0.938635 0.669201
vt 0.937248 0.661819
vt 0.938635 0.661402
vt 0.212401 0.781991
vt 0.214816 0.787172
vt 0.212503 0.786301
vt 0.211690 0.784414
vt 0.235854 0.794193
vt 0.235771 0.789610
vt 0.329723 0.722604
vt 0.327958 0.722410
vt 0.725409 0.417848
vt 0.724837 0.417008
vt 0.726074 0.416656
vt 0.724713 0.419008
vt 0.723976 0.417561
vt 0.726770 0.416779
vt 0.726801 0.418094
vt 0.480250 0.967739
vt 0.481863 0.967960
vt 0.481577 0.969566
vt 0.480235 0.969227
vt 0.726739 0.407367
vt 0.772675 0.774103
vt 0.065233 0.468492
vt 0.705294 0.135920
vt 0.703874 0.136004
vt 0.220176 0.623849
vt 0.218404 0.624073
vt 0.702043 0.135973
vt 0.701942 0.130645
vt 0.663548 0.735325
vt 0.661400 0.735506
vt 0.156795 0.720133
vt 0.154465 0.719827
vt 0.659874 0.729718
vt 0.660016 0.735337
vt 0.367722 0.713637
vt 0.365362 0.713594
vt 0.236613 0.799057
vt 0.326838 0.716758
vt 0.660860 0.696062
vt 0.661605 0.696950
vt 0.660303 0.697796
vt 0.659874 0.696531
vt 0.660720 0.687239
vt 0.662521 0.687611
vt 0.578181 0.135224
vt 0.579690 0.136466
vt 0.584659 0.120151
vt 0.582771 0.124827
vt 0.581895 0.124312
vt 0.584026 0.119424
vt 0.972289 0.383413
vt 0.973184 0.380435
vt 0.973184 0.385846
vt 0.335659 0.100850
vt 0.332409 0.102762
vt 0.776010 0.694794
vt 0.775282 0.694993
vt 0.664426 0.771631
vt 0.660977 0.761571
vt 0.809086 0.617019
vt 0.808849 0.607252
vt 0.810251 0.607616
vt 0.284588 0.058998
vt 0.080817 0.678857
vt 0.077821 0.677279
vt 0.083987 0.674584
vt 0.083680 0.677497
vt 0.480924 0.966357
vt 0.481958 0.966152
vt 0.677038 0.517164
vt 0.675564 0.516468
vt 0.676651 0.515285
vt 0.677548 0.515648
vt 0.724678 0.407245
vt 0.723549 0.417308
vt 0.681410 0.171622
vt 0.681410 0.170638
vt 0.681754 0.171270
vt 0.810849 0.608817
vt 0.810726 0.616984
vt 0.326790 0.722481
vt 0.182927 0.787118
vt 0.180487 0.786801
vt 0.727998 0.073955
vt 0.483270 0.968006
vt 0.483270 0.969467
vt 0.459842 0.262115
vt 0.580204 0.129220
vt 0.581259 0.130430
vt 0.103960 0.678327
vt 0.103018 0.677240
vt 0.104401 0.676421
vt 0.104922 0.677682
vt 0.105178 0.687619
vt 0.103934 0.688139
vt 0.182072 0.962979
vt 0.181711 0.961629
vt 0.183697 0.962685
vt 0.105747 0.677336
vt 0.681410 0.119927
vt 0.682126 0.119424
vt 0.683166 0.129849
vt 0.103279 0.679097
vt 0.102483 0.678433
vt 0.535444 0.642416
vt 0.533713 0.641784
vt 0.533839 0.640689
vt 0.535206 0.641082
vt 0.534708 0.643843
vt 0.533719 0.643735
vt 0.664017 0.741060
vt 0.661869 0.741241
vt 0.155949 0.724778
vt 0.153559 0.724769
vt 0.660484 0.741071
vt 0.212933 0.789312
vt 0.084153 0.681540
vt 0.081541 0.683280
vt 0.079045 0.682461
vt 0.662596 0.697510
vt 0.183335 0.961974
vt 0.705312 0.141539
vt 0.703878 0.141625
vt 0.702188 0.141296
vt 0.664426 0.746078
vt 0.662278 0.746258
vt 0.154797 0.729330
vt 0.152804 0.729105
vt 0.371411 0.726941
vt 0.369983 0.727757
vt 0.369144 0.723528
vt 0.370561 0.722689
vt 0.727984 0.079748
vt 0.729422 0.079584
vt 0.085127 0.686342
vt 0.082579 0.687767
vt 0.080269 0.687643
vt 0.674711 0.515068
vt 0.675761 0.514563
vt 0.676004 0.505455
vt 0.219604 0.629219
vt 0.217915 0.629133
vt 0.368129 0.718682
vt 0.365758 0.718617
vt 0.085850 0.690765
vt 0.083931 0.692319
vt 0.081872 0.692575
vt 0.482955 0.966746
vt 0.724899 0.402158
vt 0.726651 0.402367
vt 0.660630 0.682326
vt 0.662394 0.682379
vt 0.344887 0.107745
vt 0.350813 0.106812
vt 0.356089 0.105172
vt 0.356336 0.105531
vt 0.337488 0.096205
vt 0.341095 0.090148
vt 0.338923 0.083746
vt 0.861311 0.479076
vt 0.860682 0.485334
vt 0.860050 0.485235
vt 0.044456 0.717294
vt 0.043638 0.716462
vt 0.044801 0.715724
vt 0.045221 0.716805
vt 0.045768 0.725279
vt 0.044375 0.725630
vt 0.043548 0.590430
vt 0.046072 0.600191
vt 0.042993 0.590967
vt 0.045973 0.716319
vt 0.043907 0.718175
vt 0.042993 0.717666
vt 0.446632 0.599742
vt 0.448378 0.591799
vt 0.449363 0.591771
vt 0.388221 0.963359
vt 0.389543 0.962967
vt 0.389962 0.963545
vt 0.389023 0.964495
vt 0.449244 0.590185
vt 0.447761 0.589666
vt 0.447750 0.588542
vt 0.449253 0.589105
vt 0.154766 0.805307
vt 0.154634 0.804299
vt 0.155326 0.804106
vt 0.155773 0.805175
vt 0.659520 0.783247
vt 0.660057 0.783989
vt 0.658620 0.784397
vt 0.156305 0.803983
vt 0.326872 0.976636
vt 0.326100 0.975725
vt 0.327523 0.975540
vt 0.327652 0.976150
vt 0.660625 0.784428
vt 0.659696 0.785590
vt 0.153599 0.804439
vt 0.154032 0.795359
vt 0.155416 0.794973
vt 0.154301 0.805886
vt 0.662556 0.775117
vt 0.661240 0.774895
vt 0.776065 0.777543
vt 0.774208 0.778032
vt 0.280181 0.073035
vt 0.182352 0.960027
vt 0.183657 0.961013
vt 0.684913 0.129483
vt 0.683100 0.119587
vt 0.533761 0.652072
vt 0.531688 0.653199
vt 0.422236 0.639314
vt 0.420493 0.639015
vt 0.087203 0.695317
vt 0.085663 0.696621
vt 0.083919 0.696941
vt 0.215151 0.791091
vt 0.212640 0.793108
vt 0.739307 0.443944
vt 0.734938 0.446363
vt 0.183887 0.791673
vt 0.181059 0.791160
vt 0.724946 0.396451
vt 0.726688 0.396651
vt 0.660819 0.676716
vt 0.662266 0.676803
vt 0.044348 0.590008
vt 0.048156 0.600133
vt 0.447283 0.591476
vt 0.064615 0.482991
vt 0.063218 0.483037
vt 0.705330 0.147159
vt 0.703896 0.147244
vt 0.219114 0.634279
vt 0.217425 0.634193
vt 0.425013 0.648065
vt 0.423257 0.648935
vt 0.422712 0.643980
vt 0.424459 0.643087
vt 0.180487 0.961430
vt 0.181129 0.959829
vt 0.103552 0.747538
vt 0.102483 0.747487
vt 0.158869 0.715578
vt 0.158150 0.720930
vt 0.214887 0.794875
vt 0.214244 0.799202
vt 0.212283 0.797509
vt 0.738523 0.448804
vt 0.734305 0.450506
vt 0.106290 0.747521
vt 0.104577 0.747515
vt 0.184847 0.796228
vt 0.182239 0.795317
vt 0.237679 0.732803
vt 0.238072 0.731571
vt 0.239069 0.731530
vt 0.238967 0.732849
vt 0.674145 0.505365
vt 0.169823 0.112640
vt 0.813272 0.765146
vt 0.813073 0.764164
vt 0.814414 0.764272
vt 0.814279 0.765290
vt 0.815122 0.786317
vt 0.813857 0.786547
vt 0.815276 0.765422
vt 0.815034 0.381694
vt 0.816067 0.381689
vt 0.814992 0.402489
vt 0.813301 0.662772
vt 0.812314 0.662189
vt 0.812825 0.661402
vt 0.813827 0.662304
vt 0.812362 0.765613
vt 0.724461 0.391230
vt 0.724471 0.386550
vt 0.725837 0.386549
vt 0.725827 0.391229
vt 0.676623 0.484966
vt 0.676910 0.479148
vt 0.677548 0.479206
vt 0.726095 0.380435
vt 0.777360 0.787925
vt 0.777038 0.786428
vt 0.778293 0.786148
vt 0.778545 0.787332
vt 0.325904 0.974315
vt 0.326782 0.974533
vt 0.532706 0.643558
vt 0.532113 0.642008
vt 0.366773 0.723463
vt 0.211690 0.805682
vt 0.211958 0.801608
vt 0.185708 0.800453
vt 0.183329 0.799167
vt 0.664321 0.687479
vt 0.663090 0.697195
vt 0.674216 0.500045
vt 0.676042 0.500453
vt 0.814992 0.380449
vt 0.816383 0.380435
vt 0.973523 0.786114
vt 0.971943 0.785827
vt 0.971933 0.784371
vt 0.973513 0.784659
vt 0.660654 0.670822
vt 0.661749 0.670967
vt 0.387799 0.962108
vt 0.389294 0.961985
vt 0.045296 0.590285
vt 0.341130 0.090146
vt 0.704833 0.158860
vt 0.908995 0.479076
vt 0.909842 0.490280
vt 0.908995 0.490831
vt 0.215942 0.644860
vt 0.426404 0.657874
vt 0.425419 0.657865
vt 0.183075 0.959213
vt 0.183697 0.959810
vt 0.931549 0.031301
vt 0.932289 0.031299
vt 0.932289 0.041278
vt 0.684247 0.120452
vt 0.368230 0.727516
vt 0.944118 0.123732
vt 0.943045 0.123662
vt 0.943045 0.119424
vt 0.944941 0.120488
vt 0.236552 0.732138
vt 0.237164 0.731304
vt 0.458852 0.250895
vt 0.460180 0.250495
vt 0.674320 0.494408
vt 0.676146 0.494816
vt 0.813827 0.683799
vt 0.813254 0.683911
vt 0.659874 0.661039
vt 0.660862 0.660913
vt 0.386816 0.964029
vt 0.386894 0.962407
vt 0.661540 0.784626
vt 0.660897 0.785863
vt 0.735169 0.624371
vt 0.221861 0.624692
vt 0.221290 0.630062
vt 0.157214 0.725883
vt 0.927755 0.545339
vt 0.929641 0.552133
vt 0.927755 0.553788
vt 0.919024 0.764164
vt 0.921694 0.772145
vt 0.918788 0.772145
vt 0.235862 0.722205
vt 0.236911 0.722169
vt 0.238016 0.721820
vt 0.238961 0.721773
vt 0.664230 0.682223
vt 0.973348 0.787223
vt 0.971911 0.787223
vt 0.674737 0.489159
vt 0.676271 0.489580
vt 0.444821 0.600371
vt 0.446168 0.591108
vt 0.446406 0.589652
vt 0.663756 0.775390
vt 0.155754 0.730343
vt 0.420735 0.644071
vt 0.815276 0.787243
vt 0.461422 0.975501
vt 0.463013 0.975730
vt 0.462769 0.976954
vt 0.461859 0.976953
vt 0.817025 0.381721
vt 0.815736 0.402775
vt 0.062240 0.715724
vt 0.062240 0.736890
vt 0.061253 0.736759
vt 0.460728 0.974883
vt 0.461421 0.974143
vt 0.460950 0.976046
vt 0.664065 0.676328
vt 0.817634 0.381441
vt 0.675380 0.484532
vt 0.676564 0.479076
vt 0.387757 0.960744
vt 0.388640 0.960930
vt 0.027042 0.874840
vt 0.027669 0.874666
vt 0.027669 0.883672
vt 0.046425 0.590975
vt 0.326857 0.973100
vt 0.327652 0.973761
vt 0.776018 0.786303
vt 0.773502 0.777836
vt 0.220520 0.635028
vt 0.751554 0.545729
vt 0.751491 0.547192
vt 0.749928 0.546817
vt 0.749982 0.545339
vt 0.531793 0.643990
vt 0.531678 0.643335
vt 0.529926 0.652474
vt 0.737031 0.624586
vt 0.105712 0.753282
vt 0.104413 0.753463
vt 0.812299 0.683366
vt 0.811751 0.663220
vt 0.810726 0.663199
vt 0.810969 0.662187
vt 0.970895 0.785911
vt 0.970740 0.784886
vt 0.663267 0.670845
vt 0.661144 0.660903
vt 0.238764 0.700613
vt 0.237493 0.700569
vt 0.236373 0.694901
vt 0.236754 0.694680
vt 0.908442 0.062325
vt 0.908783 0.062261
vt 0.907772 0.068159
vt 0.345341 0.104545
vt 0.339911 0.101323
vt 0.340445 0.096532
vt 0.860680 0.491832
vt 0.105556 0.693361
vt 0.104015 0.693758
vt 0.533932 0.657077
vt 0.531805 0.657888
vt 0.421600 0.648970
vt 0.733194 0.455411
vt 0.736224 0.458302
vt 0.733927 0.463796
vt 0.731906 0.462310
vt 0.103379 0.753472
vt 0.463013 0.973919
vt 0.816467 0.402117
vt 0.817698 0.402500
vt 0.816677 0.403449
vt 0.812272 0.684847
vt 0.811303 0.683983
vt 0.461582 0.250812
vt 0.237887 0.705034
vt 0.236132 0.705200
vt 0.386816 0.961022
vt 0.808849 0.630854
vt 0.809659 0.630034
vt 0.810978 0.630053
vt 0.810062 0.631883
vt 0.734552 0.316830
vt 0.733650 0.316340
vt 0.734848 0.315249
vt 0.735302 0.316316
vt 0.736007 0.325695
vt 0.734626 0.326090
vt 0.787548 0.979349
vt 0.787393 0.977919
vt 0.789200 0.979317
vt 0.736354 0.315867
vt 0.386816 0.603590
vt 0.387533 0.603091
vt 0.388675 0.613655
vt 0.733986 0.318039
vt 0.733056 0.317558
vt 0.632717 0.068313
vt 0.633622 0.060158
vt 0.634607 0.060198
vt 0.634285 0.058676
vt 0.632833 0.058032
vt 0.632850 0.056641
vt 0.634302 0.057286
vt 0.618012 0.317128
vt 0.617205 0.316286
vt 0.618449 0.315249
vt 0.618856 0.316335
vt 0.619716 0.326191
vt 0.618260 0.326834
vt 0.619854 0.316245
vt 0.583187 0.057563
vt 0.583908 0.056699
vt 0.585442 0.067416
vt 0.617466 0.317998
vt 0.616558 0.317478
vt 0.162930 0.561390
vt 0.163955 0.552850
vt 0.164930 0.552989
vt 0.970791 0.283150
vt 0.971574 0.284285
vt 0.971397 0.285106
vt 0.969960 0.284265
vt 0.164763 0.551443
vt 0.163384 0.550655
vt 0.163535 0.549250
vt 0.164920 0.550061
vt 0.685118 0.134927
vt 0.683112 0.134919
vt 0.216864 0.644832
vt 0.672756 0.505440
vt 0.672827 0.500120
vt 0.971022 0.786896
vt 0.861311 0.491931
vt 0.340480 0.096530
vt 0.278679 0.087719
vt 0.757395 0.715609
vt 0.756851 0.716095
vt 0.756012 0.715297
vt 0.756472 0.714465
vt 0.809292 0.620921
vt 0.811245 0.620817
vt 0.788956 0.978558
vt 0.811615 0.621029
vt 0.632612 0.060049
vt 0.162960 0.552640
vt 0.736561 0.646987
vt 0.735167 0.636060
vt 0.737199 0.635864
vt 0.105652 0.698978
vt 0.104096 0.699377
vt 0.534103 0.662082
vt 0.532293 0.662839
vt 0.686633 0.130201
vt 0.684763 0.120911
vt 0.750335 0.556622
vt 0.751898 0.556997
vt 0.752040 0.547655
vt 0.103084 0.759090
vt 0.105116 0.759013
vt 0.104277 0.764112
vt 0.102658 0.764377
vt 0.737412 0.453709
vt 0.814753 0.246272
vt 0.815769 0.246088
vt 0.814725 0.267374
vt 0.673250 0.494512
vt 0.239069 0.705387
vt 0.684721 0.139951
vt 0.682715 0.139943
vt 0.737125 0.630240
vt 0.735386 0.630303
vt 0.815879 0.268510
vt 0.816713 0.267326
vt 0.817587 0.267782
vt 0.817081 0.268694
vt 0.815759 0.267190
vt 0.814855 0.268376
vt 0.235771 0.716817
vt 0.236820 0.716781
vt 0.817387 0.245998
vt 0.817587 0.246997
vt 0.816695 0.246542
vt 0.237906 0.710733
vt 0.238869 0.710688
vt 0.442669 0.599922
vt 0.445619 0.591552
vt 0.788245 0.976795
vt 0.789426 0.977661
vt 0.390739 0.613356
vt 0.388507 0.603257
vt 0.972292 0.282356
vt 0.972422 0.283785
vt 0.587417 0.067315
vt 0.584853 0.057119
vt 0.105747 0.704596
vt 0.104191 0.704994
vt 0.684009 0.144917
vt 0.682318 0.144967
vt 0.534591 0.667034
vt 0.532773 0.667767
vt 0.235859 0.710811
vt 0.236908 0.710775
vt 0.645162 0.128083
vt 0.645920 0.119500
vt 0.646560 0.119493
vt 0.646411 0.128031
vt 0.907772 0.056728
vt 0.908407 0.056641
vt 0.860915 0.496743
vt 0.860284 0.496644
vt 0.049996 0.600429
vt 0.046977 0.591185
vt 0.754988 0.723709
vt 0.754994 0.715180
vt 0.064802 0.498192
vt 0.063406 0.498239
vt 0.631244 0.058328
vt 0.631643 0.057183
vt 0.630934 0.069127
vt 0.969960 0.282265
vt 0.971469 0.281429
vt 0.160754 0.562057
vt 0.105222 0.715881
vt 0.026072 0.899507
vt 0.026929 0.910309
vt 0.026072 0.910845
vt 0.681410 0.155358
vt 0.535444 0.676257
vt 0.534463 0.676173
vt 0.462334 0.776176
vt 0.462151 0.775229
vt 0.463159 0.775361
vt 0.007640 0.969072
vt 0.008544 0.968848
vt 0.008545 0.970511
vt 0.007770 0.969999
vt 0.460728 0.776448
vt 0.461134 0.775086
vt 0.010411 0.969005
vt 0.010411 0.970700
vt 0.745203 0.028474
vt 0.745438 0.039527
vt 0.744712 0.039274
vt 0.463973 0.764375
vt 0.237925 0.716432
vt 0.644957 0.133030
vt 0.646174 0.133259
vt 0.756384 0.724053
vt 0.631525 0.059604
vt 0.161924 0.552088
vt 0.161774 0.550790
vt 0.686522 0.135587
vt 0.646560 0.159024
vt 0.645663 0.158793
vt 0.646012 0.147861
vt 0.461581 0.763857
vt 0.645980 0.160385
vt 0.644732 0.159799
vt 0.644689 0.138219
vt 0.645844 0.138369
vt 0.643820 0.127698
vt 0.645538 0.119424
vt 0.104584 0.072645
vt 0.099860 0.071749
vt 0.279887 0.103380
vt 0.389335 0.604067
vt 0.789607 0.976795
vt 0.585799 0.056641
vt 0.586632 0.058019
vt 0.586051 0.057912
vt 0.530097 0.657480
vt 0.747228 0.028337
vt 0.746454 0.039128
vt 0.747418 0.040075
vt 0.746046 0.040508
vt 0.461676 0.759256
vt 0.464007 0.759459
vt 0.745097 0.023599
vt 0.747122 0.023463
vt 0.644537 0.148034
vt 0.644421 0.143089
vt 0.645928 0.143275
vt 0.461710 0.754339
vt 0.463920 0.753911
vt 0.744962 0.018084
vt 0.746667 0.017959
vt 0.461683 0.749107
vt 0.463577 0.748740
vt 0.744804 0.012910
vt 0.746510 0.012785
vt 0.461972 0.743814
vt 0.463672 0.744139
vt 0.744712 0.008356
vt 0.746062 0.008265
vt 0.991184 0.264173
vt 0.991335 0.265527
vt 0.990983 0.264423
vt 0.577486 0.315364
vt 0.577802 0.315421
vt 0.578691 0.323733
vt 0.577444 0.323505
vt 0.577188 0.315307
vt 0.120994 0.073496
vt 0.644604 0.161238
vt 0.643709 0.160049
vt 0.576456 0.323650
vt 0.576872 0.315249
vt 0.576200 0.315451
vt 0.743156 0.380435
vt 0.744298 0.381230
vt 0.742792 0.381883
vt 0.742081 0.381642
vt 0.686097 0.140914
vt 0.530631 0.662724
vt 0.008539 0.967279
vt 0.010147 0.967276
vt 0.643294 0.132968
vt 0.840175 0.562438
vt 0.841121 0.563957
vt 0.840573 0.563510
vt 0.575414 0.316287
vt 0.045973 0.729977
vt 0.044280 0.730255
vt 0.048483 0.604871
vt 0.046705 0.605025
vt 0.446312 0.604438
vt 0.444501 0.605067
vt 0.390165 0.604587
vt 0.392858 0.613811
vt 0.291001 0.579496
vt 0.290628 0.580633
vt 0.289530 0.580225
vt 0.289514 0.578853
vt 0.682327 0.155256
vt 0.685385 0.145880
vt 0.750868 0.584688
vt 0.749928 0.574343
vt 0.751659 0.574295
vt 0.531436 0.667621
vt 0.747419 0.038429
vt 0.748318 0.038756
vt 0.459452 0.235684
vt 0.460739 0.235330
vt 0.643026 0.138157
vt 0.575203 0.317552
vt 0.123468 0.642234
vt 0.122732 0.641330
vt 0.124056 0.640397
vt 0.124374 0.641512
vt 0.127526 0.651075
vt 0.125896 0.651910
vt 0.125376 0.641503
vt 0.122840 0.643061
vt 0.122298 0.642564
vt 0.930034 0.875474
vt 0.929053 0.867544
vt 0.929968 0.867791
vt 0.822419 0.039470
vt 0.824168 0.039980
vt 0.824304 0.040681
vt 0.822708 0.041156
vt 0.537607 0.593768
vt 0.535922 0.592987
vt 0.536097 0.591584
vt 0.537788 0.592389
vt 0.744857 0.382431
vt 0.744675 0.383155
vt 0.743552 0.382408
vt 0.742622 0.390975
vt 0.628505 0.068597
vt 0.631023 0.060345
vt 0.619999 0.331893
vt 0.618615 0.332222
vt 0.162514 0.566480
vt 0.160664 0.567134
vt 0.589243 0.067592
vt 0.161350 0.552774
vt 0.160910 0.551807
vt 0.158717 0.561271
vt 0.642759 0.143026
vt 0.747200 0.007640
vt 0.747699 0.012460
vt 0.921238 0.286633
vt 0.920311 0.287350
vt 0.921432 0.281429
vt 0.574341 0.322616
vt 0.347034 0.591383
vt 0.352411 0.600035
vt 0.350377 0.600498
vt 0.346330 0.591953
vt 0.536768 0.595137
vt 0.535463 0.594963
vt 0.587903 0.072766
vt 0.585901 0.072881
vt 0.751884 0.562637
vt 0.750153 0.562684
vt 0.577083 0.356442
vt 0.578220 0.355664
vt 0.579076 0.356152
vt 0.578164 0.357304
vt 0.642554 0.147974
vt 0.748458 0.017631
vt 0.748913 0.023135
vt 0.736196 0.331328
vt 0.734887 0.331402
vt 0.391123 0.618912
vt 0.389374 0.619271
vt 0.632511 0.073510
vt 0.630736 0.074347
vt 0.744006 0.391361
vt 0.289651 0.589982
vt 0.291054 0.590297
vt 0.291476 0.581398
vt 0.576047 0.354947
vt 0.576714 0.355062
vt 0.575767 0.356213
vt 0.776821 0.219290
vt 0.776346 0.218391
vt 0.777350 0.218550
vt 0.777975 0.218433
vt 0.777850 0.219731
vt 0.775578 0.219784
vt 0.775376 0.218527
vt 0.488225 0.171330
vt 0.488492 0.172925
vt 0.486620 0.172929
vt 0.486805 0.171330
vt 0.777975 0.208646
vt 0.749020 0.028009
vt 0.748884 0.038775
vt 0.579076 0.329026
vt 0.577847 0.328797
vt 0.822909 0.038147
vt 0.824358 0.038985
vt 0.348017 0.591471
vt 0.620309 0.337586
vt 0.618926 0.337916
vt 0.162772 0.571817
vt 0.160603 0.572507
vt 0.751692 0.568684
vt 0.749961 0.568732
vt 0.346214 0.721457
vt 0.348239 0.721329
vt 0.347122 0.730801
vt 0.346104 0.731196
vt 0.348119 0.731731
vt 0.346758 0.732479
vt 0.462062 0.235336
vt 0.575933 0.328454
vt 0.921432 0.291855
vt 0.574094 0.327794
vt 0.927744 0.875341
vt 0.927744 0.867898
vt 0.045768 0.735222
vt 0.044060 0.735504
vt 0.446480 0.609659
vt 0.444669 0.610288
vt 0.620307 0.343206
vt 0.618924 0.343536
vt 0.616959 0.343414
vt 0.617190 0.337890
vt 0.163037 0.577177
vt 0.587725 0.078153
vt 0.585722 0.078269
vt 0.579029 0.344042
vt 0.773267 0.346440
vt 0.772379 0.346176
vt 0.773153 0.336302
vt 0.775641 0.208371
vt 0.772897 0.347707
vt 0.771381 0.347107
vt 0.775539 0.203826
vt 0.777873 0.204102
vt 0.346104 0.716924
vt 0.348129 0.716796
vt 0.775958 0.198531
vt 0.777923 0.198542
vt 0.346310 0.711397
vt 0.348016 0.711280
vt 0.578812 0.334204
vt 0.577600 0.333975
vt 0.775751 0.193353
vt 0.777038 0.193164
vt 0.777025 0.187276
vt 0.777669 0.187182
vt 0.821205 0.039471
vt 0.821945 0.037753
vt 0.137325 0.073024
vt 0.062926 0.513759
vt 0.047885 0.610347
vt 0.046201 0.610194
vt 0.050229 0.605473
vt 0.442140 0.605038
vt 0.617945 0.350572
vt 0.620309 0.353113
vt 0.617175 0.360958
vt 0.616293 0.350523
vt 0.164930 0.594222
vt 0.163942 0.594035
vt 0.162013 0.585161
vt 0.163562 0.584613
vt 0.587200 0.083516
vt 0.585516 0.083671
vt 0.577719 0.354917
vt 0.489749 0.171534
vt 0.489789 0.172903
vt 0.488408 0.174273
vt 0.487247 0.174504
vt 0.771322 0.336371
vt 0.771406 0.331785
vt 0.773267 0.331756
vt 0.771443 0.345512
vt 0.771528 0.326241
vt 0.773026 0.326483
vt 0.346247 0.706180
vt 0.347598 0.706095
vt 0.578604 0.339066
vt 0.577651 0.339211
vt 0.346111 0.696409
vt 0.347106 0.696355
vt 0.576002 0.333689
vt 0.572491 0.327825
vt 0.572619 0.323596
vt 0.573647 0.323135
vt 0.573474 0.333232
vt 0.572245 0.333003
vt 0.824212 0.037753
vt 0.183606 0.632818
vt 0.184336 0.632995
vt 0.180655 0.642219
vt 0.349259 0.591927
vt 0.534430 0.594369
vt 0.534303 0.593069
vt 0.736110 0.336888
vt 0.734802 0.336962
vt 0.633009 0.078907
vt 0.631235 0.079744
vt 0.585581 0.092934
vt 0.584589 0.093136
vt 0.160923 0.578256
vt 0.162792 0.577673
vt 0.577743 0.344129
vt 0.348090 0.730106
vt 0.349024 0.730416
vt 0.771957 0.321026
vt 0.773165 0.321299
vt 0.772570 0.315298
vt 0.773180 0.315275
vt 0.390818 0.624664
vt 0.389099 0.624720
vt 0.589691 0.073361
vt 0.158698 0.566986
vt 0.576088 0.344160
vt 0.770441 0.345765
vt 0.575997 0.339241
vt 0.573209 0.338410
vt 0.571980 0.338181
vt 0.899032 0.167761
vt 0.899032 0.155280
vt 0.900079 0.163431
vt 0.571188 0.327913
vt 0.570941 0.333091
vt 0.531636 0.602972
vt 0.045493 0.740781
vt 0.043869 0.740744
vt 0.046980 0.615728
vt 0.045602 0.615671
vt 0.447266 0.614700
vt 0.445544 0.615637
vt 0.736354 0.342503
vt 0.735046 0.342577
vt 0.733338 0.342619
vt 0.733081 0.337009
vt 0.392926 0.619308
vt 0.160722 0.585259
vt 0.163574 0.593706
vt 0.628375 0.074130
vt 0.889958 0.219465
vt 0.889724 0.220400
vt 0.888866 0.219855
vt 0.888327 0.219416
vt 0.889189 0.218650
vt 0.891217 0.219818
vt 0.890585 0.220959
vt 0.438485 0.969609
vt 0.438515 0.971218
vt 0.437076 0.971406
vt 0.437078 0.969798
vt 0.508596 0.877560
vt 0.508733 0.886393
vt 0.508025 0.886094
vt 0.888639 0.228767
vt 0.573059 0.342955
vt 0.571830 0.342726
vt 0.770575 0.321189
vt 0.772220 0.315249
vt 0.123732 0.674801
vt 0.123297 0.676034
vt 0.122298 0.675024
vt 0.122912 0.674200
vt 0.124913 0.666760
vt 0.125900 0.666754
vt 0.347050 0.623788
vt 0.347941 0.624529
vt 0.347155 0.625145
vt 0.346330 0.623764
vt 0.126984 0.667461
vt 0.124621 0.675101
vt 0.347388 0.696366
vt 0.348801 0.706095
vt 0.537788 0.624226
vt 0.537565 0.625238
vt 0.536108 0.616679
vt 0.184568 0.631521
vt 0.185777 0.632211
vt 0.736041 0.352914
vt 0.735052 0.352749
vt 0.390228 0.630053
vt 0.388537 0.630097
vt 0.588951 0.084431
vt 0.586152 0.093345
vt 0.291522 0.624515
vt 0.290597 0.623437
vt 0.291376 0.623907
vt 0.292848 0.615030
vt 0.158644 0.572382
vt 0.891217 0.221143
vt 0.891213 0.229078
vt 0.046072 0.894887
vt 0.045186 0.894318
vt 0.046130 0.893650
vt 0.046710 0.893577
vt 0.489507 0.174031
vt 0.007955 0.732022
vt 0.008618 0.732154
vt 0.008570 0.733793
vt 0.007640 0.733279
vt 0.570676 0.338269
vt 0.349526 0.710948
vt 0.011402 0.707766
vt 0.009933 0.701887
vt 0.010247 0.701953
vt 0.010610 0.701703
vt 0.008816 0.697715
vt 0.009083 0.698096
vt 0.009119 0.707621
vt 0.719944 0.975736
vt 0.718380 0.975449
vt 0.718443 0.974258
vt 0.719867 0.974258
vt 0.536296 0.625408
vt 0.535166 0.616842
vt 0.049842 0.611352
vt 0.044862 0.752510
vt 0.449363 0.625505
vt 0.448368 0.625511
vt 0.387732 0.640329
vt 0.386816 0.640138
vt 0.442707 0.610477
vt 0.291536 0.615059
vt 0.289068 0.617217
vt 0.289719 0.615786
vt 0.589485 0.078763
vt 0.510945 0.877560
vt 0.509773 0.886058
vt 0.510356 0.887057
vt 0.508959 0.887402
vt 0.010522 0.733872
vt 0.010884 0.732299
vt 0.011496 0.732430
vt 0.011496 0.733753
vt 0.044974 0.886333
vt 0.046803 0.886233
vt 0.349958 0.716454
vt 0.350081 0.721307
vt 0.349589 0.730437
vt 0.570526 0.342814
vt 0.770158 0.326086
vt 0.010477 0.707570
vt 0.009256 0.702071
vt 0.349787 0.616008
vt 0.010162 0.707504
vt 0.009663 0.698542
vt 0.186441 0.633356
vt 0.186015 0.634183
vt 0.185139 0.633450
vt 0.529926 0.602096
vt 0.533838 0.595022
vt 0.043945 0.626853
vt 0.042993 0.626854
vt 0.756854 0.728990
vt 0.754824 0.728772
vt 0.289068 0.607729
vt 0.158987 0.578403
vt 0.440054 0.969609
vt 0.440083 0.971218
vt 0.438611 0.972565
vt 0.437396 0.972498
vt 0.769633 0.336207
vt 0.769717 0.331621
vt 0.770062 0.345676
vt 0.008145 0.707740
vt 0.008700 0.704906
vt 0.946050 0.918010
vt 0.946537 0.918790
vt 0.946050 0.926282
vt 0.464848 0.589234
vt 0.464644 0.597415
vt 0.464644 0.588542
vt 0.719700 0.976841
vt 0.718702 0.976984
vt 0.125713 0.661981
vt 0.123952 0.666474
vt 0.124766 0.661692
vt 0.061953 0.513550
vt 0.061274 0.529874
vt 0.060302 0.529664
vt 0.392622 0.625060
vt 0.629187 0.079459
vt 0.009579 0.732351
vt 0.009679 0.733361
vt 0.940951 0.245998
vt 0.943078 0.246221
vt 0.940951 0.252678
vt 0.181628 0.642045
vt 0.167697 0.072582
vt 0.183131 0.642615
vt 0.048632 0.616637
vt 0.743358 0.418602
vt 0.742081 0.408486
vt 0.744359 0.408390
vt 0.634607 0.094067
vt 0.630382 0.085033
vt 0.632353 0.084982
vt 0.371208 0.424485
vt 0.370566 0.424525
vt 0.370566 0.413940
vt 0.387674 0.640355
vt 0.391372 0.630633
vt 0.291202 0.596250
vt 0.289182 0.596105
vt 0.353732 0.567741
vt 0.355160 0.568955
vt 0.347441 0.576102
vt 0.346330 0.574941
vt 0.692873 0.841244
vt 0.694168 0.841198
vt 0.692575 0.850507
vt 0.691504 0.851112
vt 0.489578 0.803718
vt 0.480235 0.805583
vt 0.480235 0.793744
vt 0.490998 0.796637
vt 0.510742 0.885441
vt 0.511657 0.885806
vt 0.458174 0.221743
vt 0.459674 0.221025
vt 0.010405 0.712805
vt 0.009113 0.712542
vt 0.126181 0.775577
vt 0.127873 0.775403
vt 0.127774 0.777031
vt 0.126860 0.776765
vt 0.122298 0.783935
vt 0.946794 0.920506
vt 0.351034 0.616160
vt 0.348869 0.624647
vt 0.127020 0.662070
vt 0.535276 0.624861
vt 0.533921 0.617307
vt 0.717386 0.975815
vt 0.717494 0.974645
vt 0.443891 0.615735
vt 0.291803 0.608063
vt 0.439763 0.972631
vt 0.044151 0.894867
vt 0.344416 0.907594
vt 0.345353 0.906671
vt 0.345850 0.907704
vt 0.345078 0.908365
vt 0.345850 0.915226
vt 0.343036 0.914319
vt 0.746145 0.971018
vt 0.745999 0.972387
vt 0.745015 0.972222
vt 0.745122 0.971312
vt 0.184920 0.762485
vt 0.183336 0.756651
vt 0.185158 0.756170
vt 0.185493 0.762073
vt 0.008603 0.722945
vt 0.010275 0.722960
vt 0.343698 0.907568
vt 0.909951 0.551600
vt 0.910638 0.552863
vt 0.909533 0.553266
vt 0.909240 0.551962
vt 0.011249 0.722841
vt 0.011379 0.712687
vt 0.447567 0.190385
vt 0.449031 0.190631
vt 0.448331 0.191795
vt 0.447356 0.192072
vt 0.128350 0.777216
vt 0.124419 0.784559
vt 0.236959 0.971950
vt 0.237271 0.970544
vt 0.238706 0.970544
vt 0.238131 0.972170
vt 0.419297 0.872690
vt 0.417358 0.872353
vt 0.418318 0.862742
vt 0.419297 0.862561
vt 0.010635 0.703661
vt 0.010691 0.706626
vt 0.547649 0.963145
vt 0.547449 0.967012
vt 0.547449 0.961187
vt 0.532513 0.612633
vt 0.533764 0.612192
vt 0.128032 0.655656
vt 0.126612 0.655876
vt 0.352753 0.604486
vt 0.351390 0.604698
vt 0.751462 0.480996
vt 0.750568 0.480258
vt 0.751656 0.479076
vt 0.752486 0.480454
vt 0.752399 0.489874
vt 0.751102 0.490058
vt 0.853086 0.965290
vt 0.854035 0.963870
vt 0.854630 0.966114
vt 0.853708 0.966139
vt 0.442867 0.641345
vt 0.443545 0.640792
vt 0.443784 0.651122
vt 0.442140 0.641623
vt 0.751032 0.481928
vt 0.749759 0.481490
vt 0.292848 0.641626
vt 0.291204 0.641168
vt 0.291076 0.639795
vt 0.292725 0.640277
vt 0.292004 0.643033
vt 0.291042 0.643113
vt 0.744118 0.396970
vt 0.742411 0.396628
vt 0.291273 0.601891
vt 0.289246 0.601730
vt 0.356798 0.563077
vt 0.358332 0.563657
vt 0.309125 0.142598
vt 0.306071 0.153255
vt 0.304124 0.142598
vt 0.837989 0.867290
vt 0.837275 0.867124
vt 0.836397 0.865998
vt 0.837769 0.866008
vt 0.747716 0.971018
vt 0.747761 0.972645
vt 0.010250 0.718355
vt 0.008958 0.718091
vt 0.011224 0.718236
vt 0.007938 0.711965
vt 0.010737 0.712871
vt 0.717760 0.976654
vt 0.125554 0.655896
vt 0.532869 0.606156
vt 0.531957 0.606638
vt 0.533533 0.602694
vt 0.756306 0.751483
vt 0.755442 0.740243
vt 0.757395 0.740132
vt 0.757131 0.734577
vt 0.755178 0.734688
vt 0.745925 0.973974
vt 0.745068 0.973379
vt 0.184024 0.762586
vt 0.183036 0.762889
vt 0.910944 0.551258
vt 0.911905 0.551578
vt 0.910204 0.545682
vt 0.043130 0.894777
vt 0.042992 0.886233
vt 0.007784 0.717515
vt 0.237108 0.968981
vt 0.238542 0.968981
vt 0.351215 0.611030
vt 0.350176 0.610972
vt 0.181781 0.658940
vt 0.183430 0.658834
vt 0.184602 0.666447
vt 0.184146 0.667211
vt 0.186441 0.665882
vt 0.185618 0.666488
vt 0.184945 0.658327
vt 0.854890 0.965360
vt 0.357644 0.558043
vt 0.359283 0.558007
vt 0.299470 0.152739
vt 0.298953 0.142603
vt 0.836640 0.876180
vt 0.837989 0.875856
vt 0.461308 0.220954
vt 0.009978 0.722894
vt 0.007760 0.722434
vt 0.450199 0.191336
vt 0.449364 0.191854
vt 0.454537 0.198628
vt 0.236092 0.971523
vt 0.235771 0.970367
vt 0.416433 0.863291
vt 0.417610 0.863478
vt 0.603644 0.275777
vt 0.605742 0.280546
vt 0.605397 0.281157
vt 0.183799 0.737714
vt 0.185493 0.732444
vt 0.185079 0.737684
vt 0.530707 0.607080
vt 0.291369 0.651284
vt 0.289495 0.651859
vt 0.744211 0.402530
vt 0.742256 0.402581
vt 0.836320 0.867344
vt 0.835254 0.866922
vt 0.747238 0.974165
vt 0.912474 0.552260
vt 0.911809 0.553564
vt 0.912474 0.545339
vt 0.010896 0.718487
vt 0.010624 0.723026
vt 0.182769 0.742370
vt 0.184693 0.742643
vt 0.604599 0.275536
vt 0.606276 0.280191
vt 0.606544 0.280013
vt 0.605758 0.275538
vt 0.606811 0.279835
vt 0.607346 0.279480
vt 0.607079 0.279657
vt 0.607881 0.279124
vt 0.607614 0.279302
vt 0.607857 0.277989
vt 0.607958 0.278691
vt 0.352171 0.611133
vt 0.182733 0.654058
vt 0.183946 0.653655
vt 0.855154 0.963293
vt 0.855567 0.964734
vt 0.445785 0.650985
vt 0.444466 0.641218
vt 0.991800 0.687896
vt 0.992120 0.687896
vt 0.992071 0.689452
vt 0.795341 0.781116
vt 0.796986 0.780956
vt 0.796926 0.790971
vt 0.795354 0.781111
vt 0.464382 0.657335
vt 0.463931 0.666995
vt 0.463028 0.667297
vt 0.462729 0.657400
vt 0.799763 0.145286
vt 0.798805 0.145017
vt 0.798173 0.135910
vt 0.799774 0.135858
vt 0.794987 0.775254
vt 0.796938 0.775133
vt 0.464843 0.651581
vt 0.462548 0.651658
vt 0.794586 0.769717
vt 0.796524 0.769601
vt 0.464663 0.645839
vt 0.462670 0.646250
vt 0.797855 0.130235
vt 0.799773 0.130157
vt 0.797855 0.124855
vt 0.799774 0.124777
vt 0.798813 0.119424
vt 0.356269 0.552640
vt 0.357961 0.552287
vt 0.293629 0.153987
vt 0.293612 0.142613
vt 0.182351 0.747291
vt 0.184275 0.747564
vt 0.236023 0.969239
vt 0.853086 0.963115
vt 0.854684 0.962464
vt 0.290049 0.642850
vt 0.289590 0.641255
vt 0.462548 0.640792
vt 0.748350 0.928783
vt 0.748921 0.934273
vt 0.745015 0.934273
vt 0.745112 0.928948
vt 0.834079 0.876426
vt 0.181905 0.752492
vt 0.183825 0.752446
vt 0.449746 0.189849
vt 0.450702 0.190919
vt 0.607732 0.274994
vt 0.607654 0.276587
vt 0.180686 0.653943
vt 0.354240 0.600286
vt 0.353967 0.604957
vt 0.353943 0.547096
vt 0.355688 0.546427
vt 0.284956 0.143551
vt 0.288158 0.142944
vt 0.181349 0.756300
vt 0.455994 0.208796
vt 0.457260 0.208466
vt 0.450757 0.191807
vt 0.453457 0.199023
vt 0.163163 0.058024
vt 0.181777 0.648370
vt 0.183306 0.647894
vt 0.856241 0.963247
vt 0.856231 0.964149
vt 0.445354 0.641963
vt 0.752443 0.495704
vt 0.751145 0.495887
vt 0.291512 0.657016
vt 0.289612 0.657272
vt 0.796876 0.135842
vt 0.815769 0.198842
vt 0.815634 0.208196
vt 0.813790 0.198768
vt 0.600602 0.246915
vt 0.599774 0.247472
vt 0.598895 0.247280
vt 0.599647 0.245998
vt 0.181977 0.762476
vt 0.601518 0.247071
vt 0.602636 0.254062
vt 0.572367 0.191152
vt 0.572283 0.189849
vt 0.573710 0.190084
vt 0.573691 0.191090
vt 0.574482 0.191530
vt 0.572898 0.200154
vt 0.014474 0.594811
vt 0.013388 0.593990
vt 0.014229 0.593129
vt 0.015047 0.594335
vt 0.012123 0.603626
vt 0.013576 0.595307
vt 0.571517 0.191759
vt 0.602004 0.271086
vt 0.602947 0.270856
vt 0.180487 0.647387
vt 0.445546 0.656738
vt 0.443545 0.656875
vt 0.752486 0.501533
vt 0.750901 0.501364
vt 0.291635 0.662453
vt 0.290076 0.662977
vt 0.601488 0.007640
vt 0.602848 0.007685
vt 0.602077 0.009561
vt 0.601406 0.009226
vt 0.574529 0.199999
vt 0.575170 0.191674
vt 0.563021 0.969887
vt 0.564720 0.969453
vt 0.565073 0.971241
vt 0.563468 0.971192
vt 0.457048 0.197993
vt 0.628247 0.381034
vt 0.627766 0.381586
vt 0.626752 0.381624
vt 0.627404 0.380435
vt 0.605417 0.271152
vt 0.608052 0.273249
vt 0.415170 0.873025
vt 0.629266 0.380943
vt 0.628983 0.389490
vt 0.778299 0.246631
vt 0.779446 0.245998
vt 0.779791 0.247230
vt 0.778860 0.247479
vt 0.780558 0.247704
vt 0.779119 0.255224
vt 0.263040 0.727433
vt 0.264013 0.727890
vt 0.263061 0.729362
vt 0.262491 0.728636
vt 0.826895 0.644629
vt 0.828330 0.644503
vt 0.828331 0.646056
vt 0.827038 0.645812
vt 0.777507 0.255613
vt 0.777563 0.246517
vt 0.734478 0.518926
vt 0.734157 0.518925
vt 0.731914 0.508633
vt 0.733521 0.508314
vt 0.663520 0.148622
vt 0.663146 0.158909
vt 0.662193 0.159250
vt 0.661841 0.148712
vt 0.106597 0.661141
vt 0.105649 0.660872
vt 0.105569 0.651046
vt 0.106852 0.651050
vt 0.731906 0.502531
vt 0.733512 0.502533
vt 0.664011 0.142831
vt 0.662011 0.142927
vt 0.105068 0.644965
vt 0.106669 0.644951
vt 0.751943 0.516352
vt 0.750978 0.516562
vt 0.877585 0.493992
vt 0.876591 0.493876
vt 0.877585 0.479076
vt 0.292848 0.677357
vt 0.444954 0.662775
vt 0.443306 0.662628
vt 0.765305 0.057137
vt 0.764887 0.058541
vt 0.763832 0.058062
vt 0.764244 0.056641
vt 0.289134 0.643546
vt 0.289044 0.642539
vt 0.287855 0.651626
vt 0.815493 0.193065
vt 0.813514 0.192991
vt 0.796228 0.130119
vt 0.351564 0.543822
vt 0.353044 0.542783
vt 0.601338 0.254553
vt 0.365407 0.789448
vt 0.366399 0.788587
vt 0.366831 0.789648
vt 0.366019 0.790260
vt 0.367803 0.796211
vt 0.366459 0.796473
vt 0.908846 0.741425
vt 0.909627 0.742558
vt 0.908460 0.743002
vt 0.908261 0.742315
vt 0.367542 0.789762
vt 0.848313 0.698534
vt 0.849267 0.697231
vt 0.850030 0.698500
vt 0.848848 0.699125
vt 0.440296 0.932960
vt 0.439239 0.932528
vt 0.439822 0.927136
vt 0.440562 0.927627
vt 0.563021 0.968367
vt 0.564458 0.968117
vt 0.012576 0.595122
vt 0.829628 0.644161
vt 0.829628 0.645672
vt 0.789483 0.942115
vt 0.788493 0.940467
vt 0.787502 0.938820
vt 0.791157 0.937398
vt 0.858966 0.561930
vt 0.858404 0.558495
vt 0.859721 0.558369
vt 0.572393 0.523260
vt 0.572935 0.522790
vt 0.572448 0.523960
vt 0.569968 0.519900
vt 0.732218 0.496429
vt 0.733825 0.496753
vt 0.663886 0.137034
vt 0.662207 0.137124
vt 0.104885 0.638866
vt 0.106483 0.638828
vt 0.442140 0.677307
vt 0.445936 0.642063
vt 0.447268 0.651222
vt 0.817052 0.192726
vt 0.815257 0.187573
vt 0.817133 0.187182
vt 0.975386 0.218650
vt 0.976776 0.220742
vt 0.975386 0.222485
vt 0.599122 0.255250
vt 0.910351 0.740474
vt 0.911161 0.741596
vt 0.368250 0.789905
vt 0.369141 0.795992
vt 0.910321 0.743727
vt 0.909284 0.743834
vt 0.012415 0.750360
vt 0.013015 0.749152
vt 0.014041 0.750159
vt 0.013329 0.751073
vt 0.014733 0.750283
vt 0.014733 0.758827
vt 0.420249 0.769185
vt 0.421568 0.769683
vt 0.420394 0.770772
vt 0.419763 0.770365
vt 0.343036 0.974480
vt 0.344199 0.974107
vt 0.344004 0.975731
vt 0.343049 0.975423
vt 0.012680 0.758845
vt 0.011683 0.750279
vt 0.604083 0.008419
vt 0.603086 0.009294
vt 0.606533 0.017702
vt 0.604506 0.017626
vt 0.180968 0.746566
vt 0.181710 0.741957
vt 0.626242 0.389794
vt 0.625148 0.390090
vt 0.265038 0.729392
vt 0.263976 0.729844
vt 0.264688 0.736787
vt 0.859957 0.554311
vt 0.858337 0.554544
vt 0.570503 0.519463
vt 0.571466 0.518819
vt 0.573181 0.522196
vt 0.573914 0.520432
vt 0.573423 0.521619
vt 0.733194 0.479711
vt 0.734467 0.479077
vt 0.734478 0.480677
vt 0.733514 0.480676
vt 0.734139 0.488722
vt 0.732550 0.480674
vt 0.662120 0.119424
vt 0.663503 0.120305
vt 0.662541 0.121307
vt 0.661841 0.121036
vt 0.664023 0.128983
vt 0.662344 0.129073
vt 0.732198 0.488726
vt 0.106197 0.623103
vt 0.105580 0.621783
vt 0.106852 0.622083
vt 0.106837 0.623093
vt 0.180487 0.980925
vt 0.180487 0.979487
vt 0.182229 0.979733
vt 0.181953 0.981011
vt 0.106015 0.631119
vt 0.104735 0.631139
vt 0.766045 0.093802
vt 0.764019 0.079234
vt 0.765998 0.079306
vt 0.292164 0.677019
vt 0.288451 0.663016
vt 0.813226 0.187182
vt 0.847667 0.697388
vt 0.847724 0.696377
vt 0.437608 0.927545
vt 0.438565 0.927393
vt 0.458796 0.208107
vt 0.345551 0.974117
vt 0.345810 0.975731
vt 0.180487 0.751410
vt 0.128350 0.796695
vt 0.608194 0.268917
vt 0.608218 0.271211
vt 0.827041 0.643631
vt 0.828047 0.643019
vt 0.510312 0.746676
vt 0.511328 0.737291
vt 0.512340 0.737531
vt 0.513290 0.737382
vt 0.573224 0.517076
vt 0.573807 0.519017
vt 0.665131 0.148909
vt 0.680031 0.703720
vt 0.680302 0.693887
vt 0.680355 0.703745
vt 0.180539 0.978334
vt 0.181729 0.978259
vt 0.103959 0.650987
vt 0.105325 0.660841
vt 0.766045 0.067567
vt 0.764678 0.067156
vt 0.765676 0.059389
vt 0.346330 0.538190
vt 0.347811 0.537151
vt 0.279443 0.145205
vt 0.367484 0.799533
vt 0.366323 0.799530
vt 0.369088 0.799496
vt 0.599043 0.260319
vt 0.600597 0.260459
vt 0.422286 0.771121
vt 0.421627 0.771308
vt 0.421895 0.779358
vt 0.854007 0.803818
vt 0.852979 0.803817
vt 0.853533 0.802523
vt 0.854786 0.803151
vt 0.853984 0.812409
vt 0.566081 0.969355
vt 0.566080 0.970582
vt 0.011607 0.595207
vt 0.012056 0.593801
vt 0.010152 0.603347
vt 0.265332 0.727524
vt 0.265757 0.728894
vt 0.664498 0.121568
vt 0.663545 0.121910
vt 0.680679 0.703770
vt 0.105003 0.660834
vt 0.102988 0.650917
vt 0.105228 0.623427
vt 0.104275 0.622741
vt 0.103136 0.644898
vt 0.287993 0.657334
vt 0.911400 0.743318
vt 0.910093 0.748876
vt 0.908261 0.748139
vt 0.602278 0.260118
vt 0.870035 0.255325
vt 0.871401 0.255031
vt 0.870525 0.257458
vt 0.869478 0.257767
vt 0.604950 0.009466
vt 0.604023 0.009685
vt 0.601587 0.265975
vt 0.604734 0.265061
vt 0.780779 0.255403
vt 0.780920 0.247962
vt 0.265980 0.737525
vt 0.860066 0.549976
vt 0.858144 0.550316
vt 0.829055 0.643205
vt 0.665934 0.142789
vt 0.681272 0.693945
vt 0.681001 0.703778
vt 0.682237 0.693969
vt 0.446994 0.657294
vt 0.848232 0.695648
vt 0.850030 0.696139
vt 0.892816 0.877989
vt 0.892288 0.875096
vt 0.894141 0.874927
vt 0.894690 0.877539
vt 0.366787 0.804513
vt 0.365362 0.804329
vt 0.369286 0.804312
vt 0.366902 0.808882
vt 0.368773 0.809013
vt 0.869478 0.245998
vt 0.871876 0.250115
vt 0.869998 0.250944
vt 0.365362 0.810552
vt 0.565577 0.968164
vt 0.608198 0.263921
vt 0.905448 0.802523
vt 0.905696 0.806297
vt 0.904662 0.806478
vt 0.904645 0.802525
vt 0.572642 0.515135
vt 0.103637 0.622013
vt 0.104939 0.621031
vt 0.102942 0.639096
vt 0.765026 0.073299
vt 0.763676 0.073107
vt 0.422455 0.769593
vt 0.422973 0.770631
vt 0.344129 0.972876
vt 0.345271 0.973076
vt 0.872920 0.255148
vt 0.892121 0.871625
vt 0.893157 0.867697
vt 0.894690 0.867544
vt 0.894294 0.871440
vt 0.665946 0.128942
vt 0.664405 0.120000
vt 0.665080 0.121270
vt 0.666129 0.136986
vt 0.104256 0.623727
vt 0.103610 0.623689
vt 0.102803 0.631073
vt 0.437076 0.933230
vt 0.437076 0.928247
vt 0.872706 0.257909
vt 0.423586 0.779598
vt 0.571904 0.479076
vt 0.571406 0.480297
vt 0.570692 0.480332
vt 0.570774 0.479268
vt 0.573914 0.480949
vt 0.573015 0.480615
vt 0.572967 0.479881
vt 0.573818 0.479482
vt 0.860066 0.545339
vt 0.857950 0.546088
vt 0.267928 0.737569
vt 0.782550 0.433052
vt 0.782076 0.433611
vt 0.781062 0.433662
vt 0.781699 0.432465
vt 0.568146 0.515107
vt 0.570238 0.514271
vt 0.572182 0.512897
vt 0.682327 0.665058
vt 0.681355 0.665355
vt 0.680715 0.664984
vt 0.681698 0.664011
vt 0.608218 0.247686
vt 0.607225 0.247964
vt 0.606181 0.247492
vt 0.607365 0.246311
vt 0.604100 0.260080
vt 0.508025 0.746604
vt 0.783566 0.432966
vt 0.783235 0.442086
vt 0.693823 0.944537
vt 0.691505 0.944537
vt 0.692295 0.938222
vt 0.346280 0.778408
vt 0.346104 0.772166
vt 0.347414 0.772352
vt 0.627855 0.420351
vt 0.628560 0.420211
vt 0.627377 0.420869
vt 0.626723 0.414786
vt 0.968097 0.320269
vt 0.966986 0.320990
vt 0.966986 0.315249
vt 0.326514 0.906221
vt 0.327345 0.901197
vt 0.327345 0.912475
vt 0.369379 0.773306
vt 0.369057 0.773249
vt 0.368359 0.767206
vt 0.369639 0.767336
vt 0.102483 0.644812
vt 0.766024 0.073445
vt 0.425247 0.779270
vt 0.794380 0.715438
vt 0.793550 0.715832
vt 0.792762 0.715177
vt 0.793708 0.714465
vt 0.852058 0.812751
vt 0.795291 0.715741
vt 0.793649 0.723917
vt 0.572294 0.480683
vt 0.008220 0.603541
vt 0.010949 0.595224
vt 0.781908 0.442091
vt 0.780585 0.442044
vt 0.529926 0.965285
vt 0.532168 0.961187
vt 0.532168 0.965890
vt 0.905743 0.809773
vt 0.904275 0.809834
vt 0.027653 0.934424
vt 0.026072 0.931118
vt 0.027653 0.926125
vt 0.929196 0.463438
vt 0.929196 0.455124
vt 0.931088 0.461889
vt 0.348333 0.767287
vt 0.346385 0.767168
vt 0.899364 0.643263
vt 0.899364 0.637963
vt 0.900939 0.638421
vt 0.900393 0.644099
vt 0.367884 0.762177
vt 0.369803 0.762348
vt 0.627905 0.414146
vt 0.628613 0.413971
vt 0.629266 0.420070
vt 0.736915 0.715704
vt 0.737923 0.714491
vt 0.738553 0.715649
vt 0.738001 0.716109
vt 0.738315 0.724652
vt 0.739529 0.714465
vt 0.739544 0.715761
vt 0.739523 0.724397
vt 0.592620 0.970184
vt 0.592113 0.968856
vt 0.593740 0.968679
vt 0.593768 0.970119
vt 0.736666 0.724717
vt 0.736257 0.715881
vt 0.680031 0.666573
vt 0.680687 0.666303
vt 0.680176 0.674034
vt 0.681333 0.666336
vt 0.680465 0.687838
vt 0.681435 0.687897
vt 0.683251 0.666688
vt 0.682300 0.666377
vt 0.683270 0.665690
vt 0.935528 0.606275
vt 0.937132 0.606062
vt 0.937132 0.614107
vt 0.935638 0.614018
vt 0.853725 0.137159
vt 0.851898 0.119424
vt 0.853725 0.119445
vt 0.279933 0.152749
vt 0.605211 0.254337
vt 0.604115 0.254274
vt 0.608468 0.017217
vt 0.569307 0.487992
vt 0.964454 0.031299
vt 0.966220 0.032695
vt 0.964454 0.036543
vt 0.605163 0.035114
vt 0.601406 0.038901
vt 0.604439 0.030696
vt 0.899783 0.632542
vt 0.367443 0.756853
vt 0.369360 0.757000
vt 0.607464 0.254763
vt 0.606090 0.254529
vt 0.605108 0.258271
vt 0.603999 0.258220
vt 0.792434 0.723518
vt 0.790818 0.723240
vt 0.605743 0.259775
vt 0.603717 0.263045
vt 0.605284 0.263173
vt 0.605319 0.267772
vt 0.604198 0.267734
vt 0.570909 0.488343
vt 0.572105 0.488800
vt 0.574559 0.204720
vt 0.572834 0.204567
vt 0.607425 0.022328
vt 0.605371 0.022268
vt 0.011442 0.608026
vt 0.009508 0.608042
vt 0.348899 0.761936
vt 0.346986 0.762136
vt 0.014570 0.627878
vt 0.011661 0.623503
vt 0.012152 0.619923
vt 0.015047 0.624251
vt 0.780995 0.260020
vt 0.779091 0.260168
vt 0.777724 0.260230
vt 0.740259 0.119678
vt 0.741230 0.120959
vt 0.740274 0.121605
vt 0.739281 0.120983
vt 0.741115 0.129434
vt 0.591979 0.967260
vt 0.593768 0.966806
vt 0.681467 0.674100
vt 0.682397 0.687904
vt 0.683390 0.674114
vt 0.682431 0.674124
vt 0.682227 0.682151
vt 0.683184 0.682123
vt 0.683356 0.687893
vt 0.606254 0.258285
vt 0.607450 0.258251
vt 0.566628 0.510403
vt 0.568959 0.509007
vt 0.464838 0.693935
vt 0.464271 0.702719
vt 0.463879 0.694287
vt 0.462904 0.693925
vt 0.463853 0.692587
vt 0.680293 0.682069
vt 0.681263 0.682127
vt 0.014620 0.763615
vt 0.014304 0.767792
vt 0.423192 0.784532
vt 0.421271 0.783905
vt 0.606401 0.030195
vt 0.580473 0.211991
vt 0.904119 0.813013
vt 0.905743 0.813230
vt 0.792802 0.329736
vt 0.792024 0.334963
vt 0.788547 0.334657
vt 0.790600 0.329029
vt 0.790810 0.322955
vt 0.367386 0.750899
vt 0.369303 0.751046
vt 0.625816 0.409616
vt 0.626913 0.409285
vt 0.780995 0.265020
vt 0.779091 0.265168
vt 0.777724 0.265231
vt 0.628018 0.408868
vt 0.787445 0.479076
vt 0.788760 0.479080
vt 0.788709 0.480074
vt 0.787695 0.480001
vt 0.787786 0.488295
vt 0.786761 0.480239
vt 0.784702 0.008228
vt 0.785706 0.009489
vt 0.784690 0.009833
vt 0.784028 0.009201
vt 0.784696 0.017077
vt 0.365362 0.974931
vt 0.366605 0.974276
vt 0.366721 0.975739
vt 0.365720 0.975803
vt 0.786138 0.488390
vt 0.786037 0.480106
vt 0.736523 0.729705
vt 0.737859 0.729714
vt 0.741027 0.134661
vt 0.739639 0.134416
vt 0.739730 0.129510
vt 0.736528 0.735319
vt 0.737863 0.735328
vt 0.740938 0.139889
vt 0.739578 0.139947
vt 0.736469 0.740611
vt 0.737794 0.740630
vt 0.740849 0.145117
vt 0.739515 0.145157
vt 0.739281 0.155006
vt 0.736257 0.750900
vt 0.464838 0.728533
vt 0.464189 0.728193
vt 0.463141 0.718459
vt 0.464741 0.718399
vt 0.462770 0.713234
vt 0.464370 0.713174
vt 0.742106 0.145130
vt 0.739946 0.154664
vt 0.865919 0.104093
vt 0.865919 0.090048
vt 0.866726 0.089028
vt 0.867748 0.103852
vt 0.422624 0.788763
vt 0.420760 0.787821
vt 0.606430 0.263188
vt 0.606822 0.267163
vt 0.346799 0.755554
vt 0.793458 0.322855
vt 0.780385 0.270177
vt 0.778875 0.270552
vt 0.777507 0.270614
vt 0.779952 0.275944
vt 0.778658 0.275936
vt 0.513290 0.766656
vt 0.511993 0.766575
vt 0.511303 0.761393
vt 0.512592 0.761450
vt 0.368039 0.974162
vt 0.368039 0.975963
vt 0.741435 0.119424
vt 0.741818 0.120672
vt 0.464319 0.707626
vt 0.462718 0.707686
vt 0.462669 0.702458
vt 0.854786 0.818454
vt 0.012029 0.765189
vt 0.013591 0.772772
vt 0.421283 0.793233
vt 0.419763 0.792336
vt 0.930398 0.970567
vt 0.929167 0.970151
vt 0.930398 0.965470
vt 0.010522 0.770756
vt 0.571841 0.216976
vt 0.792402 0.315795
vt 0.347238 0.747760
vt 0.349373 0.755267
vt 0.346104 0.748470
vt 0.369803 0.743038
vt 0.788547 0.315249
vt 0.623893 0.397213
vt 0.626401 0.403890
vt 0.624995 0.404119
vt 0.267593 0.742463
vt 0.265703 0.742104
vt 0.510275 0.751282
vt 0.508036 0.751552
vt 0.785670 0.010791
vt 0.785760 0.017340
vt 0.786635 0.010481
vt 0.786258 0.007640
vt 0.786941 0.008897
vt 0.781719 0.381460
vt 0.781169 0.389628
vt 0.780764 0.382135
vt 0.779786 0.381455
vt 0.780735 0.380435
vt 0.591135 0.968928
vt 0.590909 0.968047
vt 0.761325 0.282030
vt 0.760161 0.272120
vt 0.762017 0.272649
vt 0.462174 0.718763
vt 0.822268 0.171342
vt 0.822076 0.158774
vt 0.829617 0.160958
vt 0.829617 0.171633
vt 0.691504 0.833968
vt 0.940511 0.714465
vt 0.940511 0.721971
vt 0.938929 0.721086
vt 0.628520 0.392484
vt 0.625780 0.392787
vt 0.367269 0.745705
vt 0.627817 0.403540
vt 0.786088 0.493380
vt 0.787423 0.493364
vt 0.789079 0.488319
vt 0.788717 0.493388
vt 0.786037 0.498370
vt 0.787373 0.498354
vt 0.788355 0.498457
vt 0.786337 0.508572
vt 0.785425 0.027149
vt 0.784721 0.036668
vt 0.784028 0.036695
vt 0.784388 0.026869
vt 0.781719 0.409548
vt 0.781068 0.409506
vt 0.780006 0.399502
vt 0.781284 0.399441
vt 0.007640 0.608623
vt 0.565237 0.505385
vt 0.568103 0.503553
vt 0.266915 0.747310
vt 0.265025 0.746951
vt 0.510605 0.756188
vt 0.508408 0.756776
vt 0.265549 0.752062
vt 0.263809 0.757071
vt 0.262491 0.757147
vt 0.263974 0.751763
vt 0.781227 0.394535
vt 0.779620 0.394254
vt 0.779565 0.389667
vt 0.779805 0.382785
vt 0.759581 0.247172
vt 0.760285 0.247074
vt 0.759443 0.255921
vt 0.743039 0.129427
vt 0.742950 0.134655
vt 0.742541 0.139883
vt 0.425111 0.784578
vt 0.787252 0.010186
vt 0.787362 0.017359
vt 0.509383 0.761621
vt 0.366386 0.973276
vt 0.367521 0.973043
vt 0.510711 0.766719
vt 0.779158 0.382768
vt 0.762227 0.247311
vt 0.761121 0.247682
vt 0.761258 0.245998
vt 0.787026 0.027489
vt 0.778718 0.399811
vt 0.787346 0.565576
vt 0.788674 0.565585
vt 0.787276 0.575081
vt 0.786025 0.565480
vt 0.460728 0.702401
vt 0.462253 0.693882
vt 0.461476 0.713196
vt 0.010353 0.765444
vt 0.007640 0.758191
vt 0.012519 0.758604
vt 0.563099 0.499600
vt 0.564690 0.500002
vt 0.625663 0.398100
vt 0.349759 0.750419
vt 0.366093 0.757263
vt 0.365362 0.751539
vt 0.787195 0.022264
vt 0.785593 0.022244
vt 0.760765 0.256000
vt 0.461103 0.707650
vt 0.424515 0.788822
vt 0.422859 0.793234
vt 0.787743 0.546582
vt 0.786946 0.547040
vt 0.786110 0.546432
vt 0.787085 0.545339
vt 0.762090 0.256044
vt 0.365362 0.956520
vt 0.365362 0.951902
vt 0.367256 0.954474
vt 0.795663 0.724092
vt 0.790818 0.728779
vt 0.366382 0.957763
vt 0.568561 0.494049
vt 0.609857 0.023203
vt 0.563021 0.946324
vt 0.564823 0.950614
vt 0.563021 0.952836
vt 0.009847 0.758836
vt 0.566419 0.498395
vt 0.565659 0.493453
vt 0.767528 0.976522
vt 0.769611 0.979161
vt 0.767442 0.979161
vt 0.572032 0.494056
vt 0.627478 0.397490
vt 0.781627 0.447048
vt 0.780305 0.446984
vt 0.266407 0.752280
vt 0.264697 0.757276
vt 0.788627 0.548170
vt 0.787697 0.547922
vt 0.788674 0.546812
vt 0.777950 0.389635
vt 0.778333 0.394562
vt 0.759715 0.266668
vt 0.761966 0.266993
vt 0.783267 0.447106
vt 0.786461 0.547570
vt 0.785755 0.547685
vt 0.782193 0.462752
vt 0.781926 0.457410
vt 0.783566 0.457468
vt 0.783522 0.462730
vt 0.762227 0.261408
vt 0.759578 0.261303
vt 0.781660 0.452050
vt 0.780338 0.451986
vt 0.780996 0.457116
vt 0.786679 0.555032
vt 0.785668 0.555025
vt 0.787077 0.547763
vt 0.788314 0.555165
vt 0.783219 0.452419
vt 0.786902 0.560106
vt 0.785891 0.560098
vt 0.305585 0.161635
vt 0.299918 0.163832
vt 0.307265 0.154052
vt 0.977103 0.121369
vt 0.977269 0.119424
vt 0.978148 0.119975
vt 0.977902 0.120908
vt 0.722204 0.803996
vt 0.723167 0.803996
vt 0.724814 0.806638
vt 0.719998 0.806638
vt 0.978148 0.123359
vt 0.079152 0.775239
vt 0.080296 0.775684
vt 0.080120 0.778559
vt 0.079005 0.778146
vt 0.924826 0.526275
vt 0.924046 0.524263
vt 0.924826 0.515939
vt 0.791162 0.733382
vt 0.792004 0.738459
vt 0.788538 0.560220
vt 0.294216 0.161529
vt 0.659565 0.009010
vt 0.658002 0.008654
vt 0.657878 0.007640
vt 0.659801 0.007752
vt 0.100053 0.445987
vt 0.098879 0.448492
vt 0.097998 0.447927
vt 0.098630 0.445934
vt 0.655773 0.011119
vt 0.655360 0.009716
vt 0.096318 0.447290
vt 0.661113 0.012332
vt 0.852388 0.135787
vt 0.292012 0.161251
vt 0.291640 0.154388
vt 0.725864 0.811282
vt 0.718479 0.811282
vt 0.095794 0.452217
vt 0.079081 0.769866
vt 0.081000 0.770772
vt 0.281093 0.160690
vt 0.278679 0.153227
vt 0.267928 0.772557
vt 0.264964 0.790892
vt 0.264140 0.779677
vt 0.279496 0.161128
vt 0.094118 0.451357
vt 0.654780 0.016833
vt 0.653528 0.016229
vt 0.077821 0.768617
vt 0.860974 0.023395
vt 0.860974 0.008702
vt 0.862211 0.007640
vt 0.863008 0.022941
vt 0.211690 0.833090
vt 0.211690 0.820962
vt 0.218437 0.821904
vt 0.219258 0.833177
vt 0.940994 0.187182
vt 0.940994 0.194918
vt 0.939633 0.194249
vt 0.661272 0.017319
vt 0.092320 0.451167
vt 0.092254 0.449664
vt 0.726698 0.816401
vt 0.717386 0.816401
vt 0.093147 0.457804
vt 0.083523 0.765105
vt 0.306952 0.168298
vt 0.305297 0.168420
vt 0.307240 0.161513
vt 0.086706 0.460031
vt 0.081013 0.758647
vt 0.082697 0.457518
vt 0.660849 0.029791
vt 0.653543 0.030105
vt 0.887476 0.714465
vt 0.887476 0.725791
vt 0.886683 0.723760
vt 0.884925 0.716425
vt 0.442657 0.561749
vt 0.454513 0.559484
vt 0.454712 0.569757
vt 0.442140 0.563960
vt 0.084426 0.473380
vt 0.084705 0.460021
vt 0.095239 0.456454
vt 0.092449 0.472533
vt 0.082397 0.459625
vt 0.651236 0.030921
vt 0.077821 0.753606
vt 0.658620 0.840928
vt 0.658620 0.828568
vt 0.665119 0.830101
vt 0.850030 0.661916
vt 0.849527 0.680368
vt 0.848225 0.661402
vt 0.848225 0.678954
vt 0.831883 0.364775
vt 0.826311 0.356385
vt 0.831883 0.349827
vt 0.305778 0.172368
vt 0.300029 0.172611
vt 0.870154 0.202580
vt 0.870154 0.187182
vt 0.871315 0.188312
vt 0.870067 0.816888
vt 0.871490 0.802523
vt 0.871912 0.816888
vt 0.455670 0.555642
vt 0.442500 0.552426
vt 0.873262 0.523785
vt 0.872151 0.529498
vt 0.872151 0.515939
vt 0.874252 0.516659
vt 0.456461 0.549883
vt 0.442140 0.550181
vt 0.544448 0.380435
vt 0.556861 0.381814
vt 0.559019 0.397492
vt 0.551278 0.397938
vt 0.787393 0.818044
vt 0.787393 0.806252
vt 0.796548 0.809215
vt 0.797082 0.812927
vt 0.103871 0.479203
vt 0.094269 0.489626
vt 0.092206 0.482239
vt 0.888838 0.814998
vt 0.887193 0.802968
vt 0.888838 0.802523
vt 0.294303 0.168669
vt 0.295915 0.173734
vt 0.294442 0.174218
vt 0.292354 0.168751
vt 0.770946 0.844845
vt 0.767442 0.845974
vt 0.767442 0.829883
vt 0.867306 0.364456
vt 0.865710 0.349187
vt 0.867306 0.348958
vt 0.106793 0.830815
vt 0.100381 0.828346
vt 0.099707 0.827125
vt 0.106793 0.817698
vt 0.552114 0.413842
vt 0.551494 0.418036
vt 0.544448 0.407115
vt 0.553126 0.407543
vt 0.455934 0.565229
vt 0.463898 0.571631
vt 0.462949 0.573261
vt 0.084124 0.482545
vt 0.082376 0.473568
vt 0.457230 0.554344
vt 0.080514 0.463288
vt 0.080925 0.459771
vt 0.662006 0.031393
vt 0.660495 0.032364
vt 0.653260 0.032364
vt 0.943759 0.479076
vt 0.944543 0.480230
vt 0.943759 0.487359
vt 0.464955 0.549523
vt 0.080524 0.473800
vt 0.560091 0.406210
vt 0.535986 0.103333
vt 0.535625 0.100157
vt 0.538229 0.102509
vt 0.086030 0.491319
vt 0.527424 0.101079
vt 0.529024 0.103842
vt 0.536384 0.088542
vt 0.538078 0.088070
vt 0.095242 0.494136
vt 0.087004 0.495829
vt 0.096116 0.497860
vt 0.088125 0.499397
vt 0.523920 0.092034
vt 0.534766 0.088667
vt 0.096901 0.501537
vt 0.088770 0.502043
vt 0.082074 0.482733
vt 0.097122 0.504246
vt 0.088521 0.503606
vt 0.282319 0.556464
vt 0.262491 0.563572
vt 0.284000 0.553143
vt 0.553510 0.093152
vt 0.555874 0.090696
vt 0.560776 0.094721
vt 0.559514 0.413753
vt 0.563046 0.092271
vt 0.558030 0.087805
vt 0.558630 0.417846
vt 0.564978 0.089662
vt 0.560255 0.084645
vt 0.080514 0.482833
vt 0.566539 0.086896
vt 0.561948 0.081604
vt 0.567907 0.084410
vt 0.563546 0.078570
vt 0.534605 0.062903
vt 0.532858 0.061099
vt 0.535473 0.056641
vt 0.538229 0.059014
vt 0.550404 0.421437
vt 0.557673 0.420931
vt 0.556511 0.423324
vt 0.549240 0.424564
vt 0.521188 0.084214
vt 0.534021 0.081339
vt 0.084065 0.491777
vt 0.561041 0.397879
vt 0.561900 0.406196
vt 0.084865 0.495972
vt 0.081379 0.488531
vt 0.535632 0.080889
vt 0.085986 0.499539
vt 0.086839 0.501783
vt 0.519729 0.078857
vt 0.532907 0.076279
vt 0.520394 0.061708
vt 0.520759 0.063634
vt 0.518937 0.064407
vt 0.518308 0.063472
vt 0.561231 0.414047
vt 0.083064 0.497189
vt 0.082017 0.493150
vt 0.523490 0.060513
vt 0.523584 0.063105
vt 0.526651 0.059955
vt 0.526745 0.062547
vt 0.517851 0.067069
vt 0.519984 0.066601
vt 0.519291 0.070201
vt 0.517199 0.070985
vt 0.519321 0.074385
vt 0.532220 0.072147
vt 0.529652 0.062650
vt 0.529902 0.060355
vt 0.532272 0.062769
vt 0.533667 0.063950
vt 0.535744 0.065400
vt 0.534058 0.065543
vt 0.560347 0.418140
vt 0.534630 0.069050
vt 0.536307 0.068583
vt 0.534963 0.073215
vt 0.523071 0.065736
vt 0.532062 0.065380
vt 0.523002 0.069292
vt 0.529459 0.065257
vt 0.526577 0.065474
vt 0.532296 0.068916
vt 0.526491 0.069035
vt 0.529693 0.068793
vt 0.910675 0.979731
vt 0.911990 0.980637
vt 0.910675 0.982776
vt 0.983438 0.963321
vt 0.983438 0.965953
vt 0.981838 0.965935
vt 0.531214 0.984032
vt 0.529927 0.982115
vt 0.531214 0.981170
vt 0.769633 0.363053
vt 0.771232 0.362988
vt 0.771232 0.365145
vt 0.330873 0.635015
vt 0.328838 0.637464
vt 0.328838 0.611803
vt 0.480235 0.698283
vt 0.480235 0.674851
vt 0.491415 0.686167
vt 0.007761 0.457062
vt 0.007770 0.454204
vt 0.008085 0.429588
vt 0.492654 0.607037
vt 0.492670 0.593572
vt 0.164930 0.609502
vt 0.164930 0.634171
vt 0.152804 0.633878
vt 0.152985 0.620422
vt 0.409517 0.230454
vt 0.627357 0.017606
vt 0.042993 0.958124
vt 0.044747 0.954451
vt 0.044747 0.960232
vt 0.903720 0.671896
vt 0.901868 0.662107
vt 0.903720 0.661402
vt 0.899796 0.361063
vt 0.899796 0.348958
vt 0.900925 0.349303
vt 0.595042 0.347384
vt 0.594357 0.341788
vt 0.597891 0.342448
vt 0.598921 0.332203
vt 0.598105 0.337213
vt 0.594688 0.336229
vt 0.600022 0.315249
vt 0.601013 0.316252
vt 0.698671 0.664070
vt 0.701264 0.663796
vt 0.987398 0.090105
vt 0.986437 0.091480
vt 0.986437 0.089028
vt 0.680173 0.315681
vt 0.812471 0.991331
vt 0.811649 0.991031
vt 0.812471 0.989863
vt 0.693973 0.546275
vt 0.982902 0.158474
vt 0.982902 0.155280
vt 0.983923 0.157361
vt 0.987643 0.662759
vt 0.986750 0.663780
vt 0.986750 0.661402
vt 0.992336 0.220207
vt 0.992056 0.218848
vt 0.992336 0.218651
vt 0.699645 0.187383
vt 0.701809 0.187182
vt 0.989491 0.381445
vt 0.988465 0.382554
vt 0.988465 0.380435
vt 0.616255 0.656344
vt 0.675934 0.990065
vt 0.675200 0.991451
vt 0.675200 0.989384
vt 0.767321 0.545339
vt 0.236961 0.988541
vt 0.235771 0.989400
vt 0.235771 0.987450
vt 0.799445 0.245998
vt 0.977136 0.839202
vt 0.920247 0.606062
vt 0.920247 0.616405
vt 0.919049 0.611664
vt 0.964675 0.941562
vt 0.964675 0.948041
vt 0.963834 0.947540
vt 0.836357 0.453005
vt 0.836357 0.432465
vt 0.838233 0.444039
vt 0.867399 0.661402
vt 0.874027 0.836929
vt 0.874027 0.852263
vt 0.872940 0.846909
vt 0.978115 0.138639
vt 0.977186 0.139986
vt 0.977103 0.138639
vt 0.257864 0.956179
vt 0.257864 0.953152
vt 0.259431 0.952662
vt 0.261189 0.953775
vt 0.261085 0.956499
vt 0.259821 0.956884
vt 0.989818 0.057304
vt 0.990781 0.056641
vt 0.990781 0.058614
vt 0.989814 0.058266
vt 0.607835 0.143186
vt 0.888025 0.380435
vt 0.887705 0.381448
vt 0.612327 0.888671
vt 0.615117 0.879087
vt 0.615117 0.889817
vt 0.609264 0.082387
vt 0.798355 0.407682
vt 0.797000 0.386016
vt 0.799712 0.390773
vt 0.799048 0.407628
vt 0.799712 0.385581
vt 0.797012 0.380831
vt 0.799006 0.380435
vt 0.635069 0.950956
vt 0.635069 0.953201
vt 0.632826 0.953893
vt 0.631528 0.952860
vt 0.631532 0.950639
vt 0.633132 0.949627
vt 0.616255 0.607981
vt 0.617972 0.618668
vt 0.617398 0.607252
vt 0.618267 0.607602
vt 0.871731 0.978157
vt 0.873228 0.978904
vt 0.871731 0.981187
vt 0.784557 0.101620
vt 0.784499 0.103419
vt 0.782560 0.104080
vt 0.781325 0.103241
vt 0.782970 0.100752
vt 0.781325 0.101684
vt 0.944590 0.125421
vt 0.943227 0.126183
vt 0.258067 0.990758
vt 0.258291 0.990341
vt 0.258697 0.990545
vt 0.258697 0.991561
vt 0.257864 0.991164
vt 0.726801 0.380568
vt 0.258067 0.991774
vt 0.726646 0.390635
vt 0.812251 0.973280
vt 0.811649 0.970470
vt 0.813238 0.970840
vt 0.813538 0.972245
vt 0.990833 0.265124
vt 0.991335 0.263472
vt 0.991134 0.263722
vt 0.460745 0.749302
vt 0.460728 0.744081
vt 0.892122 0.901737
vt 0.892122 0.893270
vt 0.895617 0.901641
vt 0.811649 0.974583
vt 0.834079 0.901805
vt 0.834079 0.891706
vt 0.835434 0.896696
vt 0.836544 0.901091
vt 0.840846 0.550165
vt 0.842670 0.564272
vt 0.842670 0.545339
vt 0.583187 0.101448
vt 0.585086 0.099685
vt 0.584563 0.100951
vt 0.026072 0.992278
vt 0.026072 0.990911
vt 0.026598 0.991369
vt 0.573042 0.295424
vt 0.575294 0.296381
vt 0.575294 0.298922
vt 0.571436 0.299252
vt 0.571114 0.296711
vt 0.573366 0.299889
vt 0.343490 0.991012
vt 0.343490 0.992360
vt 0.343036 0.991460
vt 0.845026 0.626070
vt 0.845026 0.607252
vt 0.847212 0.609101
vt 0.558274 0.063880
vt 0.548176 0.427092
vt 0.262491 0.524873
vt 0.284710 0.549558
vt 0.260684 0.786938
vt 0.485930 0.717269
vt 0.490225 0.713564
vt 0.490225 0.736350
vt 0.480235 0.722875
vt 0.267928 0.792933
vt 0.553510 0.056641
vt 0.485261 0.751630
vt 0.485261 0.778463
vt 0.480235 0.773134
vt 0.853961 0.438618
vt 0.855316 0.432465
vt 0.855316 0.449966
vt 0.853513 0.444488
vt 0.615927 0.765689
vt 0.616248 0.765689
vt 0.616177 0.775179
vt 0.793826 0.764164
vt 0.797082 0.764164
vt 0.990587 0.819958
vt 0.990134 0.820408
vt 0.990132 0.819959
vt 0.990359 0.819734
vt 0.991042 0.821355
vt 0.991042 0.819957
vt 0.990815 0.821580
vt 0.990136 0.820857
vt 0.676203 0.970177
vt 0.676203 0.972128
vt 0.675991 0.971442
vt 0.991589 0.517890
vt 0.991484 0.516572
vt 0.991589 0.515939
vt 0.946790 0.459136
vt 0.946368 0.463787
vt 0.946368 0.455124
vt 0.576396 0.221569
vt 0.574157 0.226251
vt 0.571517 0.230717
vt 0.787393 0.937398
vt 0.745363 0.989445
vt 0.745363 0.991521
vt 0.745015 0.990427
vt 0.745024 0.989748
vt 0.791236 0.340201
vt 0.861011 0.040082
vt 0.860974 0.038935
vt 0.862407 0.038675
vt 0.863416 0.039533
vt 0.861743 0.041170
vt 0.863364 0.041170
vt 0.634760 0.912554
vt 0.631528 0.912554
vt 0.632685 0.904338
vt 0.986380 0.609233
vt 0.985682 0.607677
vt 0.986380 0.606062
vt 0.795533 0.730844
vt 0.337619 0.174388
s 1
usemtl Material
f 1/1/1 4/2/1 2/3/1 3/4/1
f 3/4/2 11/5/2 5/6/2 1/1/2
f 6/7/3 7/8/3 1/1/3 5/6/3
f 7/8/4 42/9/4 4/2/4 1/1/4
f 8/10/5 14/11/5 3/4/5 2/3/5
f 9/12/6 16/13/6 8/10/6 2/3/6
f 4/2/7 45/14/7 10/15/7 2/3/7
f 2/3/8 10/15/8 9/12/8
f 5/6/9 12/16/9 6/7/9
f 13/17/10 49/18/10 12/16/10 5/6/10
f 5/6/11 11/5/11 13/17/11
f 15/19/12 18/20/12 14/11/12 8/10/12
f 8/10/13 16/13/13 15/19/13
f 17/21/14 20/22/14 3/4/14 14/11/14
f 18/20/15 56/23/15 17/21/15 14/11/15
f 19/24/16 57/25/16 11/5/16 3/4/16
f 3/4/17 20/22/17 19/24/17
f 23/26/5 28/27/5 21/28/5 22/29/5
f 21/28/18 31/30/18 24/31/18 22/29/18
f 26/32/19 27/33/19 21/28/19 25/34/19
f 21/28/5 29/35/5 25/34/5
f 28/27/20 39/36/20 29/35/20 21/28/20
f 21/28/21 30/37/21 31/30/21
f 27/33/22 64/38/22 30/37/22 21/28/22
f 22/29/23 33/39/23 32/40/23 23/26/23
f 24/31/24 66/41/24 33/39/24 22/29/24
f 25/34/25 29/35/25 34/42/25 26/32/25
f 35/43/26 65/44/26 27/33/26 26/32/26
f 36/45/27 68/46/27 35/43/27 26/32/27
f 34/42/28 71/47/28 36/45/28
f 34/42/29 36/45/29 26/32/29
f 37/48/30 40/49/30 28/27/30 23/26/30
f 38/50/31 37/48/31 23/26/31
f 38/50/32 23/26/32 32/40/32
f 40/49/33 77/51/33 39/36/33 28/27/33
f 41/52/34 75/53/34 34/42/34
f 41/52/35 34/42/35 29/35/35
f 39/36/36 78/54/36 41/52/36 29/35/36
f 43/55/37 44/56/37 7/8/37 6/7/37
f 7/8/38 44/56/38 42/9/38
f 4/2/39 42/9/39 45/14/39
f 46/57/40 47/58/40 6/7/40 12/16/40
f 6/7/41 47/58/41 43/55/41
f 48/59/42 50/60/42 9/12/42 10/15/42
f 45/61/43 85/62/43 48/63/43 10/64/43
f 49/18/44 88/65/44 46/57/44 12/16/44
f 50/60/45 52/66/45 16/13/45 9/12/45
f 16/13/46 52/66/46 51/67/46 15/19/46
f 53/68/47 54/69/47 13/17/47 11/5/47
f 54/69/48 91/70/48 49/18/48 13/17/48
f 15/19/49 51/67/49 55/71/49 18/20/49
f 18/20/50 55/71/50 56/23/50
f 11/5/51 57/25/51 53/68/51
f 58/72/52 60/73/52 20/22/52 17/21/52
f 17/21/53 56/23/53 58/72/53
f 20/22/54 60/73/54 59/74/54 19/24/54
f 19/24/55 59/74/55 57/25/55
f 61/75/56 63/76/56 31/30/56 30/37/56
f 31/30/57 63/76/57 62/77/57 24/31/57
f 30/37/58 64/38/58 61/75/58
f 27/33/59 65/44/59 64/38/59
f 24/31/60 62/77/60 66/41/60
f 67/78/61 70/79/61 32/40/61 33/39/61
f 33/39/62 66/41/62 67/78/62
f 69/80/63 104/81/63 65/82/63 35/83/63
f 68/84/64 109/85/64 69/86/64 35/87/64
f 70/79/65 73/88/65 38/50/65 32/40/65
f 71/89/66 113/90/66 68/84/66 36/91/66
f 38/50/67 73/88/67 72/92/67 37/48/67
f 37/48/68 72/92/68 74/93/68 40/49/68
f 76/94/69 115/95/69 71/47/69 34/42/69
f 75/53/70 117/96/70 76/94/70 34/42/70
f 74/97/71 119/98/71 77/99/71 40/100/71
f 39/36/72 77/51/72 78/54/72
f 79/101/73 121/102/73 75/53/73 41/52/73
f 41/52/74 78/54/74 79/101/74
f 80/103/75 82/104/75 42/105/75 44/106/75
f 81/107/76 80/108/76 44/56/76 43/55/76
f 82/104/77 85/62/77 45/61/77 42/105/77
f 83/109/78 84/110/78 43/55/78 47/58/78
f 43/55/79 84/110/79 81/107/79
f 46/57/80 89/111/80 86/112/80 47/58/80
f 47/58/81 86/112/81 83/109/81
f 87/113/82 90/114/82 50/115/82 48/63/82
f 85/62/83 129/116/83 87/113/83 48/63/83
f 46/117/84 88/118/84 89/119/84
f 90/120/85 92/121/85 52/122/85 50/123/85
f 91/124/86 138/125/86 88/118/86 49/126/86
f 92/121/87 93/127/87 51/128/87 52/122/87
f 93/127/88 95/129/88 55/130/88 51/128/88
f 53/131/89 96/132/89 94/133/89 54/134/89
f 94/133/90 140/135/90 91/136/90 54/134/90
f 95/129/91 98/137/91 56/138/91 55/130/91
f 57/139/92 100/140/92 96/132/92 53/131/92
f 56/138/93 98/137/93 97/141/93 58/142/93
f 99/143/94 100/140/94 57/139/94 59/144/94
f 58/145/95 97/146/95 101/147/95 60/148/95
f 60/148/96 101/147/96 99/143/96 59/144/96
f 102/149/97 103/150/97 63/151/97 61/152/97
f 64/153/98 105/154/98 102/149/98 61/152/98
f 103/150/99 106/155/99 62/156/99 63/151/99
f 104/81/100 105/154/100 64/153/100 65/82/100
f 106/155/101 108/157/101 66/158/101 62/156/101
f 66/159/102 108/160/102 107/161/102 67/162/102
f 110/163/103 156/164/103 104/81/103 69/80/103
f 109/165/104 158/166/104 110/163/104 69/80/104
f 67/162/105 107/161/105 111/167/105 70/168/105
f 70/168/106 111/167/106 112/169/106 73/170/106
f 113/90/107 160/171/107 109/85/107 68/84/107
f 73/170/108 112/169/108 114/172/108 72/173/108
f 115/174/109 162/175/109 113/90/109 71/89/109
f 72/176/110 114/177/110 116/178/110 74/97/110
f 76/179/111 117/180/111 118/181/111
f 76/179/112 118/181/112 115/174/112
f 116/178/113 166/182/113 119/98/113 74/97/113
f 77/99/114 119/98/114 120/183/114 78/184/114
f 75/53/115 121/102/115 122/185/115
f 75/53/116 122/185/116 117/96/116
f 78/184/117 120/183/117 123/186/117 79/187/117
f 79/101/118 123/188/118 121/102/118
f 81/189/119 126/190/119 124/191/119 80/103/119
f 80/103/120 124/191/120 125/192/120 82/104/120
f 84/193/121 128/194/121 126/190/121 81/189/121
f 82/104/122 127/195/122 85/62/122
f 125/192/123 179/196/123 127/195/123 82/104/123
f 83/197/124 131/198/124 128/199/124 84/200/124
f 127/195/125 181/201/125 129/116/125 85/62/125
f 130/202/126 131/198/126 83/197/126 86/203/126
f 132/204/127 130/202/127 86/203/127 89/119/127
f 87/113/128 135/205/128 133/206/128 90/114/128
f 134/207/129 135/205/129 87/113/129
f 134/207/130 87/113/130 129/116/130
f 136/208/131 132/204/131 89/119/131 88/118/131
f 90/120/132 133/209/132 137/210/132 92/121/132
f 88/118/133 138/125/133 136/208/133
f 92/121/134 137/210/134 139/211/134 93/127/134
f 91/136/135 140/135/135 138/212/135
f 93/127/136 139/211/136 141/213/136 95/129/136
f 142/214/137 140/135/137 94/133/137
f 142/214/138 94/133/138 96/132/138
f 95/129/139 141/213/139 143/215/139 98/137/139
f 100/140/140 148/216/141 144/217/142
f 100/140/143 144/217/143 96/132/143
f 144/217/144 189/218/144 142/214/144 96/132/144
f 98/137/145 143/215/145 145/219/145 97/141/145
f 97/146/146 145/220/146 146/221/146 101/147/146
f 99/143/147 149/222/147 147/223/147 100/140/147
f 100/140/140 147/223/148 148/216/141
f 101/147/149 146/221/149 149/222/149 99/143/149
f 150/224/150 152/225/150 103/150/150 102/149/150
f 151/226/151 150/224/151 102/149/151 105/154/151
f 152/225/152 155/227/152 106/155/152 103/150/152
f 153/228/153 154/229/153 105/154/153
f 153/228/154 105/154/154 104/81/154
f 105/154/155 154/229/155 151/226/155
f 155/227/156 157/230/156 108/157/156 106/155/156
f 156/164/157 190/231/157 153/228/157 104/81/157
f 157/232/158 159/233/158 107/161/158 108/160/158
f 110/163/159 158/166/159 156/164/159
f 159/233/160 161/234/160 111/167/160 107/161/160
f 109/85/161 160/171/161 158/235/161
f 161/234/162 163/236/162 112/169/162 111/167/162
f 113/90/163 162/175/163 160/171/163
f 163/236/164 165/237/164 114/172/164 112/169/164
f 118/181/127 169/238/127 164/239/127 115/174/127
f 115/174/165 164/239/165 162/175/165
f 165/240/166 168/241/166 116/178/166 114/177/166
f 116/178/167 168/241/167 167/242/167
f 116/178/168 167/242/168 166/182/168
f 117/180/169 171/243/169 169/238/169 118/181/169
f 170/244/170 171/243/170 117/180/170 122/245/170
f 119/98/171 172/246/171 120/183/171
f 166/182/172 198/247/172 172/246/172 119/98/172
f 173/248/173 170/249/173 122/250/173 121/251/173
f 174/252/174 175/253/174 123/186/174 120/183/174
f 172/246/175 200/254/175 174/252/175 120/183/175
f 175/253/176 173/248/176 121/251/176 123/186/176
f 126/190/177 178/255/177 176/256/177 124/191/177
f 124/191/178 176/256/178 177/257/178 125/192/178
f 128/194/179 180/258/179 178/255/179 126/190/179
f 125/192/180 177/257/180 179/196/180
f 131/198/181 182/259/181 180/260/181 128/199/181
f 179/196/182 209/261/182 181/201/182 127/195/182
f 130/202/183 184/262/183 182/259/183 131/198/183
f 183/263/184 184/262/184 130/202/184 132/204/184
f 129/116/185 181/201/185 134/207/185
f 185/264/186 183/263/186 132/204/186 136/208/186
f 186/265/187 185/264/187 136/208/187 138/125/187
f 187/266/188 186/267/188 138/212/188 140/135/188
f 188/268/189 187/266/189 140/135/189 142/214/189
f 189/218/190 216/269/190 188/268/190 142/214/190
f 144/217/191 148/216/191 189/218/191
f 153/228/192 190/231/192 154/229/192
f 158/166/193 192/270/193 191/271/193 156/164/193
f 191/271/194 218/272/194 190/231/194 156/164/194
f 160/171/195 193/273/195 192/274/195 158/235/195
f 162/175/196 194/275/196 193/273/196 160/171/196
f 164/239/197 195/276/197 194/275/197 162/175/197
f 169/238/184 197/277/184 195/276/184 164/239/184
f 196/278/198 197/277/198 169/238/198 171/243/198
f 166/182/199 167/242/199 198/247/199
f 199/279/200 196/278/200 171/243/200 170/244/200
f 198/247/201 226/280/201 200/254/201 172/246/201
f 201/281/202 199/282/202 170/249/202 173/248/202
f 202/283/203 203/284/203 175/253/203 174/252/203
f 174/252/204 200/254/204 202/283/204
f 203/284/205 201/281/205 173/248/205 175/253/205
f 178/255/206 206/285/206 204/286/206 176/256/206
f 176/256/207 204/286/207 205/287/207 177/257/207
f 180/258/208 208/288/208 206/285/208 178/255/208
f 177/257/209 205/287/209 207/289/209 179/196/209
f 182/259/210 210/290/210 208/291/210 180/260/210
f 179/196/211 207/289/211 209/261/211
f 184/262/212 211/292/212 210/290/212 182/259/212
f 183/263/213 212/293/213 211/292/213 184/262/213
f 209/261/214 236/294/214 134/207/214 181/201/214
f 185/264/215 213/295/215 212/293/215 183/263/215
f 186/265/216 214/296/216 213/295/216 185/264/216
f 187/266/217 215/297/217 214/298/217 186/267/217
f 188/268/218 217/299/218 215/297/218 187/266/218
f 216/269/219 244/300/219 217/299/219 188/268/219
f 148/216/220 244/300/220 216/269/220
f 148/216/221 216/269/221 189/218/221
f 218/301/222 245/302/222 154/303/222
f 218/272/223 154/229/223 190/231/223
f 219/304/224 220/305/224 191/271/224 192/270/224
f 220/305/225 245/306/225 218/272/225 191/271/225
f 221/307/226 219/308/226 192/274/226 193/273/226
f 222/309/227 221/307/227 193/273/227 194/275/227
f 223/310/228 222/309/228 194/275/228 195/276/228
f 224/311/213 223/310/213 195/276/213 197/277/213
f 225/312/229 224/311/229 197/277/229 196/278/229
f 167/242/230 252/313/230 226/280/230 198/247/230
f 227/314/231 225/312/231 196/278/231 199/279/231
f 228/315/232 227/316/232 199/282/232 201/281/232
f 229/317/233 230/318/233 202/283/233 200/254/233
f 200/254/234 226/280/234 229/317/234
f 230/318/235 231/319/235 203/284/235 202/283/235
f 231/319/236 228/315/236 201/281/236 203/284/236
f 204/286/237 233/320/237 232/321/237 205/287/237
f 206/285/238 235/322/238 233/320/238 204/286/238
f 205/287/239 232/321/239 234/323/239 207/289/239
f 208/288/240 237/324/240 235/322/240 206/285/240
f 207/289/241 234/323/241 236/294/241 209/261/241
f 210/325/242 238/326/242 237/327/242 208/328/242
f 211/292/243 239/329/243 238/330/243 210/290/243
f 212/293/244 240/331/244 239/329/244 211/292/244
f 213/295/245 241/332/245 240/331/245 212/293/245
f 214/296/246 242/333/246 241/332/246 213/295/246
f 214/298/247 215/297/247 242/334/247
f 215/297/248 217/299/248 243/335/248
f 243/335/249 267/336/249 242/334/249 215/297/249
f 244/300/250 268/337/250 243/335/250 217/299/250
f 220/305/251 219/304/251 246/338/251
f 246/338/252 272/339/252 245/306/252 220/305/252
f 219/308/253 221/307/253 247/340/253
f 247/340/254 274/341/254 246/342/254 219/308/254
f 248/343/255 247/340/255 221/307/255 222/309/255
f 249/344/256 248/343/256 222/309/256 223/310/256
f 250/345/257 249/344/257 223/310/257 224/311/257
f 251/346/258 250/345/258 224/311/258 225/312/258
f 252/313/259 255/347/259 229/317/259 226/280/259
f 253/348/260 251/346/260 225/312/260 227/314/260
f 254/349/261 253/350/261 227/316/261 228/315/261
f 255/347/262 257/351/262 230/318/262 229/317/262
f 256/352/263 254/349/263 228/315/263 231/319/263
f 257/351/264 256/352/264 231/319/264 230/318/264
f 233/320/265 259/353/265 258/354/265 232/321/265
f 235/322/266 261/355/266 259/353/266 233/320/266
f 232/321/267 258/354/267 260/356/267 234/323/267
f 235/357/268 237/327/268 261/358/268
f 262/359/269 265/360/269 236/294/269
f 262/359/270 236/294/270 234/323/270
f 260/361/271 286/362/271 262/363/271 234/364/271
f 263/365/272 261/358/272 237/327/272 238/326/272
f 238/326/273 239/366/273 263/365/273
f 264/367/274 263/365/274 239/366/274 240/368/274
f 265/360/275 135/205/275 134/207/275 236/294/275
f 241/369/276 266/370/276 264/367/276 240/368/276
f 241/369/277 242/371/277 266/370/277
f 267/372/278 289/373/278 266/370/278 242/371/278
f 268/374/279 290/375/279 267/372/279 243/376/279
f 148/216/280 147/223/280 269/377/280 244/300/280
f 244/378/281 269/379/281 270/380/281 268/381/281
f 271/382/282 151/226/282 154/229/282 245/306/282
f 273/383/283 271/384/283 245/385/283 272/386/283
f 274/387/284 291/388/284 272/389/284 246/390/284
f 247/391/285 248/392/285 275/393/285
f 275/393/286 292/394/286 274/387/286 247/391/286
f 276/395/287 275/393/287 248/392/287 249/396/287
f 250/397/274 277/398/274 276/395/274 249/396/274
f 250/397/288 251/399/288 277/398/288
f 167/242/289 168/241/289 278/400/289 252/313/289
f 252/313/290 278/400/290 279/401/290
f 252/313/291 279/401/291 255/347/291
f 253/402/292 280/403/292 277/398/292 251/399/292
f 253/402/293 254/404/293 280/403/293
f 281/405/294 283/406/294 257/351/294 255/347/294
f 279/407/295 294/408/295 281/409/295 255/410/295
f 282/411/296 280/412/296 254/349/296 256/352/296
f 283/406/297 282/411/297 256/352/297 257/351/297
f 259/413/298 285/414/298 284/415/298 258/416/298
f 259/413/299 261/358/299 285/414/299
f 284/415/300 286/362/300 260/361/300
f 284/415/301 260/361/301 258/416/301
f 263/365/302 287/417/302 285/414/302 261/358/302
f 264/367/303 266/370/303 287/417/303
f 264/367/304 287/417/304 263/365/304
f 288/418/305 265/360/305 262/359/305 286/419/305
f 289/373/306 300/420/306 287/417/306 266/370/306
f 290/375/307 302/421/307 289/373/307 267/372/307
f 268/381/308 270/380/308 290/422/308
f 272/386/309 291/423/309 273/383/309
f 292/394/310 304/424/310 291/388/310 274/387/310
f 275/393/311 276/395/311 293/425/311
f 293/425/312 306/426/312 292/394/312 275/393/312
f 277/398/313 296/427/313 293/425/313 276/395/313
f 279/401/314 278/400/314 295/428/314 294/429/314
f 280/403/315 282/430/315 296/427/315
f 280/403/316 296/427/316 277/398/316
f 281/409/317 294/408/317 297/431/317
f 281/409/318 297/431/318 283/432/318
f 297/431/319 296/427/319 282/430/319 283/432/319
f 284/415/320 285/414/320 298/433/320
f 284/415/321 298/433/321 299/434/321 286/362/321
f 300/420/322 298/433/322 285/414/322 287/417/322
f 301/435/323 288/418/323 286/419/323 299/436/323
f 302/421/324 310/437/324 300/420/324 289/373/324
f 290/422/325 270/380/325 303/438/325 302/439/325
f 305/440/325 273/383/325 291/423/325 304/441/325
f 306/426/326 312/442/326 304/424/326 292/394/326
f 307/443/327 306/426/327 293/425/327 296/427/327
f 308/444/328 307/443/328 297/431/328 294/408/328
f 294/429/329 295/428/329 309/445/329 308/446/329
f 296/427/330 297/431/330 307/443/330
f 310/437/331 299/434/331 298/433/331 300/420/331
f 311/447/332 301/448/332 299/449/332 310/450/332
f 302/439/333 303/438/333 311/447/333 310/450/333
f 312/451/334 313/452/334 305/440/334 304/441/334
f 307/443/335 308/444/335 312/442/335 306/426/335
f 308/453/336 309/454/336 313/452/336 312/451/336
f 315/455/5 321/456/5 316/457/5 314/458/5
f 315/459/337 314/460/337 316/461/337
f 315/462/338 316/463/338 317/464/338
f 319/465/5 323/466/5 320/467/5 318/468/5
f 317/469/339 319/465/339 318/468/339
f 317/464/340 318/470/340 320/471/340
f 315/472/341 322/473/341 321/474/341
f 317/464/342 418/475/342 322/476/342 315/462/342
f 323/477/343 301/478/343 324/479/343 320/480/343
f 324/481/344 419/482/344 317/464/344 320/471/344
f 316/483/345 321/484/345 135/485/345
f 316/483/346 135/485/346 265/486/346
f 316/487/347 265/488/347 317/489/347
f 288/490/348 301/491/348 323/466/348 319/465/348
f 265/492/349 288/493/349 319/494/349
f 265/495/350 319/465/350 317/469/350
f 133/496/351 135/485/351 321/484/351
f 133/497/352 321/474/352 322/473/352
f 326/498/5 331/499/5 327/500/5 325/501/5
f 325/502/353 322/503/353 326/504/353
f 327/505/354 133/506/354 322/507/354 325/508/354
f 329/509/5 333/510/5 330/511/5 328/512/5
f 324/513/355 329/509/355 328/512/355
f 324/514/356 328/515/356 330/516/356
f 326/517/357 332/518/357 331/519/357
f 322/520/358 421/521/358 332/518/358 326/517/358
f 333/522/359 303/523/359 334/524/359 330/525/359
f 334/526/360 424/527/360 324/514/360 330/516/360
f 137/528/361 133/506/361 327/505/361 331/529/361
f 311/530/362 303/531/362 333/510/362 329/509/362
f 301/532/363 311/530/363 329/509/363
f 301/533/364 329/534/364 324/535/364
f 331/519/365 332/518/365 139/536/365
f 331/529/366 139/537/366 137/528/366
f 336/538/5 338/539/5 337/540/5 335/541/5
f 332/518/367 336/542/367 335/543/367
f 332/544/368 335/545/368 337/546/368
f 139/547/369 332/548/369 337/549/369
f 139/547/370 337/549/370 338/550/370
f 339/551/5 342/552/5 340/553/5 341/554/5
f 341/555/371 340/556/371 334/526/371
f 341/557/368 334/558/368 339/559/368
f 339/559/372 334/558/372 303/560/372
f 339/561/373 303/562/373 342/563/373
f 336/564/374 343/565/374 338/566/374
f 332/518/375 427/567/375 343/568/375 336/542/375
f 338/566/374 343/565/374 141/569/374
f 338/550/376 141/570/376 139/547/376
f 342/571/374 344/572/374 340/573/374
f 270/574/374 344/572/374 342/571/374
f 270/575/377 342/563/377 303/562/377
f 344/576/378 430/577/378 334/526/378 340/556/378
f 347/578/5 348/579/5 345/580/5 346/581/5
f 345/582/379 141/583/379 343/584/379 346/585/379
f 348/586/380 143/587/380 141/588/380 345/589/380
f 349/590/5 352/591/5 350/592/5 351/593/5
f 344/594/381 270/595/381 349/596/381 351/597/381
f 270/598/382 269/599/382 352/591/382 349/590/382
f 346/600/383 343/568/383 347/601/383
f 351/602/384 350/603/384 344/576/384
f 353/604/385 143/605/385 348/606/385 347/607/385
f 352/608/386 269/609/386 354/610/386 350/611/386
f 343/568/387 433/612/387 353/613/387 347/601/387
f 354/614/388 435/615/388 344/576/388 350/603/388
f 357/616/389 358/617/389 355/618/389 356/619/389
f 353/620/390 357/621/390 356/622/390
f 353/623/391 356/624/391 355/625/391
f 355/626/392 358/627/392 145/628/392
f 143/629/393 353/623/393 355/625/393
f 143/630/394 355/626/394 145/628/394
f 359/631/395 362/632/395 360/633/395 361/634/395
f 361/635/396 360/636/396 354/637/396
f 361/638/397 354/639/397 359/640/397
f 359/631/398 147/641/398 362/632/398
f 359/642/399 354/643/399 269/644/399
f 359/645/400 269/646/400 147/647/400
f 357/648/401 363/649/401 358/650/401
f 353/620/402 437/651/402 363/652/402 357/621/402
f 360/653/403 362/654/403 364/655/403
f 364/656/404 440/657/404 354/637/404 360/636/404
f 149/658/405 146/659/405 365/660/405 366/661/405
f 365/662/406 152/663/406 150/664/406 366/665/406
f 365/666/407 146/667/407 363/668/407
f 363/652/408 443/669/408 364/656/408 365/670/408
f 364/671/5 372/672/5 152/673/5
f 364/674/409 152/675/409 365/676/409
f 366/677/410 150/678/410 364/679/410
f 366/677/411 364/679/411 149/680/411
f 369/681/412 371/682/412 367/683/412 368/684/412
f 370/685/413 369/681/413 368/684/413
f 370/686/414 368/687/414 367/688/414
f 367/689/415 371/690/415 372/691/415
f 372/692/416 448/693/416 370/686/416 367/688/416
f 373/694/417 377/695/417 374/696/417 375/697/417
f 373/698/418 375/699/418 376/700/418
f 373/698/419 378/701/419 377/702/419
f 376/700/420 451/703/420 378/701/420 373/698/420
f 374/704/421 271/705/421 376/706/421 375/707/421
f 369/708/422 155/709/422 371/710/422
f 157/711/423 155/712/423 369/713/423
f 157/714/424 369/681/424 370/685/424
f 151/715/425 271/716/425 374/717/425 377/718/425
f 379/719/5 382/720/5 380/721/5 381/722/5
f 381/723/426 157/724/426 370/725/426 379/726/426
f 379/727/427 383/728/427 382/729/427
f 370/730/428 453/731/428 383/728/428 379/727/428
f 386/732/5 387/733/5 384/734/5 385/735/5
f 384/736/429 376/737/429 385/738/429
f 387/739/430 386/740/430 388/741/430
f 387/742/431 388/743/431 384/744/431
f 388/743/432 456/745/432 376/746/432 384/744/432
f 159/747/433 157/748/433 381/749/433 380/750/433
f 385/751/434 273/752/434 386/753/434
f 271/754/435 273/752/435 385/751/435
f 271/755/436 385/738/436 376/737/436
f 383/756/437 159/757/437 380/758/437 382/759/437
f 305/760/438 388/741/438 386/740/438
f 305/761/439 386/753/439 273/752/439
f 389/762/5 392/763/5 390/764/5 391/765/5
f 389/766/368 391/767/368 383/768/368
f 393/769/440 390/770/440 392/771/440
f 393/772/367 392/773/367 389/774/367
f 383/728/441 459/775/441 393/772/441 389/774/441
f 390/776/442 163/777/442 161/778/442 391/779/442
f 391/779/443 161/778/443 159/780/443
f 391/767/444 159/781/444 383/768/444
f 395/782/5 397/783/5 396/784/5 394/785/5
f 388/786/445 305/787/445 394/788/445 396/789/445
f 305/790/446 313/791/446 395/792/446 394/793/446
f 397/794/440 395/795/440 398/796/440
f 397/797/371 398/798/371 396/799/371
f 398/798/378 461/800/378 388/743/378 396/799/378
f 390/770/447 393/769/447 163/801/447
f 395/795/448 313/802/448 398/796/448
f 400/803/5 405/804/5 401/805/5 399/806/5
f 401/807/449 165/808/449 163/809/449 399/810/449
f 399/811/450 163/812/450 393/813/450
f 399/814/451 393/772/451 400/815/451
f 403/816/5 407/817/5 404/818/5 402/819/5
f 402/820/452 398/821/452 313/822/452 403/823/452
f 402/824/453 404/825/453 398/798/453
f 406/826/454 165/808/454 401/807/454 405/827/454
f 408/828/455 404/829/455 407/830/455
f 408/831/456 407/832/456 403/833/456
f 309/834/457 408/831/457 403/833/457
f 309/835/458 403/836/458 313/837/458
f 400/838/459 406/839/459 405/840/459
f 393/772/460 463/841/460 406/842/460 400/815/460
f 408/843/461 466/844/461 398/798/461 404/825/461
f 410/845/5 415/846/5 411/847/5 409/848/5
f 409/849/462 411/850/462 168/851/462
f 409/852/463 406/853/463 410/854/463
f 165/855/464 406/853/464 409/852/464
f 165/856/465 409/849/465 168/851/465
f 413/857/5 417/858/5 414/859/5 412/860/5
f 412/861/466 309/862/466 295/863/466 413/864/466
f 408/865/467 309/866/467 412/867/467 414/868/467
f 415/869/468 410/870/468 416/871/468
f 415/872/469 416/873/469 411/874/469
f 411/874/347 416/873/347 278/875/347
f 411/850/470 278/876/470 168/851/470
f 416/871/471 414/877/471 417/878/471
f 416/879/472 417/858/472 413/857/472
f 278/880/350 416/879/350 413/857/350
f 278/881/473 413/864/473 295/863/473
f 406/882/474 469/883/474 416/871/474 410/870/474
f 416/871/475 472/884/475 408/885/475 414/877/475
f 358/650/476 363/649/476 146/886/476
f 358/887/477 146/888/477 145/889/477
f 149/890/478 364/655/478 362/654/478
f 149/891/479 362/892/479 147/893/479
f 371/710/480 155/709/480 152/894/480
f 371/690/481 152/895/481 372/691/481
f 150/896/482 151/897/482 377/898/482
f 150/899/483 377/702/483 378/701/483
f 317/464/484 419/482/484 420/900/484
f 317/464/485 420/900/485 418/475/485
f 322/476/486 418/475/486 422/901/486
f 423/902/487 421/903/487 322/476/487 422/901/487
f 324/481/488 425/904/488 419/482/488
f 324/481/489 424/905/489 426/906/489 425/904/489
f 332/518/490 421/521/490 428/907/490
f 429/908/491 427/567/491 332/518/491 428/907/491
f 334/526/492 431/909/492 424/527/492
f 334/526/493 430/577/493 432/910/493
f 334/526/494 432/910/494 431/909/494
f 434/911/495 433/612/495 343/568/495 427/567/495
f 344/576/496 435/615/496 436/912/496 430/577/496
f 438/913/497 439/914/497 353/613/497 433/612/497
f 353/620/498 439/915/498 437/651/498
f 354/614/499 442/916/499 441/917/499 435/615/499
f 354/637/500 440/657/500 442/918/500
f 444/919/501 445/920/501 363/652/501 437/651/501
f 363/652/502 445/920/502 443/669/502
f 364/921/503 378/922/503 446/923/503
f 364/924/504 446/925/504 372/692/504
f 364/926/5 150/927/5 378/928/5
f 364/656/505 443/669/505 447/929/505 440/657/505
f 372/692/506 446/925/506 449/930/506
f 450/931/507 448/693/507 372/692/507 449/930/507
f 378/701/508 451/703/508 452/932/508 446/925/508
f 370/686/509 448/693/509 454/933/509
f 455/934/510 453/731/510 370/730/510 454/935/510
f 376/700/511 457/936/511 451/703/511
f 376/746/512 456/745/512 458/937/512 457/938/512
f 383/728/513 453/731/513 460/939/513
f 460/939/514 558/940/514 459/775/514 383/728/514
f 388/743/515 461/800/515 462/941/515 456/745/515
f 464/942/516 465/943/516 393/772/516 459/775/516
f 393/772/517 465/943/517 463/841/517
f 398/798/518 468/944/518 467/945/518 461/800/518
f 398/798/519 466/844/519 468/944/519
f 470/946/520 471/947/520 406/842/520 463/841/520
f 406/882/521 471/948/521 469/883/521
f 408/885/522 474/949/522 473/950/522 466/951/522
f 408/885/523 472/884/523 474/949/523
f 475/952/524 472/884/524 416/871/524
f 475/952/525 416/871/525 469/883/525
f 477/953/5 422/954/5 418/955/5 476/956/5
f 476/957/526 479/958/526 478/959/526 477/960/526
f 418/961/527 496/962/527 479/963/527 476/964/527
f 419/965/5 425/966/5 481/967/5 480/968/5
f 482/969/528 483/970/528 480/971/528 481/972/528
f 483/973/529 497/974/529 419/975/529 480/976/529
f 477/977/530 478/978/530 484/979/530 422/980/530
f 485/981/531 482/982/531 481/983/531 425/984/531
f 487/985/5 428/986/5 421/987/5 486/988/5
f 486/989/532 489/990/532 488/991/532 487/992/532
f 421/993/533 498/994/533 489/995/533 486/996/533
f 424/997/5 431/998/5 491/999/5 490/1000/5
f 492/1001/534 493/1002/534 490/1003/534 491/1004/534
f 493/1005/535 499/1006/535 424/1007/535 490/1008/535
f 487/1009/536 488/1010/536 494/1011/536 428/907/536
f 495/1012/537 492/1013/537 491/1014/537 431/909/537
f 418/475/538 420/900/538 496/1015/538
f 419/482/539 497/1016/539 420/900/539
f 422/901/540 484/1017/540 423/902/540
f 426/1018/337 600/1019/337 485/1020/337
f 426/906/541 485/1021/541 425/904/541
f 421/903/542 423/902/542 498/1022/542
f 424/905/543 499/1023/543 426/906/543
f 428/907/544 494/1011/544 429/908/544
f 431/909/545 432/910/545 495/1012/545
f 427/1024/5 503/1025/5 500/1026/5 501/1027/5
f 500/1028/546 504/1029/546 502/1030/546 501/1031/546
f 503/1032/547 429/1033/547 504/1034/547 500/1035/547
f 505/1036/5 508/1037/5 430/1038/5 506/1039/5
f 507/1040/548 509/1041/548 505/1042/548 506/1043/548
f 509/1044/549 432/1045/549 508/1046/549 505/1047/549
f 501/1048/550 502/1049/550 510/1050/550 427/1051/550
f 511/1052/551 507/1053/551 506/1054/551 430/1055/551
f 510/1056/337 614/1057/337 434/1058/337
f 510/1059/552 434/911/552 427/567/552
f 436/1060/337 616/1061/337 511/1062/337
f 436/912/553 511/1063/553 430/577/553
f 433/1064/554 512/1065/554 513/1066/554
f 513/1067/555 518/1068/555 514/1069/555 433/1070/555
f 434/1071/556 592/1072/556 512/1073/556
f 434/1074/557 512/1065/557 433/1064/557
f 433/612/558 514/1075/558 438/913/558
f 435/1076/559 515/1077/559 516/1078/559
f 517/1079/560 519/1080/560 515/1081/560 435/1082/560
f 516/1083/561 593/1084/561 436/1085/561
f 516/1078/562 436/1086/562 435/1076/562
f 435/615/563 441/917/563 517/1087/563
f 512/1088/564 592/1089/564 518/1090/564 513/1091/564
f 519/1092/565 593/1093/565 516/1094/565 515/1095/565
f 439/1096/5 521/1097/5 520/1098/5 437/1099/5
f 439/1100/566 523/1101/566 522/1102/566 521/1103/566
f 439/914/567 438/913/567 523/1104/567
f 524/1105/5 525/1106/5 442/1107/5 440/1108/5
f 526/1109/568 527/1110/568 442/1111/568 525/1112/568
f 442/916/569 527/1113/569 441/917/569
f 520/1114/570 532/1115/570 528/1116/570 437/651/570
f 437/651/571 528/1116/571 444/919/571
f 529/1117/572 533/1118/572 524/1119/572 440/657/572
f 440/657/573 447/929/573 529/1117/573
f 445/920/574 444/919/574 530/1120/574
f 531/1121/337 634/1122/337 447/1123/337
f 531/1124/574 447/929/574 443/669/574
f 521/1125/575 522/1126/575 532/1115/575 520/1114/575
f 533/1118/576 526/1127/576 525/1128/576 524/1119/576
f 454/1129/5 448/1130/5 534/1131/5 535/1132/5
f 536/1133/577 542/1134/577 535/1135/577 534/1136/577
f 537/1137/578 536/1133/578 534/1136/578 448/693/578
f 538/1138/5 451/1139/5 457/1140/5 539/1141/5
f 539/1142/579 545/1143/579 540/1144/579 538/1145/579
f 538/1145/580 540/1144/580 541/1146/580 451/703/580
f 542/1147/581 546/1148/581 454/935/581 535/1149/581
f 449/930/582 543/1150/582 450/931/582
f 446/925/583 452/932/583 544/1151/583
f 457/1152/584 547/1153/584 545/1154/584 539/1155/584
f 450/1156/337 642/1157/337 537/1158/337
f 450/931/585 537/1137/585 448/693/585
f 451/703/586 541/1146/586 452/932/586
f 546/1159/337 650/1160/337 455/1161/337
f 546/1148/587 455/934/587 454/935/587
f 458/1162/337 651/1163/337 547/1164/337
f 458/937/588 547/1165/588 457/938/588
f 548/1166/589 549/1167/589 453/1168/589
f 550/1169/590 551/1170/590 548/1171/590 453/1172/590
f 551/1173/591 594/1174/591 549/1175/591 548/1176/591
f 552/1177/592 456/1178/592 553/1179/592
f 552/1180/593 555/1181/593 554/1182/593 456/1183/593
f 553/1184/594 595/1185/594 555/1186/594 552/1187/594
f 549/1188/595 594/1189/595 460/1190/595
f 549/1167/596 460/1191/596 453/1168/596
f 453/731/597 455/934/597 550/1192/597
f 462/1193/598 595/1194/598 553/1195/598
f 462/1196/599 553/1179/599 456/1178/599
f 456/745/600 554/1197/600 458/937/600
f 557/1198/5 559/1199/5 459/1200/5 556/1201/5
f 558/1202/601 564/1203/601 556/1204/601 459/1205/601
f 461/1206/5 563/1207/5 560/1208/5 561/1209/5
f 561/1210/602 565/1211/602 562/1212/602 461/1213/602
f 562/1214/337 660/1215/337 462/1216/337
f 562/1217/603 462/941/603 461/800/603
f 564/1218/604 566/1219/604 557/1220/604 556/1221/604
f 560/1222/565 567/1223/565 565/1224/565 561/1225/565
f 566/1226/605 464/1227/605 559/1228/605 557/1229/605
f 563/1230/606 467/1231/606 567/1232/606 560/1233/606
f 568/1234/5 572/1235/5 463/1236/5 465/1237/5
f 569/1238/607 588/1239/607 568/1240/607 465/943/607
f 464/1241/337 662/1242/337 569/1243/337
f 464/942/604 569/1238/604 465/943/604
f 466/1244/5 575/1245/5 570/1246/5 468/1247/5
f 570/1248/608 589/1249/608 571/1250/608 468/944/608
f 571/1251/337 665/1252/337 467/1253/337
f 571/1250/609 467/945/609 468/944/609
f 573/1254/610 574/1255/610 463/1256/610 572/1257/610
f 463/841/611 574/1258/611 470/946/611
f 466/1259/612 577/1260/612 576/1261/612 575/1262/612
f 466/951/613 473/950/613 577/1263/613
f 578/1264/5 582/1265/5 469/1266/5 471/1267/5
f 579/1268/591 590/1269/591 578/1270/591 471/947/591
f 471/947/611 470/946/611 579/1268/611
f 472/1271/5 585/1272/5 580/1273/5 474/1274/5
f 580/1275/594 591/1276/594 581/1277/594 474/1278/594
f 581/1279/337 674/1280/337 473/1281/337
f 581/1282/614 473/950/614 474/949/614
f 583/1283/615 584/1284/615 469/1285/615 582/1286/615
f 469/883/616 584/1287/616 475/952/616
f 472/1288/617 587/1289/617 586/1290/617 585/1291/617
f 472/884/618 475/952/618 587/1292/618
f 588/1293/575 573/1294/575 572/1295/575 568/1296/575
f 575/1297/576 576/1298/576 589/1299/576 570/1300/576
f 590/1301/619 583/1302/619 582/1303/619 578/1304/619
f 585/1305/620 586/1306/620 591/1307/620 580/1308/620
f 496/1309/337 484/1310/337 478/1311/337 479/1312/337
f 482/1313/337 485/1020/337 497/1314/337 483/1315/337
f 498/1316/337 494/1317/337 488/1318/337 489/1319/337
f 492/1320/337 495/1321/337 499/1322/337 493/1323/337
f 596/1324/337 597/1325/337 496/1309/337 420/1326/337
f 497/1314/337 598/1327/337 596/1324/337 420/1326/337
f 496/1309/337 597/1325/337 484/1310/337
f 497/1314/337 485/1020/337 598/1327/337
f 484/1310/337 597/1325/337 599/1328/337 423/1329/337
f 600/1330/621 604/1331/622 598/1332/623
f 600/1019/337 598/1327/337 485/1020/337
f 596/1333/624 601/1334/624 597/1335/624
f 602/1336/625 601/1334/625 596/1333/625 598/1332/625
f 599/1328/337 605/1337/337 498/1316/337 423/1329/337
f 499/1322/337 606/1338/337 600/1019/337 426/1018/337
f 597/1335/626 601/1334/626 603/1339/626 599/1340/626
f 604/1341/627 1473/1342/627 602/1343/627
f 604/1331/628 602/1336/628 598/1332/628
f 498/1316/337 605/1337/337 494/1317/337
f 499/1322/337 495/1321/337 606/1338/337
f 599/1340/629 603/1339/629 607/1344/629
f 599/1340/630 607/1344/630 605/1345/630
f 608/1346/631 609/1347/631 600/1330/631 606/1348/631
f 600/1330/621 609/1347/632 604/1331/622
f 610/1349/337 429/1350/337 494/1317/337 605/1337/337
f 611/1351/633 615/1352/633 610/1353/633 605/1354/633
f 605/1354/634 607/1355/634 611/1351/634
f 495/1321/337 432/1356/337 612/1357/337 606/1338/337
f 613/1358/635 608/1359/635 606/1360/635 612/1361/635
f 510/1056/337 502/1362/337 504/1363/337 429/1350/337
f 509/1364/337 507/1365/337 511/1062/337 432/1356/337
f 610/1349/337 614/1057/337 510/1056/337 429/1350/337
f 511/1062/337 616/1061/337 612/1357/337 432/1356/337
f 615/1352/636 619/1366/636 614/1367/636 610/1353/636
f 617/1368/637 613/1358/637 612/1361/637 616/1369/637
f 614/1367/638 619/1366/638 618/1370/638
f 614/1057/337 618/1371/337 434/1058/337
f 620/1372/639 621/1373/639 616/1369/639
f 620/1374/337 616/1061/337 436/1060/337
f 622/1375/640 617/1368/640 616/1369/640
f 622/1375/641 616/1369/641 621/1373/641
f 434/1058/337 618/1371/337 514/1376/337
f 514/1376/337 518/1377/337 592/1378/337 434/1058/337
f 436/1060/337 517/1379/337 620/1374/337
f 593/1380/337 519/1381/337 517/1379/337 436/1060/337
f 623/1382/337 438/1383/337 514/1376/337 618/1371/337
f 624/1384/642 629/1385/642 623/1386/642 618/1370/642
f 625/1387/643 659/1388/643 624/1384/643
f 625/1387/644 624/1384/644 618/1370/644
f 619/1366/645 1239/1389/645 625/1387/645
f 619/1366/646 625/1387/646 618/1370/646
f 517/1379/337 441/1390/337 626/1391/337 620/1374/337
f 626/1392/647 631/1393/647 627/1394/647 620/1372/647
f 627/1394/648 661/1395/648 621/1373/648
f 627/1394/649 621/1373/649 620/1372/649
f 623/1382/337 628/1396/337 523/1397/337 438/1383/337
f 629/1385/650 633/1398/650 628/1399/650 623/1386/650
f 527/1400/337 630/1401/337 626/1391/337 441/1390/337
f 630/1402/651 635/1403/651 631/1404/651 626/1405/651
f 628/1396/337 528/1406/337 523/1397/337
f 632/1407/337 444/1408/337 528/1406/337 628/1396/337
f 633/1409/652 637/1410/652 632/1411/652 628/1412/652
f 630/1401/337 527/1400/337 529/1413/337
f 529/1413/337 447/1123/337 634/1122/337 630/1401/337
f 634/1414/653 638/1415/653 635/1403/653 630/1402/653
f 532/1416/337 522/1417/337 523/1397/337 528/1406/337
f 527/1400/337 526/1418/337 533/1419/337 529/1413/337
f 530/1420/337 444/1408/337 632/1407/337 636/1421/337
f 637/1410/654 639/1422/654 636/1423/654 632/1411/654
f 531/1121/337 530/1420/337 636/1421/337
f 531/1121/337 636/1421/337 634/1122/337
f 636/1423/655 639/1422/655 638/1415/655 634/1414/655
f 536/1424/337 537/1158/337 546/1159/337 542/1425/337
f 547/1164/337 541/1426/337 540/1427/337 545/1428/337
f 543/1429/337 544/1430/337 640/1431/337
f 640/1431/337 642/1157/337 450/1156/337 543/1429/337
f 641/1432/337 640/1431/337 544/1430/337 452/1433/337
f 541/1426/337 644/1434/337 641/1432/337 452/1433/337
f 537/1158/337 642/1157/337 643/1435/337
f 643/1435/337 650/1160/337 546/1159/337 537/1158/337
f 547/1164/337 651/1163/337 644/1434/337 541/1426/337
f 640/1436/656 647/1437/656 645/1438/656 642/1439/656
f 646/1440/657 647/1437/657 640/1436/657 641/1441/657
f 642/1439/658 645/1438/658 648/1442/658 643/1443/658
f 649/1444/659 646/1440/659 641/1441/659 644/1445/659
f 643/1443/660 648/1442/660 652/1446/660 650/1447/660
f 653/1448/661 649/1444/661 644/1445/661 651/1449/661
f 550/1450/337 460/1451/337 594/1452/337 551/1453/337
f 650/1160/337 654/1454/337 550/1450/337 455/1161/337
f 554/1455/337 656/1456/337 651/1163/337 458/1162/337
f 595/1457/337 462/1216/337 554/1455/337 555/1458/337
f 650/1459/662 652/1460/662 655/1461/662 654/1462/662
f 657/1463/663 653/1464/663 651/1465/663 656/1466/663
f 550/1450/337 654/1454/337 460/1451/337
f 554/1455/337 462/1216/337 656/1456/337
f 654/1462/664 659/1388/664 658/1467/664
f 654/1454/337 658/1468/337 460/1451/337
f 655/1461/643 624/1384/643 659/1388/643
f 655/1461/665 659/1388/665 654/1462/665
f 660/1469/666 661/1395/666 656/1466/666
f 660/1215/337 656/1456/337 462/1216/337
f 661/1395/648 627/1394/648 657/1463/648
f 661/1395/667 657/1463/667 656/1466/667
f 460/1451/337 658/1468/337 558/1470/337
f 662/1242/337 464/1241/337 558/1470/337 658/1468/337
f 658/1467/668 664/1471/668 663/1472/668 662/1473/668
f 658/1467/669 659/1388/669 664/1471/669
f 562/1214/337 467/1253/337 665/1252/337 660/1215/337
f 665/1474/670 671/1475/670 666/1476/670 660/1469/670
f 660/1469/671 666/1476/671 667/1477/671
f 660/1469/672 667/1477/672 661/1395/672
f 558/1470/337 464/1241/337 566/1478/337 564/1479/337
f 567/1480/337 467/1253/337 562/1214/337 565/1481/337
f 668/1482/337 574/1483/337 569/1243/337 662/1242/337
f 662/1473/673 663/1472/673 669/1484/673 668/1485/673
f 571/1251/337 577/1486/337 670/1487/337 665/1252/337
f 670/1488/674 675/1489/674 671/1475/674 665/1474/674
f 574/1483/337 573/1490/337 588/1491/337 569/1243/337
f 589/1492/337 576/1493/337 577/1486/337 571/1251/337
f 672/1494/337 470/1495/337 574/1483/337 668/1482/337
f 673/1496/675 678/1497/675 672/1498/675
f 673/1499/676 672/1500/676 668/1485/676
f 669/1501/677 1498/1502/678 673/1503/679
f 669/1484/680 673/1499/680 668/1485/680
f 577/1486/337 473/1281/337 674/1280/337 670/1487/337
f 674/1504/681 681/1505/681 675/1506/681 670/1507/681
f 579/1508/337 470/1495/337 672/1494/337 676/1509/337
f 677/1510/682 683/1511/682 676/1512/682 672/1498/682
f 672/1498/683 678/1497/683 677/1510/683
f 581/1279/337 587/1513/337 679/1514/337 674/1280/337
f 680/1515/684 681/1505/684 674/1504/684 679/1516/684
f 682/1517/337 475/1518/337 584/1519/337 676/1509/337
f 676/1512/685 683/1511/685 682/1520/685
f 676/1509/337 584/1519/337 579/1508/337
f 587/1513/337 475/1518/337 682/1517/337 679/1514/337
f 682/1520/686 683/1511/686 684/1521/686 679/1522/686
f 684/1523/687 1475/1524/687 685/1525/687
f 684/1521/688 685/1526/688 679/1522/688
f 679/1527/689 685/1528/689 680/1529/689
f 584/1519/337 583/1530/337 590/1531/337 579/1508/337
f 591/1532/337 586/1533/337 587/1513/337 581/1279/337
f 688/1534/690 692/1535/690 686/1536/690 687/1537/690
f 689/1538/574 693/1539/574 687/1540/574 686/1541/574
f 691/1542/574 689/1538/574 686/1541/574 690/1543/574
f 692/1535/691 724/1544/691 690/1545/691 686/1536/691
f 693/1546/692 755/1547/692 694/1548/692 687/1549/692
f 687/1549/693 694/1548/693 695/1550/693
f 687/1537/694 695/1551/694 688/1534/694
f 696/1552/574 697/1553/574 698/1554/574
f 699/1555/695 701/1556/695 696/1557/695 698/1558/695
f 696/1557/696 701/1556/696 700/1559/696
f 696/1560/697 700/1561/697 697/1562/697
f 702/1563/574 703/1564/574 698/1554/574 697/1553/574
f 704/1565/698 699/1555/698 698/1558/698 703/1566/698
f 705/1567/506 706/1568/506 707/1569/506
f 705/1570/699 710/1571/699 708/1572/699 706/1573/699
f 709/1574/700 710/1571/700 705/1570/700
f 709/1575/701 705/1576/701 707/1577/701
f 706/1568/506 712/1578/506 711/1579/506 707/1569/506
f 706/1573/702 708/1572/702 713/1580/702 712/1581/702
f 715/1582/506 721/1583/506 716/1584/506 714/1585/506
f 714/1586/703 720/1587/703 717/1588/703 715/1589/703
f 714/1585/506 716/1584/506 718/1590/506 719/1591/506
f 719/1592/704 751/1593/704 720/1587/704 714/1586/704
f 722/1594/705 775/1595/705 721/1596/705 715/1597/705
f 723/1598/706 722/1599/706 715/1589/706 717/1588/706
f 724/1600/707 753/1601/707 691/1602/707 690/1603/707
f 725/1604/708 756/1605/708 702/1606/708 697/1562/708
f 697/1562/709 700/1561/709 725/1604/709
f 726/1607/574 727/1608/574 703/1564/574 702/1563/574
f 727/1609/710 759/1610/710 728/1611/710 703/1612/710
f 728/1611/711 799/1613/711 704/1614/711
f 728/1611/712 704/1614/712 703/1612/712
f 730/1615/713 735/1616/713 731/1617/713
f 730/1618/574 731/1619/574 729/1620/574
f 731/1621/714 737/1622/714 732/1623/714 729/1624/714
f 729/1624/715 734/1625/715 733/1626/715
f 729/1627/716 733/1628/716 730/1629/716
f 729/1624/717 732/1623/717 734/1625/717
f 736/1630/718 737/1631/718 731/1632/718 735/1633/718
f 739/1634/506 744/1635/506 740/1636/506 738/1637/506
f 741/1638/719 746/1639/719 739/1640/719 738/1641/719
f 742/1642/720 743/1643/720 738/1641/720
f 742/1644/721 738/1645/721 740/1646/721
f 738/1641/722 743/1643/722 741/1638/722
f 739/1647/723 746/1648/723 745/1649/723 744/1650/723
f 747/1651/724 709/1575/724 707/1577/724 711/1652/724
f 712/1578/506 749/1653/506 748/1654/506 711/1579/506
f 750/1655/725 771/1656/725 749/1657/725 712/1658/725
f 713/1659/726 806/1660/726 750/1655/726
f 713/1659/727 750/1655/727 712/1658/727
f 718/1661/728 773/1662/728 751/1663/728 719/1664/728
f 752/1665/729 782/1666/729 689/1667/729 691/1668/729
f 691/1602/730 753/1601/730 752/1669/730
f 754/1670/731 755/1547/731 693/1546/731
f 754/1671/732 693/1672/732 689/1667/732
f 756/1673/733 758/1674/733 726/1675/733 702/1676/733
f 726/1675/734 758/1674/734 757/1677/734 727/1678/734
f 727/1609/735 757/1679/735 759/1610/735
f 760/1680/736 762/1681/736 735/1682/736 730/1629/736
f 730/1629/737 733/1628/737 761/1683/737 760/1680/737
f 763/1684/738 736/1630/738 735/1633/738 762/1685/738
f 744/1635/506 766/1686/506 764/1687/506 740/1636/506
f 765/1688/739 742/1644/739 740/1646/739 764/1689/739
f 767/1690/740 789/1691/740 766/1686/740 744/1635/740
f 744/1650/741 745/1649/741 767/1692/741
f 748/1693/742 770/1694/742 768/1695/742 711/1696/742
f 711/1652/743 768/1697/743 747/1651/743
f 749/1657/744 771/1656/744 769/1698/744
f 749/1699/745 769/1700/745 748/1693/745
f 748/1693/746 769/1700/746 770/1694/746
f 716/1701/747 790/1702/747 772/1703/747 718/1704/747
f 718/1661/748 772/1705/748 773/1662/748
f 774/1706/749 791/1707/749 716/1701/749 721/1708/749
f 721/1596/750 775/1595/750 774/1709/750
f 776/1710/751 777/1711/751 692/1535/751 688/1534/751
f 777/1712/752 808/1713/752 724/1600/752 692/1714/752
f 778/1715/753 776/1710/753 688/1534/753 695/1551/753
f 699/1555/754 780/1716/754 779/1717/754 701/1556/754
f 704/1565/755 799/1718/755 780/1716/755 699/1555/755
f 701/1556/756 779/1717/756 781/1719/756 700/1559/756
f 689/1667/757 782/1666/757 783/1720/757
f 689/1667/758 783/1720/758 754/1671/758
f 784/1721/759 786/1722/759 762/1723/759 760/1724/759
f 785/1725/760 784/1721/760 760/1724/760
f 785/1726/761 760/1680/761 761/1683/761
f 762/1727/762 786/1728/762 763/1729/762
f 787/1730/763 788/1731/763 764/1732/763 766/1733/763
f 764/1689/764 788/1734/764 765/1688/764
f 766/1733/765 789/1735/765 787/1730/765
f 716/1701/766 791/1707/766 790/1702/766
f 792/1736/767 797/1737/767 708/1572/767 710/1571/767
f 793/1738/768 792/1736/768 710/1571/768 709/1574/768
f 720/1587/769 795/1739/769 794/1740/769 717/1588/769
f 751/1663/770 815/1741/770 795/1742/770 720/1743/770
f 717/1588/771 794/1740/771 796/1744/771 723/1598/771
f 797/1737/772 806/1745/772 713/1580/772 708/1572/772
f 798/1746/773 778/1715/773 695/1551/773 694/1747/773
f 732/1623/774 802/1748/774 800/1749/774 734/1625/774
f 734/1750/775 800/1751/775 801/1752/775 733/1753/775
f 737/1622/776 811/1754/776 802/1748/776 732/1623/776
f 803/1755/777 804/1756/777 741/1638/777 743/1643/777
f 804/1756/778 812/1757/778 746/1639/778 741/1638/778
f 805/1758/779 803/1755/779 743/1643/779 742/1642/779
f 807/1759/780 814/1760/780 722/1594/780 723/1761/780
f 723/1598/781 796/1744/781 807/1762/781
f 808/1713/782 822/1763/782 753/1601/782 724/1600/782
f 809/1764/783 798/1765/783 694/1548/783 755/1547/783
f 810/1766/784 825/1767/784 725/1604/784 700/1561/784
f 700/1561/785 781/1768/785 810/1766/785
f 736/1630/786 820/1769/786 811/1770/786 737/1631/786
f 812/1771/787 821/1772/787 745/1649/787 746/1648/787
f 813/1773/788 793/1774/788 709/1575/788 747/1651/788
f 814/1760/789 828/1775/789 775/1595/789 722/1594/789
f 773/1662/790 829/1776/790 815/1741/790 751/1663/790
f 816/1777/791 799/1613/791 728/1611/791 759/1610/791
f 733/1628/792 801/1778/792 817/1779/792 761/1683/792
f 818/1780/793 805/1781/793 742/1644/793 765/1688/793
f 750/1655/794 806/1660/794 819/1782/794 771/1656/794
f 763/1684/795 831/1783/795 820/1769/795 736/1630/795
f 821/1772/796 832/1784/796 767/1692/796 745/1649/796
f 822/1763/797 834/1785/797 752/1669/797 753/1601/797
f 754/1670/798 835/1786/798 823/1787/798 755/1547/798
f 755/1547/799 823/1787/799 809/1764/799
f 757/1679/800 836/1788/800 824/1789/800 759/1610/800
f 759/1610/801 824/1789/801 816/1777/801
f 825/1790/802 837/1791/802 756/1792/802 725/1793/802
f 768/1794/803 838/1795/803 826/1796/803 747/1797/803
f 747/1651/804 826/1798/804 813/1773/804
f 827/1799/805 839/1800/805 769/1698/805 771/1656/805
f 771/1656/806 819/1782/806 827/1799/806
f 828/1775/807 841/1801/807 774/1709/807 775/1595/807
f 772/1705/808 840/1802/808 829/1776/808 773/1662/808
f 830/1803/809 843/1804/809 785/1726/809 761/1683/809
f 761/1683/810 817/1779/810 830/1803/810
f 786/1728/811 844/1805/811 831/1806/811 763/1729/811
f 832/1807/812 845/1808/812 789/1691/812 767/1690/812
f 833/1809/813 818/1780/813 765/1688/813 788/1734/813
f 752/1810/814 834/1811/814 782/1812/814
f 783/1813/815 842/1814/815 835/1815/815 754/1816/815
f 758/1674/816 837/1817/816 836/1818/816 757/1677/816
f 756/1792/817 837/1791/817 758/1819/817
f 768/1794/818 770/1820/818 838/1795/818
f 839/1821/819 838/1822/819 770/1694/819 769/1700/819
f 772/1823/820 790/1824/820 840/1825/820
f 841/1826/821 847/1827/821 791/1828/821 774/1829/821
f 782/1812/822 834/1811/822 842/1814/822 783/1813/822
f 785/1726/823 843/1804/823 784/1830/823
f 784/1831/824 843/1832/824 844/1805/824 786/1728/824
f 845/1808/825 846/1833/825 787/1834/825 789/1691/825
f 846/1835/826 833/1809/826 788/1734/826 787/1836/826
f 847/1827/827 840/1825/827 790/1824/827 791/1828/827
f 778/1837/828 850/1838/828 848/1839/828 776/1840/828
f 776/1840/829 848/1839/829 849/1841/829 777/1842/829
f 798/1843/830 860/1844/830 850/1838/830 778/1837/830
f 780/1845/831 852/1846/831 851/1847/831 779/1848/831
f 799/1849/832 861/1850/832 852/1846/832 780/1845/832
f 779/1851/833 851/1852/833 853/1853/833 781/1768/833
f 854/1854/834 856/1855/834 797/1856/834 792/1857/834
f 855/1858/835 854/1859/835 792/1860/835 793/1774/835
f 856/1855/836 864/1861/836 806/1862/836 797/1856/836
f 857/1863/837 859/1864/837 796/1865/837 794/1866/837
f 858/1867/838 857/1868/838 794/1869/838 795/1742/838
f 859/1864/839 865/1870/839 807/1871/839 796/1865/839
f 809/1764/840 874/1872/840 860/1873/840 798/1765/840
f 816/1777/841 875/1874/841 861/1875/841 799/1613/841
f 781/1768/842 853/1853/842 862/1876/842 810/1766/842
f 863/1877/843 855/1858/843 793/1774/843 813/1773/843
f 864/1878/844 880/1879/844 819/1782/844 806/1660/844
f 865/1880/845 881/1881/845 814/1760/845 807/1759/845
f 777/1712/846 849/1882/846 866/1883/846 808/1713/846
f 802/1884/847 869/1885/847 867/1886/847 800/1751/847
f 800/1751/848 867/1886/848 868/1887/848 801/1752/848
f 811/1770/849 877/1888/849 869/1889/849 802/1890/849
f 870/1891/850 871/1892/850 804/1893/850 803/1894/850
f 871/1895/851 878/1896/851 812/1771/851 804/1897/851
f 872/1898/852 870/1891/852 803/1894/852 805/1899/852
f 873/1900/853 858/1867/853 795/1742/853 815/1741/853
f 823/1787/854 886/1901/855 874/1872/854 809/1764/855
f 824/1789/856 887/1902/856 875/1874/856 816/1777/856
f 801/1778/857 868/1903/857 876/1904/857 817/1779/857
f 820/1769/858 889/1905/858 877/1888/858 811/1770/858
f 878/1896/859 890/1906/859 821/1772/859 812/1771/859
f 879/1907/860 872/1908/860 805/1781/860 818/1780/860
f 880/1879/861 892/1909/861 827/1799/861 819/1782/861
f 881/1881/862 893/1910/862 828/1775/862 814/1760/862
f 808/1713/863 866/1883/863 882/1911/863 822/1763/863
f 810/1766/864 862/1876/864 883/1912/864 825/1767/864
f 884/1913/865 863/1877/865 813/1773/865 826/1798/865
f 885/1914/866 873/1900/866 815/1741/866 829/1776/866
f 835/1786/867 898/1915/867 886/1901/867 823/1787/867
f 836/1788/868 900/1916/868 887/1902/868 824/1789/868
f 817/1779/689 876/1904/689 888/1917/689 830/1803/689
f 831/1783/869 902/1918/869 889/1905/869 820/1769/869
f 890/1906/870 903/1919/870 832/1784/870 821/1772/870
f 891/1920/689 879/1907/689 818/1780/689 833/1809/689
f 892/1909/871 905/1921/871 839/1800/871 827/1799/871
f 893/1910/872 907/1922/872 841/1801/872 828/1775/872
f 822/1923/873 882/1924/873 894/1925/873 834/1811/873
f 825/1790/874 883/1926/874 895/1927/874 837/1791/874
f 896/1928/875 884/1929/875 826/1796/875 838/1795/875
f 897/1930/876 885/1931/876 829/1932/876 840/1825/876
f 842/1814/877 899/1933/877 898/1934/877 835/1815/877
f 834/1811/878 894/1925/878 899/1933/878 842/1814/878
f 837/1791/879 895/1927/879 900/1935/879 836/1936/879
f 830/1803/880 888/1917/880 901/1937/880 843/1804/880
f 844/1805/881 908/1938/882 902/1939/883 831/1806/881
f 903/1940/884 909/1941/884 845/1808/884 832/1807/884
f 904/1942/885 891/1920/885 833/1809/885 846/1835/885
f 905/1943/886 896/1928/886 838/1795/886 839/1944/886
f 906/1945/887 897/1930/887 840/1825/887 847/1827/887
f 907/1946/888 906/1945/888 847/1827/888 841/1826/888
f 843/1832/889 901/1947/889 908/1938/889 844/1805/889
f 909/1941/890 904/1948/890 846/1833/890 845/1808/890
f 912/1949/891 914/1950/891 910/1951/891 911/1952/891
f 910/1953/892 916/1954/892 913/1955/892 911/1956/892
f 910/1957/689 914/1958/689 915/1959/689
f 915/1959/893 932/1960/893 916/1961/893
f 915/1959/894 916/1961/894 910/1957/894
f 911/1962/895 918/1963/895 917/1964/895 912/1965/895
f 911/1966/896 913/1967/896 918/1968/896
f 919/1969/897 923/1970/897 920/1971/897
f 919/1972/898 920/1973/898 921/1974/898
f 922/1975/899 924/1976/899 919/1977/899 921/1978/899
f 924/1976/900 935/1979/900 923/1980/900
f 924/1981/597 923/1970/597 919/1969/597
f 925/1982/901 926/1983/901 921/1984/901 920/1985/901
f 921/1986/902 926/1987/902 922/1988/902
f 850/1838/903 942/1989/903 927/1990/903 848/1839/903
f 848/1839/904 927/1990/904 928/1991/904 849/1841/904
f 852/1846/905 943/1992/905 929/1993/905 851/1847/905
f 851/1852/906 929/1994/906 930/1995/906 853/1853/906
f 931/1996/907 933/1997/907 914/1950/907 912/1949/907
f 914/1958/908 933/1998/908 932/1960/908 915/1959/908
f 912/1949/909 917/1999/909 931/1996/909
f 923/2000/5 934/2001/5 920/2002/5
f 935/2003/910 937/2004/910 934/2005/910 923/2006/910
f 934/2007/911 937/2008/911 936/2009/911 920/2010/911
f 920/2010/912 936/2009/912 925/2011/912
f 938/2012/913 939/2013/913 854/1859/913 855/1858/913
f 939/2014/914 949/2015/914 856/1855/914 854/1854/914
f 940/2016/915 941/2017/915 857/1868/915 858/1867/915
f 941/2018/916 951/2019/916 859/1864/916 857/1863/916
f 860/1844/917 952/2020/917 942/1989/917 850/1838/917
f 861/1850/918 945/2021/918 943/1992/918 852/1846/918
f 849/1882/919 928/2022/919 944/2023/919 866/1883/919
f 875/1874/920 954/2024/920 945/2025/920 861/1875/920
f 853/1853/921 930/1995/921 946/2026/921 862/1876/921
f 947/2027/922 938/2012/922 855/1858/922 863/1877/922
f 948/2028/923 940/2016/923 858/1867/923 873/1900/923
f 949/2015/924 950/2029/924 864/1861/924 856/1855/924
f 950/2030/925 956/2031/925 880/1879/925 864/1878/925
f 951/2019/926 957/2032/926 865/1870/926 859/1864/926
f 874/1872/927 958/2033/927 952/2034/927 860/1873/927
f 866/1883/928 944/2023/928 953/2035/928 882/1911/928
f 887/1902/929 962/2036/929 954/2024/929 875/1874/929
f 955/2037/930 948/2028/930 873/1900/930 885/1914/930
f 956/2031/931 969/2038/931 892/1909/931 880/1879/931
f 957/2039/932 971/2040/932 881/1881/932 865/1880/932
f 886/1901/933 972/2041/933 958/2033/933 874/1872/933
f 862/1876/934 946/2026/934 959/2042/934 883/1912/934
f 867/1886/935 961/2043/935 960/2044/935 868/1887/935
f 869/1885/936 964/2045/936 961/2043/936 867/1886/936
f 900/1916/937 976/2046/937 962/2036/937 887/1902/937
f 868/1903/938 960/2047/938 963/2048/938 876/1904/938
f 877/1888/939 977/2049/939 964/2050/939 869/1889/939
f 965/2051/940 967/2052/940 870/1891/940 872/1898/940
f 966/2053/941 965/2054/941 872/1908/941 879/1907/941
f 967/2052/942 968/2055/942 871/1892/942 870/1891/942
f 968/2056/943 980/2057/943 878/1896/943 871/1895/943
f 969/2038/944 984/2058/944 905/1921/944 892/1909/944
f 970/2059/945 947/2027/945 863/1877/945 884/1913/945
f 971/2040/946 985/2060/946 893/1910/946 881/1881/946
f 898/1915/947 986/2061/947 972/2041/947 886/1901/947
f 882/1924/948 953/2062/948 973/2063/948 894/1925/948
f 894/1925/949 973/2063/949 974/2064/949 899/1933/949
f 883/1926/950 959/2065/950 975/2066/950 895/1927/950
f 895/1927/951 975/2066/951 976/2067/951 900/1935/951
f 889/1905/952 987/2068/952 977/2049/952 877/1888/952
f 876/1904/953 963/2048/953 978/2069/953 888/1917/953
f 979/2070/954 966/2053/954 879/1907/954 891/1920/954
f 980/2057/955 990/2071/955 890/1906/955 878/1896/955
f 981/2072/956 955/2073/957 885/1931/958 897/1930/958
f 982/2074/506 981/2072/506 897/1930/506 906/1945/506
f 983/2075/959 970/2076/959 884/1929/959 896/1928/959
f 984/2077/960 983/2075/960 896/1928/960 905/1943/960
f 985/2060/961 991/2078/961 907/1922/961 893/1910/961
f 899/1933/962 974/2064/962 986/2079/962 898/1934/962
f 902/1918/963 992/2080/963 987/2068/963 889/1905/963
f 888/1917/964 978/2069/964 988/2081/964 901/1937/964
f 989/2082/965 979/2070/965 891/1920/965 904/1942/965
f 990/2071/966 995/2083/966 903/1919/966 890/1906/966
f 991/2084/967 982/2074/967 906/1945/967 907/1946/967
f 908/1938/882 993/2085/968 992/2086/968 902/1939/883
f 901/1947/969 988/2087/969 993/2085/969 908/1938/969
f 994/2088/970 989/2089/970 904/1948/970 909/1941/970
f 995/2090/971 994/2088/971 909/1941/971 903/1940/971
f 913/2091/972 998/2092/972 996/2093/972 918/1963/972
f 918/1963/973 996/2093/973 997/2094/973 917/1964/973
f 916/1954/974 1003/2095/974 998/2096/974 913/1955/974
f 999/2097/975 1000/2098/975 922/2099/975 926/1983/975
f 1000/2100/976 1004/2101/976 924/1976/976 922/1975/976
f 1001/2102/977 999/2097/977 926/1983/977 925/1982/977
f 1002/2103/978 1006/2104/978 931/1996/978 917/1999/978
f 917/1964/979 997/2094/979 1002/2105/979
f 932/1960/980 1008/2106/980 1003/2107/980 916/1961/980
f 1004/2101/981 1010/2108/981 935/1979/981 924/1976/981
f 936/2009/982 1011/2109/982 1005/2110/982 925/2011/982
f 925/1982/983 1005/2111/983 1001/2102/983
f 931/1996/984 1006/2104/984 933/1997/984
f 933/1998/985 1006/2112/985 1007/2113/985 932/1960/985
f 932/1960/689 1007/2113/689 1008/2106/689
f 1009/2114/986 1011/2115/986 937/2004/986 935/2003/986
f 935/2003/689 1010/2116/689 1009/2114/689
f 937/2008/987 1011/2109/987 936/2009/987
f 1012/2117/988 1013/2118/988 927/1990/988 942/1989/988
f 1013/2118/989 1018/2119/989 928/1991/989 927/1990/989
f 1014/2120/990 1012/2117/990 942/1989/990 952/2020/990
f 1015/2121/991 1017/2122/991 929/1993/991 943/1992/991
f 1016/2123/992 1015/2121/992 943/1992/992 945/2021/992
f 1017/2124/993 1020/2125/993 930/1995/993 929/1994/993
f 1018/2126/994 1021/2127/994 944/2023/994 928/2022/994
f 1019/2128/995 1016/2129/995 945/2025/995 954/2024/995
f 1020/2125/996 1023/2130/996 946/2026/996 930/1995/996
f 1021/2127/997 1038/2131/997 953/2035/997 944/2023/997
f 1022/2132/998 1019/2128/998 954/2024/998 962/2036/998
f 1023/2130/999 1040/2133/999 959/2042/999 946/2026/999
f 947/2027/996 1025/2134/996 1024/2135/996 938/2012/996
f 970/2059/1000 1043/2136/1000 1025/2134/1000 947/2027/1000
f 948/2028/1001 1027/2137/1001 1026/2138/1001 940/2016/1001
f 955/2037/1002 1045/2139/1002 1027/2137/1002 948/2028/1002
f 950/2030/1003 1032/2140/1003 1028/2141/1003 956/2031/1003
f 956/2031/1004 1028/2141/1004 1029/2142/1004 969/2038/1004
f 938/2012/1005 1024/2135/1005 1030/2143/1005 939/2013/1005
f 940/2144/1006 1026/2145/1006 1031/2146/1006 941/2018/1006
f 949/2015/1007 1033/2147/1007 1032/2148/1007 950/2029/1007
f 939/2014/1008 1030/2149/1008 1033/2147/1008 949/2015/1008
f 941/2018/1009 1031/2146/1009 1034/2150/1009 951/2019/1009
f 951/2019/1010 1034/2150/1010 1035/2151/1010 957/2032/1010
f 1036/2152/1011 1014/2153/1011 952/2034/1011 958/2033/1011
f 1037/2154/1012 1036/2152/1012 958/2033/1012 972/2041/1012
f 1038/2155/1013 1053/2156/1013 973/2063/1013 953/2062/1013
f 1039/2157/1014 1022/2132/1014 962/2036/1014 976/2046/1014
f 1040/2158/595 1041/2159/595 975/2066/595 959/2065/595
f 1041/2159/1015 1039/2160/1015 976/2067/1015 975/2066/1015
f 984/2077/1016 1044/2161/1016 1042/2162/1016 983/2075/1016
f 983/2075/1017 1042/2162/1017 1043/2163/1017 970/2076/1017
f 969/2038/1018 1029/2142/1018 1044/2164/1018 984/2058/1018
f 981/2072/956 1059/2165/1019 1045/2166/1019 955/2073/957
f 957/2039/1020 1035/2167/1020 1046/2168/1020 971/2040/1020
f 971/2040/1021 1046/2168/1021 1047/2169/1021 985/2060/1021
f 1048/2170/1022 1037/2154/1022 972/2041/1022 986/2061/1022
f 1049/2171/1023 1051/2172/1023 960/2044/1023 961/2043/1023
f 1050/2173/1024 1049/2171/1024 961/2043/1024 964/2045/1024
f 1051/2174/1025 1054/2175/1025 963/2048/1025 960/2047/1025
f 1052/2176/1026 1048/2177/1026 986/2079/1026 974/2064/1026
f 1053/2156/1027 1052/2176/1027 974/2064/1027 973/2063/1027
f 1054/2175/1028 1055/2178/1028 978/2069/1028 963/2048/1028
f 1055/2178/1029 1066/2179/1029 988/2081/1029 978/2069/1029
f 979/2070/1028 1057/2180/1028 1056/2181/1028 966/2053/1028
f 989/2089/1030 1067/2182/1030 1057/2183/1030 979/2184/1030
f 966/2053/1031 1056/2181/1031 1058/2185/1031 965/2054/1031
f 982/2074/506 1060/2186/506 1059/2165/506 981/2072/506
f 991/2084/1032 1061/2187/1032 1060/2186/1032 982/2074/1032
f 985/2060/1033 1047/2169/1033 1061/2188/1033 991/2078/1033
f 965/2051/1034 1058/2189/1034 1062/2190/1034 967/2052/1034
f 967/2052/1035 1062/2190/1035 1063/2191/1035 968/2055/1035
f 1064/2192/1036 1050/2193/1036 964/2050/1036 977/2049/1036
f 1065/2194/325 1064/2192/325 977/2049/325 987/2068/325
f 1066/2195/1037 1071/2196/1037 993/2085/1037 988/2087/1037
f 994/2088/1038 1072/2197/1038 1067/2182/1038 989/2089/1038
f 968/2056/1039 1063/2198/1039 1068/2199/1039 980/2057/1039
f 980/2057/325 1068/2199/325 1069/2200/325 990/2071/325
f 1070/2201/1040 1065/2194/1040 987/2068/1040 992/2080/1040
f 1071/2196/1041 1070/2202/1041 992/2086/1041 993/2085/1041
f 995/2090/1042 1073/2203/1042 1072/2197/1042 994/2088/1042
f 990/2071/1043 1069/2200/1043 1073/2204/1043 995/2083/1043
f 1002/2103/1044 1076/2205/1044 1074/2206/1044 1006/2104/1044
f 1006/2104/1045 1074/2206/1045 1075/2207/1045 1007/2208/1045
f 997/2094/1046 1086/2209/1046 1076/2210/1046 1002/2105/1046
f 1007/2113/1047 1075/2211/1047 1077/2212/1047 1008/2106/1047
f 1008/2213/1048 1077/2214/1048 1078/2215/1048 1003/2095/1048
f 1003/2095/1049 1078/2215/1049 1079/2216/1049 998/2096/1049
f 1080/2217/1050 1082/2218/1050 1010/2108/1050 1004/2101/1050
f 1081/2219/1051 1080/2217/1051 1004/2101/1051 1000/2100/1051
f 1082/2220/1052 1083/2221/1052 1009/2114/1052 1010/2116/1052
f 1083/2221/1053 1084/2222/1053 1011/2115/1053 1009/2114/1053
f 1084/2223/1054 1085/2224/1054 1005/2110/1054 1011/2109/1054
f 1085/2225/1055 1089/2226/1055 1001/2102/1055 1005/2111/1055
f 996/2093/1056 1087/2227/1056 1086/2209/1056 997/2094/1056
f 998/2096/1057 1079/2216/1057 1087/2228/1057 996/2229/1057
f 1088/2230/1058 1081/2231/1058 1000/2098/1058 999/2097/1058
f 1089/2226/1059 1088/2230/1059 999/2097/1059 1001/2102/1059
f 1016/2232/5 1019/2233/5 1021/2234/5
f 1016/2232/5 1021/2234/5 1018/2235/5
f 1018/2235/1060 1013/2236/1060 1015/2237/1060
f 1018/2235/1061 1015/2237/1061 1016/2232/1061
f 1019/2233/1062 1022/2238/1062 1038/2239/1062
f 1019/2233/1063 1038/2239/1063 1021/2234/1063
f 1028/2240/5 1032/2241/5 1026/2242/5
f 1028/2240/5 1026/2242/5 1027/2243/5
f 1027/2244/689 1029/2245/689 1028/2246/689
f 1045/2247/5 1044/2248/5 1029/2249/5
f 1045/2247/1064 1029/2249/1064 1027/2250/1064
f 1032/2241/1065 1033/2251/1065 1031/2252/1065
f 1032/2241/1066 1031/2252/1066 1026/2242/1066
f 1012/2117/1067 1092/2253/1067 1090/2254/1067 1013/2118/1067
f 1013/2118/1068 1090/2254/1068 1091/2255/1068 1015/2121/1068
f 1014/2120/1069 1094/2256/1069 1092/2253/1069 1012/2117/1069
f 1015/2121/1070 1091/2255/1070 1093/2257/1070 1017/2122/1070
f 1049/2258/1071 1094/2259/1071 1014/2260/1071
f 1049/2261/1072 1014/2262/1072 1036/2263/1072
f 1017/2124/1073 1093/2264/1073 1095/2265/1073 1020/2125/1073
f 1051/2266/1074 1049/2261/1074 1036/2263/1074 1037/2267/1074
f 1020/2125/1075 1095/2265/1075 1096/2268/1075 1023/2130/1075
f 1054/2269/1076 1051/2266/1076 1037/2267/1076 1048/2270/1076
f 1023/2130/1077 1096/2268/1077 1040/2133/1077
f 1022/2238/5 1039/2271/5 1053/2272/5 1038/2239/5
f 1055/2273/1063 1054/2269/1063 1048/2270/1063
f 1055/2273/1078 1048/2270/1078 1052/2274/1078
f 1039/2275/1079 1098/2276/1079 1052/2277/1079
f 1039/2271/5 1052/2278/5 1053/2272/5
f 1040/2133/1080 1096/2268/1081 1097/2279/1082
f 1040/2158/1083 1097/2280/1083 1041/2159/1083
f 1039/2281/1084 1041/2282/1084 1098/2283/1084
f 1052/2274/1085 1098/2284/1085 1099/2285/1085 1055/2273/1085
f 1041/2159/1086 1097/2280/1086 1100/2286/1086 1098/2287/1086
f 1101/2288/1087 1105/2289/1087 1043/2163/1087 1042/2162/1087
f 1102/2290/1088 1101/2288/1088 1042/2162/1088 1044/2161/1088
f 1103/2291/1089 1045/2166/1089 1059/2165/1089
f 1103/2291/1090 1059/2165/1090 1060/2186/1090
f 1061/2292/1063 1056/2293/1063 1057/2294/1063
f 1061/2292/1091 1057/2294/1091 1060/2295/1091
f 1104/2296/1092 1103/2291/1092 1060/2186/1092 1057/2183/1092
f 1043/2136/1093 1105/2297/1093 1025/2134/1093
f 1103/2291/1094 1102/2290/1094 1044/2161/1094
f 1103/2298/1095 1044/2248/1095 1045/2247/1095
f 1047/2299/1096 1058/2300/1096 1056/2293/1096 1061/2292/1096
f 1046/2301/1097 1062/2302/1097 1058/2300/1097 1047/2299/1097
f 1105/2297/1075 1106/2303/1075 1024/2135/1075 1025/2134/1075
f 1035/2304/1098 1108/2305/1098 1062/2306/1098
f 1035/2307/1099 1062/2302/1099 1046/2301/1099
f 1106/2303/1100 1109/2308/1100 1030/2143/1100 1024/2135/1100
f 1107/2309/1101 1108/2310/1101 1035/2151/1101 1034/2150/1101
f 1109/2311/1102 1110/2312/1102 1033/2147/1102 1030/2149/1102
f 1110/2312/1103 1111/2313/1103 1031/2146/1103 1033/2147/1103
f 1111/2313/1104 1107/2309/1104 1034/2150/1104 1031/2146/1104
f 1112/2314/1105 1094/2259/1105 1049/2258/1105
f 1112/2315/1106 1049/2171/1106 1050/2173/1106
f 1064/2192/1107 1114/2316/1107 1112/2314/1107 1050/2193/1107
f 1055/2178/1108 1099/2317/1108 1066/2179/1108
f 1057/2183/1109 1067/2182/1109 1104/2296/1109
f 1062/2306/1110 1108/2305/1110 1113/2318/1110
f 1062/2190/1111 1113/2319/1111 1063/2191/1111
f 1113/2318/1112 1121/2320/1112 1068/2199/1112 1063/2198/1112
f 1065/2194/1113 1115/2321/1113 1114/2316/1113 1064/2192/1113
f 1070/2201/1114 1116/2322/1114 1115/2321/1114 1065/2194/1114
f 1071/2196/1115 1117/2323/1115 1116/2324/1115 1070/2202/1115
f 1066/2195/1116 1117/2323/1116 1071/2196/1116
f 1099/2325/1117 1144/2326/1117 1117/2323/1117 1066/2195/1117
f 1072/2197/1118 1118/2327/1118 1067/2182/1118
f 1119/2328/1119 1118/2327/1119 1072/2197/1119 1073/2203/1119
f 1118/2327/1120 1143/2329/1120 1104/2296/1120 1067/2182/1120
f 1120/2330/1121 1119/2331/1121 1073/2204/1121 1069/2200/1121
f 1121/2320/1122 1120/2330/1122 1069/2200/1122 1068/2199/1122
f 1122/2332/1123 1124/2333/1123 1075/2207/1123 1074/2206/1123
f 1123/2334/1124 1122/2332/1124 1074/2206/1124 1076/2205/1124
f 1124/2335/1125 1129/2336/1125 1077/2212/1125 1075/2211/1125
f 1083/2221/1126 1126/2337/1126 1125/2338/1126 1084/2222/1126
f 1082/2220/1127 1130/2339/1127 1126/2337/1127 1083/2221/1127
f 1084/2223/1128 1125/2340/1128 1127/2341/1128 1085/2224/1128
f 1128/2342/1129 1123/2343/1129 1076/2210/1129 1086/2209/1129
f 1129/2336/1130 1133/2344/1130 1078/2345/1130 1077/2212/1130
f 1080/2217/1131 1134/2346/1131 1130/2347/1131 1082/2218/1131
f 1085/2225/1132 1127/2348/1132 1131/2349/1132 1089/2226/1132
f 1132/2350/1133 1128/2342/1133 1086/2209/1133 1087/2227/1133
f 1133/2351/1134 1136/2352/1134 1079/2216/1134 1078/2215/1134
f 1081/2219/1135 1137/2353/1135 1134/2346/1135 1080/2217/1135
f 1089/2226/1136 1131/2349/1136 1135/2354/1136 1088/2230/1136
f 1136/2352/1137 1132/2355/1137 1087/2228/1137 1079/2216/1137
f 1088/2230/1138 1135/2354/1138 1137/2356/1138 1081/2231/1138
f 1139/2357/1139 1147/2358/1139 1140/2359/1139 1138/2360/1139
f 1140/2361/1140 1145/2362/1140 1141/2363/1140 1138/2364/1140
f 1142/2365/1141 1139/2366/1141 1138/2367/1141
f 1142/2365/1142 1138/2367/1142 1141/2368/1142
f 1143/2329/1143 1102/2290/1143 1103/2291/1143 1104/2296/1143
f 1099/2325/1144 1098/2287/1144 1144/2326/1144
f 1140/2369/1145 1150/2370/1145 1146/2371/1145 1145/2372/1145
f 1148/2373/1146 1149/2374/1146 1140/2369/1146 1147/2375/1146
f 1140/2369/1147 1149/2374/1147 1151/2376/1147
f 1140/2369/1148 1152/2377/1148 1150/2370/1148
f 1153/2378/1149 1152/2377/1149 1140/2369/1149
f 1153/2378/1150 1140/2369/1150 1151/2376/1150
f 1100/2286/1151 1176/2379/1151 1144/2326/1151 1098/2287/1151
f 1092/2253/1152 1155/2380/1152 1154/2381/1152 1090/2254/1152
f 1154/2381/1153 1157/2382/1153 1091/2255/1153 1090/2254/1153
f 1094/2256/1154 1159/2383/1154 1155/2380/1154 1092/2253/1154
f 1091/2255/1155 1157/2382/1155 1156/2384/1155 1093/2257/1155
f 1093/2264/1156 1156/2385/1156 1158/2386/1156 1095/2265/1156
f 1112/2314/1157 1171/2387/1157 1159/2388/1157 1094/2259/1157
f 1095/2265/1158 1158/2386/1158 1160/2389/1158 1096/2268/1158
f 1161/2390/1159 1196/2391/1159 1097/2279/1159
f 1161/2390/1160 1097/2279/1082 1096/2268/1081
f 1096/2268/1161 1160/2389/1161 1161/2390/1161
f 1162/2392/1162 1165/2393/1162 1106/2303/1162 1105/2297/1162
f 1101/2288/1163 1202/2394/1163 1163/2395/1163
f 1101/2396/1164 1163/2397/1164 1105/2297/1164
f 1164/2398/1165 1162/2392/1165 1105/2297/1165 1163/2397/1165
f 1165/2393/1166 1168/2399/1166 1109/2308/1166 1106/2303/1166
f 1166/2400/1167 1167/2401/1167 1108/2310/1167 1107/2309/1167
f 1167/2402/1168 1172/2403/1168 1113/2318/1168 1108/2305/1168
f 1168/2404/1169 1170/2405/1169 1110/2312/1169 1109/2311/1169
f 1110/2312/1170 1170/2405/1170 1169/2406/1170 1111/2313/1170
f 1169/2406/1171 1166/2400/1171 1107/2309/1171 1111/2313/1171
f 1114/2316/1172 1188/2407/1172 1171/2387/1172 1112/2314/1172
f 1172/2403/1173 1190/2408/1173 1121/2320/1173 1113/2318/1173
f 1144/2409/5 1124/2410/5 1122/2411/5
f 1144/2409/1174 1122/2411/1174 1117/2412/1174
f 1117/2413/1175 1173/2414/1175 1116/2415/1175
f 1122/2411/1176 1123/2416/1176 1173/2417/1176
f 1122/2418/1177 1173/2419/1177 1117/2420/1177
f 1125/2421/5 1126/2422/5 1143/2423/5
f 1125/2421/1178 1143/2423/1178 1118/2424/1178
f 1174/2425/1176 1127/2426/1176 1125/2427/1176
f 1174/2428/1179 1125/2429/1179 1118/2327/1179
f 1118/2327/1180 1119/2328/1180 1174/2428/1180
f 1144/2430/1181 1176/2431/1181 1175/2432/1181
f 1144/2409/5 1175/2433/5 1124/2410/5
f 1177/2434/1182 1115/2321/1182 1116/2322/1182
f 1177/2435/1183 1116/2436/1183 1173/2437/1183
f 1175/2433/1184 1178/2438/1184 1129/2439/1184 1124/2410/1184
f 1179/2440/1185 1192/2441/1185 1178/2442/1185 1175/2432/1185
f 1175/2432/1186 1176/2431/1186 1179/2440/1186
f 1180/2443/1187 1181/2444/1187 1143/2445/1187
f 1180/2446/5 1143/2423/5 1126/2422/5
f 1130/2447/1188 1182/2448/1188 1180/2446/1188 1126/2422/1188
f 1182/2449/1189 1194/2450/1189 1183/2451/1189 1180/2443/1189
f 1180/2443/1190 1183/2451/1191 1181/2444/1192
f 1181/2452/1193 1101/2288/1193 1102/2290/1193 1143/2329/1193
f 1119/2331/1194 1120/2330/1194 1184/2453/1194
f 1119/2328/1195 1184/2454/1195 1174/2428/1195
f 1123/2416/1196 1128/2455/1196 1185/2456/1196 1173/2417/1196
f 1185/2457/1197 1198/2458/1197 1177/2434/1197 1173/2459/1197
f 1186/2460/1198 1131/2461/1198 1127/2426/1198 1174/2425/1198
f 1184/2453/1199 1200/2462/1199 1186/2463/1199 1174/2464/1199
f 1187/2465/1200 1188/2407/1200 1114/2316/1200
f 1187/2465/1201 1114/2316/1201 1115/2321/1201
f 1115/2321/1202 1177/2434/1202 1187/2465/1202
f 1178/2438/1203 1191/2466/1203 1133/2467/1203 1129/2439/1203
f 1134/2468/1204 1193/2469/1204 1182/2448/1204 1130/2447/1204
f 1121/2320/1205 1190/2408/1206 1189/2470/1207
f 1121/2320/1205 1189/2470/1207 1120/2330/1208
f 1120/2330/1209 1189/2470/1209 1184/2453/1209
f 1192/2471/1210 1206/2472/1210 1191/2473/1210 1178/2474/1210
f 1193/2475/1211 1207/2476/1211 1194/2477/1211 1182/2478/1211
f 1097/2280/1212 1196/2479/1212 1195/2480/1212 1100/2286/1212
f 1128/2455/1213 1132/2481/1213 1197/2482/1213 1185/2456/1213
f 1197/2483/1214 1205/2484/1214 1198/2458/1214 1185/2457/1214
f 1199/2485/1215 1135/2486/1215 1131/2461/1215 1186/2460/1215
f 1186/2463/1216 1200/2462/1216 1199/2487/1216
f 1181/2444/1192 1183/2451/1191 1201/2488/1217
f 1181/2452/1218 1201/2489/1218 1101/2288/1218
f 1101/2288/1219 1201/2489/1219 1202/2394/1219
f 1191/2466/1220 1203/2490/1220 1136/2491/1220 1133/2467/1220
f 1137/2353/1221 1204/2492/1221 1193/2475/1221 1134/2346/1221
f 1132/2481/1222 1136/2491/1222 1203/2490/1222 1197/2482/1222
f 1135/2486/1223 1199/2485/1223 1204/2493/1223 1137/2494/1223
f 1195/2495/1224 1179/2440/1224 1176/2431/1224
f 1195/2480/1225 1176/2379/1225 1100/2286/1225
f 1203/2496/1226 1209/2497/1226 1205/2498/1226 1197/2499/1226
f 1206/2472/1227 1209/2497/1227 1203/2496/1227 1191/2473/1227
f 1204/2492/1228 1210/2500/1228 1207/2476/1228 1193/2475/1228
f 1199/2487/1229 1200/2462/1229 1208/2501/1229 1204/2502/1229
f 1204/2492/1230 1208/2503/1230 1210/2500/1230
f 1198/2458/1231 1213/2504/1231 1187/2465/1231 1177/2434/1231
f 1189/2470/1232 1214/2505/1232 1200/2462/1232 1184/2453/1232
f 1179/2440/1233 1195/2495/1233 1192/2441/1233
f 1183/2451/1234 1194/2450/1234 1201/2488/1234
f 1196/2506/1235 1211/2507/1235 1192/2441/1235 1195/2495/1235
f 1211/2508/1236 1218/2509/1236 1206/2472/1236 1192/2471/1236
f 1194/2450/1237 1212/2510/1237 1202/2511/1237
f 1194/2450/1238 1202/2511/1238 1201/2488/1238
f 1207/2476/1239 1219/2512/1239 1212/2513/1239 1194/2477/1239
f 1205/2484/1240 1217/2514/1240 1213/2504/1240 1198/2458/1240
f 1214/2505/1241 1220/2515/1241 1208/2501/1241 1200/2462/1241
f 1215/2516/1242 1188/2407/1242 1187/2465/1242
f 1215/2516/1243 1187/2465/1243 1213/2504/1243
f 1216/2517/1244 1211/2508/1244 1196/2518/1244 1161/2519/1244
f 1209/2520/1245 1222/2521/1245 1217/2522/1245 1205/2523/1245
f 1218/2509/1246 1222/2524/1246 1209/2497/1246 1206/2472/1246
f 1210/2500/1247 1223/2525/1247 1219/2512/1247 1207/2476/1247
f 1220/2526/1248 1223/2527/1248 1210/2528/1248 1208/2529/1248
f 1202/2394/1249 1212/2513/1249 1163/2395/1249
f 1189/2470/1250 1190/2408/1250 1221/2530/1250
f 1189/2470/1251 1221/2530/1251 1214/2505/1251
f 1161/2390/1252 1225/2531/1252 1224/2532/1252 1216/2533/1252
f 1160/2389/1253 1259/2534/1253 1225/2531/1253
f 1160/2389/1254 1225/2531/1254 1161/2390/1254
f 1226/2535/1255 1227/2536/1255 1163/2395/1255 1212/2513/1255
f 1163/2397/1256 1227/2537/1256 1164/2398/1256
f 1228/2538/1257 1215/2516/1257 1213/2504/1257 1217/2514/1257
f 1229/2539/1258 1230/2540/1258 1211/2508/1258 1216/2517/1258
f 1211/2508/1259 1230/2540/1259 1218/2509/1259
f 1231/2541/1260 1232/2542/1260 1212/2513/1260 1219/2512/1260
f 1212/2513/1261 1232/2542/1261 1226/2535/1261
f 1214/2505/1262 1221/2530/1262 1233/2543/1262 1220/2515/1262
f 1216/2533/1263 1224/2532/1263 1229/2544/1263
f 1234/2545/1264 1228/2546/1264 1217/2547/1264 1222/2524/1264
f 1218/2509/1265 1230/2540/1265 1235/2548/1265 1222/2524/1265
f 1236/2549/1266 1231/2541/1266 1219/2512/1266 1223/2525/1266
f 1220/2550/1267 1233/2551/1267 1237/2552/1267 1223/2525/1267
f 1235/2548/1268 1299/2553/1269 1234/2545/1270
f 1235/2548/1271 1234/2545/1271 1222/2524/1271
f 1237/2552/1272 1301/2554/1272 1236/2549/1272
f 1237/2552/1273 1236/2549/1273 1223/2525/1273
f 1145/2555/1274 1241/2556/1274 1238/2557/1274 1141/2558/1274
f 1141/2368/1275 664/2559/1275 1239/2560/1275 1142/2365/1275
f 1240/2561/1276 664/2559/1276 1141/2368/1276 1238/2562/1276
f 1145/2372/1277 1146/2371/1277 1241/2563/1277
f 1242/2564/1278 1244/2565/1278 1147/2358/1278 1139/2357/1278
f 1239/2560/1279 619/2566/1279 1139/2366/1279 1142/2365/1279
f 1139/2366/1280 619/2566/1280 1243/2567/1280 1242/2568/1280
f 1147/2375/1281 1244/2569/1281 1148/2373/1281
f 1245/2570/1282 1247/2571/1282 1171/2572/1282 1188/2573/1282
f 1188/2573/1283 1215/2574/1283 1246/2575/1283 1245/2570/1283
f 1248/2576/1284 1253/2577/1284 1247/2578/1284 1245/2579/1284
f 1245/2579/1285 1246/2580/1285 1248/2576/1285
f 1172/2581/1286 1251/2582/1286 1249/2583/1286 1190/2584/1286
f 1250/2585/1287 1221/2586/1287 1190/2584/1287 1249/2583/1287
f 1251/2587/1288 1254/2588/1288 1252/2589/1288 1249/2590/1288
f 1249/2590/1289 1252/2589/1289 1250/2591/1289
f 1247/2592/1290 1253/2593/1290 1159/2383/1290 1171/2594/1290
f 1167/2401/1291 1254/2595/1291 1251/2596/1291 1172/2597/1291
f 1215/2598/1292 1228/2599/1292 1255/2600/1292 1246/2601/1292
f 1255/2602/1293 1271/2603/1293 1248/2576/1293 1246/2580/1293
f 1256/2604/1294 1233/2605/1294 1221/2606/1294 1250/2607/1294
f 1252/2589/1295 1275/2608/1295 1256/2609/1295 1250/2591/1295
f 1253/2593/1296 1258/2610/1296 1257/2611/1296 1159/2383/1296
f 1248/2576/1297 1286/2612/1297 1258/2613/1297 1253/2577/1297
f 1257/2611/1298 1266/2614/1298 1155/2380/1298
f 1257/2611/1299 1155/2380/1299 1159/2383/1299
f 1158/2386/1300 1270/2615/1300 1259/2534/1300 1160/2389/1300
f 1260/2616/1301 1261/2617/1301 1162/2392/1301 1164/2398/1301
f 1227/2537/1302 1449/2618/1302 1260/2616/1302
f 1227/2537/1303 1260/2616/1303 1164/2398/1303
f 1261/2617/1304 1279/2619/1304 1165/2393/1304 1162/2392/1304
f 1262/2620/1305 1263/2621/1305 1254/2595/1305 1167/2401/1305
f 1166/2400/1306 1282/2622/1306 1262/2620/1306
f 1166/2400/1307 1262/2620/1307 1167/2401/1307
f 1263/2623/1308 1288/2624/1308 1252/2589/1308 1254/2588/1308
f 1264/2625/1309 1265/2626/1309 1154/2381/1309 1155/2380/1309
f 1154/2381/1310 1265/2626/1310 1157/2382/1310
f 1155/2627/1311 1266/2628/1311 1267/2629/1311
f 1268/2630/1312 1264/2625/1312 1155/2380/1312
f 1268/2630/1313 1155/2380/1313 1267/2631/1313
f 1157/2382/1314 1265/2626/1314 1269/2632/1314 1156/2384/1314
f 1156/2384/1315 1269/2632/1315 1270/2633/1315 1158/2634/1315
f 1228/2599/1316 1272/2635/1316 1271/2636/1316 1255/2600/1316
f 1228/2637/1317 1273/2638/1317 1272/2639/1317
f 1274/2640/1318 1273/2638/1318 1228/2637/1318 1234/2641/1318
f 1275/2642/1319 1276/2643/1319 1233/2605/1319 1256/2604/1319
f 1233/2644/1320 1276/2645/1320 1277/2646/1320
f 1233/2644/1321 1277/2646/1321 1278/2647/1321 1237/2648/1321
f 1279/2619/1322 1280/2649/1322 1168/2399/1322 1165/2393/1322
f 1280/2650/1323 1285/2651/1323 1170/2405/1323 1168/2404/1323
f 1169/2406/1324 1285/2651/1325 1281/2652/1326 1166/2400/1326
f 1166/2653/1327 1283/2654/1327 1282/2655/1327
f 1166/2400/1328 1281/2652/1328 1284/2656/1328
f 1166/2400/1329 1284/2656/1329 1283/2657/1329
f 1170/2405/1330 1285/2651/1325 1169/2406/1324
f 1287/2658/1331 1286/2612/1331 1248/2576/1331 1271/2603/1331
f 1252/2589/1332 1288/2624/1332 1289/2659/1332 1275/2608/1332
f 1258/2660/1333 1286/2661/1333 1290/2662/1333 1257/2663/1333
f 1290/2664/1334 1296/2665/1334 1266/2666/1334 1257/2667/1334
f 1291/2668/1335 1288/2669/1335 1263/2670/1335 1262/2671/1335
f 1282/2672/1336 1297/2673/1336 1291/2674/1336 1262/2675/1336
f 1272/2676/1337 1292/2677/1337 1287/2678/1337 1271/2679/1337
f 1272/2639/1338 1273/2638/1338 1293/2680/1338 1292/2681/1338
f 1289/2682/1339 1294/2683/1339 1276/2684/1339 1275/2685/1339
f 1295/2686/1340 1277/2646/1341 1276/2645/1341 1294/2687/1342
f 652/2688/5 648/2689/5 633/2690/5 629/2691/5
f 629/2691/1343 624/2692/1343 655/2693/1343 652/2688/1343
f 635/2694/5 649/2695/5 653/2696/5 631/2697/5
f 657/2698/1344 627/2699/1344 631/2697/1344 653/2696/1344
f 648/2689/5 645/2700/5 637/2701/5 633/2690/5
f 638/2702/5 646/2703/5 649/2695/5 635/2694/5
f 645/2700/5 647/2704/5 639/2705/5 637/2701/5
f 639/2705/5 647/2704/5 646/2703/5 638/2702/5
f 1286/2661/1345 1287/2678/1345 1292/2677/1345 1290/2662/1345
f 1292/2681/1346 1293/2680/1346 1296/2665/1346 1290/2664/1346
f 1294/2683/1347 1289/2682/1347 1288/2669/1347 1291/2668/1347
f 1297/2673/1348 1295/2686/1340 1294/2687/1342 1291/2674/1348
f 1234/2641/1349 1299/2706/1349 1298/2707/1349 1274/2640/1349
f 1239/1389/1350 664/1471/1350 659/1388/1350 625/1387/1350
f 667/1477/1351 622/1375/1351 621/1373/1351 661/1395/1351
f 1300/2708/1352 1301/2709/1352 1237/2648/1352 1278/2647/1352
f 1241/2556/1353 1306/2710/1353 1302/2711/1353 1238/2557/1353
f 1238/2562/1354 1302/2712/1354 1303/2713/1354
f 1303/2714/1355 1498/1502/1355 1240/2715/1355
f 1303/2713/1356 1240/2561/1356 1238/2562/1356
f 1304/2716/1357 1307/2717/1357 1244/2565/1357 1242/2564/1357
f 1242/2568/1358 1305/2718/1358 1304/2719/1358
f 1243/2720/1359 1497/2721/1359 1305/2722/1359
f 1243/2567/1360 1305/2718/1360 1242/2568/1360
f 1146/2371/1361 1372/2723/1361 1306/2724/1361 1241/2563/1361
f 1307/2725/1362 1374/2726/1362 1148/2373/1362 1244/2569/1362
f 1310/2727/1363 1312/2728/1363 1308/2729/1363 1309/2730/1363
f 1311/2731/1364 1314/2732/1364 1309/2733/1364 1308/2734/1364
f 1309/2735/325 1314/2736/325 1313/2737/325 1310/2738/325
f 1316/2739/1365 1318/2740/1365 1317/2741/1365 1315/2742/1365
f 1314/2743/1363 1311/2744/1363 1315/2745/1363 1317/2746/1363
f 1318/2747/325 1336/2748/325 1314/2736/325 1317/2749/325
f 1296/2750/1366 1293/2751/1366 1319/2752/1366 1320/2753/1366
f 1320/2754/1367 1324/2755/1367 1266/2756/1367 1296/2757/1367
f 1297/2758/1368 1322/2759/1368 1321/2760/1368 1295/2761/1368
f 1282/2762/1369 1328/2763/1369 1322/2759/1369 1297/2758/1369
f 1323/2764/1370 1324/2765/1370 1320/2766/1370 1319/2767/1370
f 1293/2751/1371 1273/2768/1371 1325/2769/1371 1319/2752/1371
f 1325/2770/1372 1338/2771/1372 1323/2764/1372 1319/2767/1372
f 1326/2772/1373 1277/2773/1373 1295/2761/1373 1321/2760/1373
f 1322/2774/1374 1328/2775/1374 1327/2776/1374 1321/2777/1374
f 1327/2776/1375 1339/2778/1375 1326/2779/1375 1321/2777/1375
f 1313/2780/1376 1329/2781/1376 1312/2782/1376 1310/2783/1376
f 667/1477/1377 1333/2784/1377 1330/2785/1377
f 667/1477/1378 1330/2785/1378 622/1375/1378
f 1331/2786/1379 1332/2787/1379 622/1375/1379
f 1331/2786/1380 622/1375/1380 1330/2785/1380
f 622/1375/1381 1332/2787/1381 617/1368/1381
f 667/1477/1382 666/1476/1382 1334/2788/1382
f 667/1477/1383 1334/2788/1383 1333/2784/1383
f 1335/2789/1384 1336/2790/1384 1318/2791/1384 1316/2792/1384
f 1324/2755/1385 1337/2793/1385 1267/2794/1385 1266/2756/1385
f 1283/2795/1386 1340/2796/1386 1328/2797/1386 1282/2798/1386
f 1323/2764/1387 1342/2799/1387 1337/2800/1387 1324/2765/1387
f 1273/2801/1388 1274/2802/1388 1338/2803/1388 1325/2804/1388
f 1339/2805/1389 1278/2806/1389 1277/2807/1389 1326/2808/1389
f 1340/2809/1390 1350/2810/1390 1327/2776/1390 1328/2775/1390
f 1337/2793/1391 1342/2811/1391 1341/2812/1391 1267/2794/1391
f 1267/2813/1392 1341/2814/1392 1268/2815/1392
f 1323/2764/1393 1338/2771/1393 1343/2816/1393
f 1323/2764/1394 1343/2816/1394 1344/2817/1394 1342/2799/1394
f 1274/2802/1395 1345/2818/1395 1343/2819/1395 1338/2803/1395
f 1274/2640/1396 1298/2707/1396 1346/2820/1396 1345/2821/1396
f 1347/2822/1397 1348/2823/1397 1278/2806/1397 1339/2805/1397
f 1349/2824/1398 1300/2708/1398 1278/2647/1398 1348/2825/1398
f 1327/2776/1399 1351/2826/1399 1347/2827/1399 1339/2778/1399
f 1327/2776/1400 1350/2810/1400 1351/2826/1400
f 1352/2828/1401 1350/2829/1401 1340/2796/1401 1283/2795/1401
f 1283/2830/1402 1284/2831/1402 1352/2832/1402
f 1342/2833/1403 1344/2834/1403 1353/2835/1403 1341/2836/1403
f 1354/2837/1404 1351/2838/1404 1350/2839/1404 1352/2840/1404
f 1355/2841/1405 1268/2815/1405 1341/2814/1405 1353/2842/1405
f 1345/2843/1406 1353/2835/1406 1344/2834/1406 1343/2844/1406
f 1356/2845/1407 1355/2841/1407 1353/2842/1407 1345/2821/1407
f 1346/2820/1408 1448/2846/1408 1356/2845/1408
f 1346/2820/1409 1356/2845/1409 1345/2821/1409
f 1351/2838/1410 1354/2837/1410 1348/2847/1410 1347/2848/1410
f 1354/2849/1411 1358/2850/1411 1357/2851/1411 1348/2825/1411
f 1357/2851/1412 1452/2852/1412 1349/2824/1412
f 1357/2851/1413 1349/2824/1413 1348/2825/1413
f 1352/2832/1414 1284/2831/1414 1358/2850/1414 1354/2849/1414
f 1331/2853/1415 1330/2854/1415 1359/2855/1415 1360/2856/1415
f 1360/2857/1416 1362/2858/1416 1361/2859/1416 1331/2860/1416
f 1361/2861/1417 1377/2862/1417 1332/2863/1417
f 1361/2864/1418 1332/2787/1418 1331/2786/1418
f 5540/2865/1419 1362/2866/1419 1360/2867/1419 1359/2868/1419
f 1314/2736/325 1336/2748/325 1313/2737/325
f 1330/2869/574 1333/2870/574 5540/2871/574 1359/2872/574
f 1362/2858/1420 1361/2859/1420 1329/2873/1420 1313/2874/1420
f 5540/2865/1421 1362/2866/1421 1313/2737/1421 1336/2748/1421
f 1333/2870/574 5540/2871/574 1336/2875/574 1335/2876/574
f 1306/2710/1422 1371/2877/1422 1363/2878/1422 1302/2711/1422
f 1302/2712/1423 1363/2879/1423 1364/2880/1423
f 1365/2881/1424 1366/2882/1424 1302/2712/1424 1364/2880/1424
f 1366/2883/1425 1477/2884/1425 1303/2885/1425
f 1366/2882/1426 1303/2713/1426 1302/2712/1426
f 1367/2886/1427 1373/2887/1427 1307/2717/1427 1304/2716/1427
f 1304/2719/1428 1368/2888/1428 1367/2889/1428
f 1304/2719/1429 1370/2890/1429 1369/2891/1429 1368/2888/1429
f 1305/2892/1430 1476/2893/1430 1370/2894/1430
f 1305/2718/1431 1370/2890/1431 1304/2719/1431
f 1372/2723/1432 1420/2895/1432 1371/2896/1432 1306/2724/1432
f 1373/2897/1433 1416/2898/1433 1374/2726/1433 1307/2725/1433
f 1375/2899/1434 1361/2900/1435 5538/2901/1436
f 1376/2902/1437 1377/2903/1437 1375/2904/1437 5538/2905/1437
f 5538/2901/1436 1361/2900/1435 1362/2906/1438
f 1362/2866/1439 1378/2907/1439 1376/2908/1439 5538/2909/1439
f 1362/2866/1440 5540/2865/1440 5539/2910/1440
f 1362/2866/1441 5539/2910/1441 1378/2907/1441
f 1333/2911/5 5541/2912/5 5540/2913/5
f 5540/2913/5 5541/2912/5 1379/2914/5
f 1379/2915/1442 1381/2916/1442 5539/2910/1442 5540/2865/1442
f 1380/2917/574 1381/2918/574 1379/2919/574 5541/2920/574
f 1384/2921/1443 1386/2922/1443 1382/2923/1443 1383/2924/1443
f 1385/2925/1444 1392/2926/1444 1383/2927/1444 1382/2928/1444
f 1386/2929/1445 1422/2930/1445 1385/2931/1445 1382/2932/1445
f 1387/2933/1446 1391/2934/1446 1388/2935/1446 1389/2936/1446
f 1389/2937/1447 1393/2938/1447 1390/2939/1447 1387/2940/1447
f 1390/2941/1448 1425/2942/1448 1391/2943/1448 1387/2944/1448
f 1392/2945/1449 1428/2946/1449 1384/2947/1449 1383/2948/1449
f 1388/2949/1450 1431/2950/1450 1393/2951/1450 1389/2952/1450
f 1378/2953/337 1394/2954/337 1377/2955/337 1376/2956/337
f 1395/2957/1451 1396/2958/1451 1394/2959/1451 1378/2960/1451
f 1397/2961/1452 1395/2962/1452 1378/2907/1453 5539/2910/1453
f 1381/2963/1454 1380/2964/1454 1398/2965/1454 5539/2966/1454
f 1399/2967/1455 1397/2968/1455 5539/2969/1455 1398/2970/1455
f 1401/2971/1456 1367/2972/1456 1368/2973/1456 1400/2974/1456
f 1402/2975/1457 1410/2976/1457 1400/2977/1457 1368/2978/1457
f 1403/2979/1458 1402/2980/1458 1368/2888/1458
f 1403/2979/1459 1368/2888/1459 1369/2891/1459
f 1364/2981/1460 1363/2982/1460 1404/2983/1460 1405/2984/1460
f 1405/2985/1461 1413/2986/1461 1406/2987/1461 1364/2988/1461
f 1364/2880/1462 1406/2989/1462 1407/2990/1462
f 1364/2880/1463 1407/2990/1463 1365/2881/1463
f 1409/2991/1464 1401/2971/1464 1400/2974/1464 1408/2992/1464
f 1400/2977/1465 1386/2993/1465 1408/2994/1465
f 1410/2976/1466 1424/2995/1466 1386/2993/1466 1400/2977/1466
f 1405/2984/1467 1404/2983/1467 1411/2996/1467 1412/2997/1467
f 1405/2985/1468 1412/2998/1468 1391/2999/1468
f 1391/2999/1469 1427/3000/1469 1413/2986/1469 1405/2985/1469
f 1386/2993/1470 1384/3001/1470 1409/3002/1470 1408/2994/1470
f 1411/3003/1471 1388/3004/1471 1391/2999/1471 1412/2998/1471
f 1414/3005/1472 1417/3006/1472 1373/2887/1472
f 1414/3005/1473 1373/2887/1473 1367/2886/1473
f 1401/3007/1474 1418/3008/1474 1414/3005/1474 1367/2886/1474
f 1415/3009/1475 1419/3010/1475 1404/3011/1475 1363/2878/1475
f 1371/2877/1476 1421/3012/1476 1415/3009/1476 1363/2878/1476
f 1373/2887/1477 1417/3006/1477 1416/3013/1477
f 1401/3007/1478 1409/3014/1478 1384/3015/1478
f 1384/3015/1479 1430/3016/1479 1418/3008/1479 1401/3007/1479
f 1404/3011/1480 1388/3017/1480 1411/3018/1480
f 1419/3010/1481 1433/3019/1481 1388/3017/1481 1404/3011/1481
f 1371/2896/1482 1420/2895/1482 1421/3020/1482
f 1386/2993/1483 1424/2995/1483 1423/3021/1483
f 1386/2929/1484 1423/3022/1484 1422/2930/1484
f 1426/3023/1485 1427/3000/1485 1391/2999/1485 1425/3024/1485
f 1429/3025/1486 1430/3026/1486 1384/2947/1486 1428/2946/1486
f 1388/2949/1487 1433/3027/1487 1432/3028/1487 1431/2950/1487
f 1392/2926/1488 1385/2925/1488 1434/3029/1488 1435/3030/1488
f 1434/3031/1489 1437/3032/1489 1436/3033/1489 1435/3034/1489
f 1385/2931/1490 1422/2930/1490 1437/3035/1490 1434/3036/1490
f 1436/3037/1491 1428/2946/1491 1392/2945/1491 1435/3038/1491
f 1439/3039/1492 1390/2939/1492 1393/2938/1492 1438/3040/1492
f 1440/3041/1493 1441/3042/1493 1439/3043/1493 1438/3044/1493
f 1393/2951/1494 1431/2950/1494 1440/3045/1494 1438/3046/1494
f 1441/3047/1495 1425/2942/1495 1390/2941/1495 1439/3048/1495
f 1265/2626/1496 1443/3049/1496 1442/3050/1496 1269/2632/1496
f 1264/2625/1497 1456/3051/1497 1443/3049/1497 1265/2626/1497
f 1269/2632/1498 1442/3050/1498 1270/2633/1498
f 1270/2615/1499 1442/3052/1499 1444/3053/1499 1259/2534/1499
f 1356/2845/1500 1448/2846/1500 1445/3054/1500 1355/2841/1500
f 1355/2841/1501 1445/3054/1501 1446/3055/1501 1268/2815/1501
f 1259/2534/1502 1444/3053/1502 1447/3056/1502 1225/2531/1502
f 1449/2618/1503 1450/3057/1503 1261/2617/1503 1260/2616/1503
f 1450/3057/1504 1453/3058/1504 1279/2619/1504 1261/2617/1504
f 1451/3059/1505 1452/2852/1505 1357/2851/1505 1358/2850/1505
f 1279/2619/1506 1453/3058/1506 1280/2649/1506
f 1454/3060/1507 1451/3059/1507 1358/2850/1507 1284/2831/1507
f 1453/3061/1508 1455/3062/1508 1285/2651/1508 1280/2650/1508
f 1455/3062/1509 1457/3063/1509 1281/2652/1509 1285/2651/1509
f 1268/2630/1510 1446/3064/1510 1456/3051/1510 1264/2625/1510
f 1457/3063/1511 1454/3065/1511 1284/2656/1511 1281/2652/1511
f 1458/3066/1512 1332/3067/1512 1396/2958/1512 1395/2957/1512
f 1395/2962/1452 1397/2961/1452 1459/3068/325
f 1459/3068/325 1465/3069/325 1458/3070/325 1395/2962/1452
f 1334/3071/1513 1461/3072/1513 1397/3073/1513 1399/3074/1513
f 1397/2961/1452 1461/3075/325 1460/3076/325 1459/3068/325
f 1463/3077/1514 1465/3078/1514 1459/3079/1514 1462/3080/1514
f 1460/3081/1515 1464/3082/1515 1462/3080/1515 1459/3079/1515
f 1466/3083/1516 1468/3084/1516 1235/2548/1516 1230/2540/1516
f 1467/3085/1517 1466/3083/1517 1230/2540/1517 1229/2539/1517
f 1468/3084/1518 602/3086/1518 1299/2553/1518
f 1468/3084/1519 1299/2553/1269 1235/2548/1268
f 1236/2549/1520 1471/3087/1520 1469/3088/1520 1231/2541/1520
f 1231/2541/1521 1469/3088/1521 1470/3089/1521 1232/2542/1521
f 1301/2554/1522 684/1523/1522 1471/3087/1522
f 1301/2554/1523 1471/3087/1523 1236/2549/1523
f 1472/3090/1524 1467/3091/1524 1229/2544/1524 1224/2532/1524
f 1299/2553/1525 602/3086/1525 1473/3092/1525 1298/3093/1525
f 1232/2542/1526 1470/3089/1526 1474/3094/1526 1226/2535/1526
f 1475/1524/1527 684/1523/1527 1301/2554/1527 1300/3095/1527
f 1476/2893/1528 1472/3090/1528 1224/2532/1528 1225/2531/1528
f 1473/1342/1529 1478/3096/1529 1346/2820/1529 1298/2707/1529
f 1226/3097/1530 1474/3098/1530 1477/2884/1530 1227/2537/1530
f 1349/2824/1531 1479/3099/1531 1475/3100/1531 1300/2708/1531
f 1370/2894/1532 1476/2893/1532 1225/2531/1532 1447/3056/1532
f 1346/2820/1533 1478/3096/1533 1448/2846/1533
f 1227/2537/1534 1477/2884/1534 1366/2883/1534 1449/2618/1534
f 1349/2824/1535 1452/2852/1535 1479/3099/1535
f 1436/3101/1536 1437/3102/1536 1480/3103/1536 1481/3104/1536
f 1480/3105/1537 1483/3106/1537 1482/3107/1537 1481/3108/1537
f 1437/3035/1538 1492/3109/1538 1483/3110/1538 1480/3111/1538
f 1482/3112/1539 1493/3113/1539 1436/3037/1539 1481/3114/1539
f 1485/3115/1540 1441/3116/1540 1440/3117/1540 1484/3118/1540
f 1486/3119/1541 1487/3120/1541 1485/3121/1541 1484/3122/1541
f 1440/3045/1542 1494/3123/1542 1486/3124/1542 1484/3125/1542
f 1487/3126/1543 1495/3127/1543 1441/3047/1543 1485/3128/1543
f 1442/3050/1544 1369/3129/1544 1444/3130/1544
f 1403/3131/1545 1369/3129/1545 1442/3050/1545 1443/3049/1545
f 1444/3053/1546 1369/3132/1546 1370/2894/1546 1447/3056/1546
f 1448/2846/1547 1478/3096/1547 1488/3133/1547 1445/3054/1547
f 1445/3054/1548 1424/3134/1548 1410/3135/1548 1446/3055/1548
f 1488/3136/1549 1423/3137/1549 1424/3138/1549
f 1488/3139/1550 1424/3140/1550 1445/3141/1550
f 1366/2883/1551 1365/3142/1551 1450/3057/1551 1449/2618/1551
f 1489/3143/1552 1479/3099/1552 1452/2852/1552 1451/3059/1552
f 1450/3057/1553 1365/3142/1553 1453/3058/1553
f 1413/3144/1554 1427/3145/1554 1451/3146/1554 1454/3065/1554
f 1427/3000/1555 1426/3023/1555 1489/3147/1555
f 1427/3000/1556 1489/3147/1556 1451/3148/1556
f 1453/3061/1557 1365/3149/1557 1407/3150/1557 1455/3062/1557
f 1456/3051/1558 1410/3151/1558 1490/3152/1558 1443/3049/1558
f 1490/3153/1559 1402/3154/1559 1403/3155/1559
f 1490/3152/1560 1403/3131/1560 1443/3049/1560
f 1456/3051/1561 1446/3064/1561 1410/3151/1561
f 1454/3065/1562 1457/3063/1562 1413/3144/1562
f 1406/3156/1563 1413/3144/1563 1457/3063/1563 1455/3062/1563
f 1455/3062/1564 1407/3150/1564 1406/3156/1564
f 1491/3157/1565 1492/3109/1565 1437/3035/1565 1422/2930/1565
f 1436/3037/1566 1493/3113/1566 1428/2946/1566
f 1440/3045/1567 1431/2950/1567 1494/3123/1567
f 1441/3047/1568 1495/3127/1568 1496/3158/1568 1425/2942/1568
f 1467/3085/1569 603/3159/1569 601/3160/1569 1466/3083/1569
f 1472/3161/1570 607/3162/1570 603/3163/1570
f 1472/3090/1571 603/3164/1571 1467/3091/1571
f 601/3160/1572 602/3086/1572 1468/3084/1572 1466/3083/1572
f 1471/3087/1573 684/1523/1573 683/3165/1573 1469/3088/1573
f 683/3165/1574 677/3166/1574 1470/3089/1574 1469/3088/1574
f 677/3166/1575 678/3167/1575 1474/3094/1575
f 677/3166/1576 1474/3094/1576 1470/3089/1576
f 1476/2893/1577 1305/2892/1577 1497/3168/1577
f 1476/2893/1578 1497/3168/1578 1472/3090/1578
f 1497/3168/1579 611/1351/1579 607/1355/1579
f 1497/3168/1580 607/1355/1580 1472/3090/1580
f 1498/3169/1581 1303/2885/1581 1477/2884/1581 1474/3098/1581
f 678/3167/1582 673/1503/679 1498/1502/678
f 678/3167/1583 1498/1502/1583 1474/3094/1583
f 1465/3078/1584 1463/3077/1584 1332/3170/1584 1458/3171/1584
f 1463/3172/1585 1499/3173/1586 617/1368/1587 1332/2787/1587
f 1464/3174/1588 1460/3175/1588 1461/3176/1588 1334/3177/1588
f 666/1476/1589 1501/3178/1589 1464/3179/1589 1334/2788/1589
f 1463/3172/1585 1500/3180/1590 1499/3173/1586
f 1464/3179/1591 1501/3178/1591 1502/3181/1591
f 1504/3182/1592 1482/3183/1592 1483/3184/1592
f 1504/3182/1593 1483/3184/1593 1503/3185/1593
f 1503/3186/1594 1507/3187/1594 1505/3188/1594 1504/3189/1594
f 1492/3190/1595 1506/3191/1595 1503/3185/1595 1483/3184/1595
f 1506/3192/689 1524/3193/689 1507/3194/689 1503/3195/689
f 1508/3196/1596 1493/3197/1596 1482/3183/1596 1504/3182/1596
f 1504/3198/325 1505/3199/325 1509/3200/325 1508/3201/325
f 1487/3202/1597 1486/3203/1597 1511/3204/1597
f 1487/3205/1365 1511/3206/1365 1510/3207/1365
f 1512/3208/1598 1514/3209/1598 1510/3210/1598 1511/3211/1598
f 1510/3212/1599 1513/3213/1599 1495/3214/1599 1487/3215/1599
f 1514/3216/689 1528/3217/689 1513/3218/689 1510/3219/689
f 1486/3203/1600 1494/3220/1600 1515/3221/1600 1511/3204/1600
f 1516/3222/325 1512/3223/325 1511/3224/325 1515/3225/325
f 1423/3022/1601 1554/3226/1601 1491/3157/1601 1422/2930/1601
f 1496/3158/1602 1556/3227/1602 1426/3228/1602 1425/2942/1602
f 1517/3229/1603 1518/3230/1603 1428/2946/1603 1493/3113/1603
f 1519/3231/1604 1429/3025/1604 1428/2946/1604 1518/3230/1604
f 1431/2950/1605 1521/3232/1605 1520/3233/1605 1494/3123/1605
f 1431/2950/1606 1432/3028/1606 1522/3234/1606 1521/3232/1606
f 1523/3235/1607 1524/3236/1607 1506/3237/1607 1492/3238/1607
f 1492/3109/1608 1491/3157/1608 1525/3239/1608 1523/3240/1608
f 1509/3241/1607 1526/3242/1607 1493/3243/1607 1508/3244/1607
f 1526/3245/1609 1537/3246/1609 1517/3247/1609
f 1526/3248/1610 1517/3229/1610 1493/3113/1610
f 1513/3249/1611 1528/3250/1611 1527/3251/1611 1495/3252/1611
f 1529/3253/1612 1496/3158/1613 1495/3127/1614 1527/3254/1614
f 1494/3255/1611 1530/3256/1611 1516/3257/1611 1515/3258/1611
f 1520/3259/1615 1540/3260/1615 1530/3261/1615
f 1520/3233/1616 1530/3262/1616 1494/3123/1616
f 1507/3187/5 1532/3263/5 1531/3264/5 1505/3188/5
f 1524/3193/689 1534/3265/689 1532/3266/689 1507/3194/689
f 1533/3267/325 1509/3200/325 1505/3199/325 1531/3268/325
f 1514/3269/5 1512/3270/5 1531/3264/5 1532/3263/5
f 1532/3266/689 1534/3265/689 1528/3217/689 1514/3216/689
f 1512/3223/325 1516/3222/325 1533/3267/325 1531/3268/325
f 1410/3271/1617 1402/3272/1617 1490/3273/1617
f 1525/3274/1618 1535/3275/1618 1524/3276/1618 1523/3277/1618
f 1535/3278/689 1541/3279/689 1534/3265/689 1524/3193/689
f 1536/3280/1618 1537/3281/1618 1526/3282/1618 1509/3283/1618
f 1533/3267/325 1548/3284/325 1536/3285/325 1509/3200/325
f 1528/3286/1619 1538/3287/1619 1529/3288/1619 1527/3289/1619
f 1534/3265/689 1543/3290/689 1538/3291/689 1528/3217/689
f 1530/3292/1619 1540/3293/1619 1539/3294/1619 1516/3295/1619
f 1539/3296/325 1549/3297/325 1533/3267/325 1516/3222/325
f 1541/3298/1620 1544/3299/1620 1542/3300/1620 1534/3301/1620
f 1542/3300/1621 1546/3302/1621 1543/3303/1621 1534/3301/1621
f 1545/3304/1622 1546/3305/1622 1542/3306/1622 1544/3307/1622
f 1547/3308/1620 1517/3309/1620 1548/3310/1620 1533/3311/1620
f 1549/3312/1621 1520/3313/1621 1547/3308/1621 1533/3311/1621
f 1547/3314/1623 1520/3233/1623 1550/3315/1623 1517/3229/1623
f 604/1331/1624 609/1347/1624 1551/3316/1624
f 604/1341/1625 1551/3317/1625 1473/1342/1625
f 1552/3318/574 680/1515/574 685/3319/574
f 1552/3320/506 685/1525/506 1475/1524/506
f 1478/3096/1626 1473/1342/1626 1551/3317/1626
f 1551/3317/1627 1634/3321/1627 1488/3133/1627 1478/3096/1627
f 1491/3157/1628 1553/3322/1628 1525/3239/1628
f 1554/3226/1629 1688/3323/1629 1553/3322/1629 1491/3157/1629
f 1529/3253/1612 1546/3305/1630 1555/3324/1630 1496/3158/1613
f 1555/3324/1631 1696/3325/1631 1556/3227/1631 1496/3158/1631
f 1475/3100/1632 1479/3099/1632 1552/3326/1632
f 1489/3143/1633 1636/3327/1633 1552/3326/1633 1479/3099/1633
f 1544/3299/1634 1541/3298/1634 1535/3328/1634 1525/3329/1634
f 1553/3322/1635 1590/3330/1635 1544/3307/1635 1525/3239/1635
f 1548/3310/1634 1517/3309/1634 1537/3331/1634 1536/3332/1634
f 1538/3333/1636 1543/3303/1636 1546/3302/1636 1529/3334/1636
f 1540/3335/1636 1520/3313/1636 1549/3312/1636 1539/3336/1636
f 1558/3337/1637 1564/3338/1637 1559/3339/1637 1557/3340/1637
f 1557/3340/1638 1563/3341/1638 1560/3342/1638 1558/3337/1638
f 1559/3339/1639 1574/3343/1639 1561/3344/1639 1557/3340/1639
f 1562/3345/1640 1563/3341/1640 1557/3340/1640 1561/3344/1640
f 1558/3337/1641 1560/3342/1641 1565/3346/1641
f 1565/3346/1642 1581/3347/1642 1564/3338/1642 1558/3337/1642
f 1567/3348/1638 1571/3349/1638 1568/3350/1638 1566/3351/1638
f 1569/3352/1637 1570/3353/1637 1566/3351/1637 1568/3350/1637
f 1566/3351/1643 1565/3346/1643 1567/3348/1643
f 1570/3354/1644 1581/3355/1644 1565/3356/1644 1566/3357/1644
f 1572/3358/1645 1573/3359/1645 1568/3350/1645 1571/3349/1645
f 1573/3359/1646 1588/3360/1646 1569/3352/1646 1568/3350/1646
f 1574/3361/1647 1593/3362/1647 1575/3363/1647 1561/3364/1647
f 1561/3364/1648 1575/3363/1648 1562/3365/1648
f 1563/3341/1649 1578/3366/1649 1576/3367/1649 1560/3342/1649
f 1577/3368/1650 1578/3366/1650 1563/3341/1650 1562/3345/1650
f 1564/3369/1651 1582/3370/1651 1579/3371/1651 1559/3372/1651
f 1579/3371/1652 1592/3373/1652 1574/3374/1652 1559/3372/1652
f 1580/3375/1653 1567/3348/1653 1565/3346/1653
f 1580/3375/1654 1565/3346/1654 1560/3342/1654
f 1560/3342/1655 1576/3367/1656 1580/3375/1655
f 1564/3369/1657 1581/3376/1657 1582/3370/1657
f 1583/3377/1649 1587/3378/1649 1571/3349/1649 1567/3348/1649
f 1567/3348/1658 1580/3375/1658 1583/3377/1659
f 1584/3379/1651 1585/3380/1651 1570/3381/1651 1569/3382/1651
f 1570/3381/1660 1585/3380/1660 1581/3376/1660
f 1571/3349/1661 1587/3378/1661 1586/3383/1661 1572/3358/1661
f 1588/3384/1662 1598/3385/1662 1584/3379/1662 1569/3382/1662
f 1573/3359/1663 1572/3358/1663 1589/3386/1663
f 1589/3387/1664 1599/3388/1664 1588/3389/1664 1573/3390/1664
f 1544/3307/1665 1590/3330/1665 1545/3304/1665
f 1591/3391/1666 1669/3392/1666 1518/3230/1666 1517/3229/1666
f 1517/3229/1667 1550/3315/1667 1591/3391/1667
f 1592/3393/1668 1643/3394/1668 1593/3362/1668 1574/3361/1668
f 1594/3395/1669 1577/3368/1669 1562/3345/1669 1575/3396/1669
f 1546/3305/1670 1545/3304/1670 1595/3397/1670
f 1546/3305/1671 1595/3397/1671 1555/3324/1671
f 1521/3232/1672 1678/3398/1672 1596/3399/1672 1520/3233/1672
f 1520/3233/1673 1596/3399/1673 1550/3315/1673
f 1572/3358/1674 1586/3383/1674 1597/3400/1674 1589/3386/1674
f 1599/3388/1675 1645/3401/1675 1598/3402/1675 1588/3389/1675
f 611/1351/1676 1497/3168/1676 615/1352/1676
f 1601/3403/1677 1605/3404/1678 1602/3405/1679 1600/3406/1679
f 1603/3407/783 1604/3408/783 1600/3409/783 1602/3410/783
f 1604/3411/1680 1618/3412/1680 1601/3413/1680 1600/3414/1680
f 1606/3415/574 1603/3416/574 1602/3417/574 1605/3418/574
f 1607/3419/1659 1583/3377/1659 1580/3375/1658
f 1607/3419/1681 1580/3375/1655 1576/3367/1656
f 1608/3420/1682 1630/3421/1682 1582/3370/1682 1581/3376/1682
f 1585/3380/1683 1632/3422/1683 1608/3420/1683 1581/3376/1683
f 1609/3423/1679 1613/3424/1679 1610/3425/1679 1611/3426/1679
f 1611/3427/783 1615/3428/783 1612/3429/783 1609/3430/783
f 1609/3431/506 1612/3432/506 1614/3433/506 1613/3434/506
f 1610/3435/1684 1626/3436/1684 1615/3437/1684 1611/3438/1684
f 1243/2567/1685 619/2566/1685 615/3439/1685
f 1243/3440/1686 615/3441/1686 1497/3442/1686
f 1601/3403/1196 1617/3443/1196 1616/3444/1196
f 1601/3403/1677 1616/3444/1687 1605/3404/1678
f 1601/3413/1688 1618/3412/1688 1617/3445/1688
f 1617/3445/1689 1618/3412/1689 1619/3446/1689
f 1617/3447/1690 1619/3448/1690 1616/3449/1690
f 1605/3404/1678 1616/3444/1687 1620/3450/1687
f 1621/3451/574 1606/3415/574 1605/3418/574 1620/3452/574
f 1622/3453/1691 1625/3454/1691 1610/3425/1691 1613/3424/1691
f 1613/3424/1687 1623/3455/1687 1622/3453/1687
f 1613/3434/506 1614/3433/506 1624/3456/506 1623/3457/506
f 1625/3458/1692 1626/3436/1692 1610/3435/1692
f 1627/3459/1693 1626/3460/1693 1625/3461/1693 1622/3462/1693
f 669/3463/1694 664/2559/1694 1240/2561/1694
f 669/1501/1695 1240/2715/1695 1498/1502/1695
f 1582/3370/1696 1630/3421/1696 1628/3464/1696 1579/3371/1696
f 1628/3464/1697 1642/3465/1697 1592/3373/1697 1579/3371/1697
f 1629/3466/1698 1621/3467/1698 1620/3468/1698 1616/3449/1698
f 1616/3449/1699 1619/3448/1699 1629/3466/1699
f 1631/3469/1696 1632/3422/1696 1585/3380/1696 1584/3379/1696
f 1633/3470/1700 1627/3459/1700 1622/3462/1700 1623/3471/1700
f 1623/3471/1701 1624/3472/1701 1633/3470/1701
f 1598/3385/1702 1644/3473/1702 1631/3469/1702 1584/3379/1702
f 1635/3474/1703 1423/3137/1703 1488/3136/1703
f 1635/3474/1704 1488/3136/1704 1634/3475/1704
f 1637/3476/1705 1636/3477/1705 1489/3478/1705
f 1637/3479/1706 1489/3480/1706 1426/3481/1706
f 1374/2726/1707 1679/3482/1707 1638/3483/1707 1148/2373/1707
f 1638/3483/1708 1680/3484/1708 1149/2374/1708 1148/2373/1708
f 1593/3362/1709 1666/3485/1709 1639/3486/1709 1575/3363/1709
f 1575/3363/1710 1639/3486/1710 1594/3487/1710
f 1640/3488/1711 1668/3489/1711 1599/3388/1711 1589/3387/1711
f 1589/3387/1712 1597/3490/1712 1640/3488/1712
f 1150/2370/1713 1686/3491/1713 1641/3492/1713 1146/2371/1713
f 1641/3492/1714 1687/3493/1714 1372/2723/1714 1146/2371/1714
f 1592/3373/1715 1642/3465/1715 1643/3494/1715
f 1598/3495/1716 1645/3496/1716 1644/3497/1716
f 1646/3498/1717 1653/3499/1717 1630/3421/1717 1608/3420/1717
f 1632/3422/1718 1658/3500/1718 1646/3498/1718 1608/3420/1718
f 664/2559/1719 669/3463/1719 663/3501/1719
f 1578/3366/1720 1649/3502/1720 1647/3503/1720 1576/3367/1720
f 1648/3504/1721 1649/3502/1721 1578/3366/1721 1577/3368/1721
f 1630/3421/1722 1655/3505/1722 1650/3506/1722 1628/3464/1722
f 1628/3507/1723 1652/3508/1723 1651/3509/1723 1642/3510/1723
f 1650/3511/506 1682/3512/506 1652/3513/506 1628/3514/506
f 1647/3503/1724 1692/3515/1724 1607/3419/1724 1576/3367/1724
f 1654/3516/574 1655/3517/574 1630/3518/574 1653/3519/574
f 1656/3520/1720 1664/3521/1720 1587/3378/1720 1583/3377/1720
f 1607/3419/1725 1692/3515/1725 1656/3520/1725 1583/3377/1725
f 1657/3522/1722 1660/3523/1722 1632/3422/1722 1631/3469/1722
f 1632/3524/506 1660/3525/506 1659/3526/506 1658/3527/506
f 1661/3528/1726 1662/3529/1726 1631/3530/1726 1644/3531/1726
f 1662/3532/574 1685/3533/574 1657/3534/574 1631/3535/574
f 1587/3378/1727 1664/3521/1727 1663/3536/1727 1586/3383/1727
f 1643/3394/1728 1699/3537/1728 1665/3538/1728 1593/3362/1728
f 1593/3362/1729 1665/3538/1729 1666/3485/1729
f 1667/3539/1730 1701/3540/1730 1645/3401/1730 1599/3388/1730
f 1599/3388/1731 1668/3489/1731 1667/3539/1731
f 1518/3230/1732 1669/3392/1732 1519/3231/1732
f 1670/3541/1733 1648/3504/1733 1577/3368/1733 1594/3395/1733
f 1651/3542/1734 1690/3543/1734 1671/3544/1734 1642/3545/1734
f 1672/3546/1735 1700/3547/1735 1643/3394/1735 1642/3548/1735
f 1673/3549/1736 1672/3546/1736 1642/3548/1736
f 1673/3550/1737 1642/3545/1737 1671/3544/1737
f 1674/3551/1738 1695/3552/1738 1661/3553/1738 1644/3554/1738
f 1645/3401/1739 1703/3555/1739 1675/3556/1739 1644/3557/1739
f 1644/3557/1740 1675/3556/1740 1676/3558/1740
f 1644/3554/1741 1676/3559/1741 1674/3551/1741
f 1586/3383/1742 1663/3536/1742 1677/3560/1742 1597/3400/1742
f 1521/3232/1743 1522/3234/1743 1678/3398/1743
f 1374/2726/1744 1416/2898/1744 1679/3482/1744
f 1680/3484/1745 1714/3561/1745 1151/2376/1745 1149/2374/1745
f 1681/3562/1746 1689/3563/1746 1651/3509/1746 1652/3508/1746
f 1682/3512/506 1691/3564/506 1681/3565/506 1652/3513/506
f 1683/3566/1747 1681/3562/1747 1653/3567/1747 1646/3568/1747
f 1658/3569/1748 1684/3570/1748 1683/3566/1748 1646/3568/1748
f 1661/3528/1749 1694/3571/1749 1684/3570/1749 1662/3529/1749
f 1684/3572/574 1693/3573/574 1685/3533/574 1662/3532/574
f 1152/2377/1750 1715/3574/1750 1686/3491/1750 1150/2370/1750
f 1687/3493/1751 1720/3575/1751 1420/2895/1751 1372/2723/1751
f 1688/3323/1752 1763/3576/1752 1590/3330/1752 1553/3322/1752
f 1651/3542/574 1689/3577/574 1690/3543/574
f 1691/3578/1753 1654/3579/1753 1653/3580/1753 1681/3581/1753
f 1658/3527/1754 1659/3526/1754 1693/3582/1754 1684/3583/1754
f 1661/3553/506 1695/3552/506 1694/3584/506
f 1595/3397/1755 1767/3585/1755 1696/3325/1755 1555/3324/1755
f 1697/3586/1756 1670/3587/1756 1594/3487/1756 1639/3486/1756
f 1643/3588/1757 1698/3589/1757 1699/3590/1757
f 1700/3547/1758 1711/3591/1758 1698/3592/1758 1643/3394/1758
f 1702/3593/1759 1703/3594/1759 1645/3595/1759
f 1702/3596/1760 1645/3597/1760 1701/3598/1760
f 1597/3490/1761 1677/3599/1761 1704/3600/1761 1640/3488/1761
f 1689/3563/1762 1681/3562/1762 1705/3601/1762
f 1706/3602/574 1690/3543/574 1689/3577/574 1705/3603/574
f 1683/3566/1763 1708/3604/1763 1705/3601/1763 1681/3562/1763
f 1707/3605/1764 1708/3604/1764 1683/3566/1764 1684/3570/1764
f 1684/3570/1762 1694/3571/1762 1707/3605/1762
f 1694/3584/506 1695/3552/506 1709/3606/506 1707/3607/506
f 1710/3608/1765 1699/3609/1765 1698/3610/1765 1705/3601/1765
f 1711/3611/1766 1706/3612/1766 1705/3613/1766 1698/3614/1766
f 1702/3596/1767 1701/3598/1767 1712/3615/1767 1707/3605/1767
f 1713/3616/1768 1703/3594/1768 1702/3593/1768 1707/3617/1768
f 1714/3561/1769 1718/3618/1769 1153/2378/1769 1151/2376/1769
f 1153/2378/1770 1718/3618/1770 1715/3574/1770 1152/2377/1770
f 1708/3604/1771 1752/3619/1771 1710/3608/1771
f 1708/3604/1772 1710/3608/1772 1705/3601/1772
f 1712/3615/1773 1754/3620/1773 1708/3604/1773
f 1712/3615/1774 1708/3604/1774 1707/3605/1774
f 1707/3617/1775 1709/3621/1775 1713/3616/1775
f 1716/3622/1776 1679/3482/1776 1416/2898/1776 1417/3623/1776
f 1666/3485/1777 1751/3624/1777 1717/3625/1777 1639/3486/1777
f 1639/3486/1778 1717/3625/1778 1697/3586/1778
f 1719/3626/1779 1756/3627/1779 1668/3489/1779 1640/3488/1779
f 1640/3488/1780 1704/3600/1780 1719/3626/1780
f 1720/3575/1781 1776/3628/1781 1421/3020/1781 1420/2895/1781
f 1721/3629/1782 1722/3630/1782 1618/3631/1782 1604/3632/1782
f 1618/3631/1783 1722/3630/1783 1619/3633/1783
f 1723/3634/1784 1721/3629/1784 1604/3632/1784 1603/3635/1784
f 1606/3636/5 1725/3637/5 1724/3638/5 1603/3635/5
f 1621/3639/1785 1727/3640/1785 1725/3637/1785 1606/3636/1785
f 1726/3641/1784 1723/3634/1784 1603/3635/1784 1724/3638/1784
f 1614/3642/5 1612/3643/5 1724/3638/5 1725/3637/5
f 1725/3637/1786 1727/3640/1786 1624/3644/1786 1614/3642/1786
f 1612/3643/1784 1728/3645/1784 1726/3641/1784 1724/3638/1784
f 1615/3646/1784 1729/3647/1784 1728/3645/1784 1612/3643/1784
f 1626/3648/1787 1730/3649/1787 1729/3647/1787 1615/3646/1787
f 1626/3460/1788 1627/3459/1788 1730/3650/1788
f 1699/3537/1789 1731/3651/1789 1665/3538/1789
f 1732/3652/1790 1731/3653/1790 1699/3654/1790 1710/3655/1790
f 1673/3656/1791 1650/3657/1791 1619/3633/1791 1722/3630/1791
f 1650/3657/1792 1655/3658/1792 1629/3659/1792 1619/3633/1792
f 1629/3659/1793 1655/3658/1794 1727/3640/1795 1621/3639/1793
f 1727/3640/1795 1660/3660/1796 1633/3661/1793 1624/3644/1793
f 1633/3661/1797 1660/3660/1797 1657/3662/1797 1627/3663/1797
f 1627/3663/1798 1657/3662/1798 1676/3664/1798 1730/3649/1798
f 1701/3540/1799 1667/3539/1799 1733/3665/1799
f 1701/3666/1800 1733/3667/1800 1734/3668/1800 1712/3669/1800
f 1665/3538/1801 1736/3670/1801 1735/3671/1801 1666/3485/1801
f 1665/3538/1802 1731/3651/1802 1737/3672/1802
f 1665/3538/1803 1737/3672/1803 1736/3670/1803
f 1721/3673/1804 1740/3674/1804 1738/3675/1804 1722/3676/1804
f 1722/3677/1805 1738/3678/1805 1739/3679/1805 1673/3549/1805
f 1723/3680/1806 1741/3681/1806 1740/3674/1806 1721/3673/1806
f 1726/3682/1806 1744/3683/1806 1741/3681/1806 1723/3680/1806
f 1742/3684/1807 1660/3660/1796 1727/3640/1795 1655/3658/1794
f 1743/3685/1806 1744/3683/1806 1726/3682/1806 1728/3686/1806
f 1745/3687/1806 1743/3685/1806 1728/3686/1806 1729/3688/1806
f 1746/3689/1808 1745/3690/1808 1729/3691/1808 1730/3692/1808
f 1747/3693/1809 1746/3689/1809 1730/3692/1809 1676/3558/1809
f 1748/3694/1810 1749/3695/1810 1667/3539/1810 1668/3489/1810
f 1750/3696/1811 1733/3665/1811 1667/3539/1811 1749/3695/1811
f 1735/3671/1812 1780/3697/1812 1751/3624/1812
f 1735/3671/1813 1751/3624/1813 1666/3485/1813
f 1753/3698/574 1732/3699/574 1710/3700/574 1752/3701/574
f 1712/3702/506 1734/3703/506 1755/3704/506 1754/3705/506
f 1756/3627/1814 1782/3706/1814 1748/3694/1814
f 1756/3627/1815 1748/3694/1815 1668/3489/1815
f 1638/3483/1816 1679/3482/1816 1757/3707/1816
f 1757/3707/1817 1810/3708/1817 1680/3484/1817 1638/3483/1817
f 1641/3492/1818 1758/3709/1818 1687/3493/1818
f 1686/3491/1819 1813/3710/1819 1758/3709/1819 1641/3492/1819
f 1591/3391/1820 1759/3711/1820 1669/3392/1820
f 1550/3315/1821 1820/3712/1821 1759/3711/1821 1591/3391/1821
f 1673/3656/1822 1671/3713/1822 1682/3714/1822 1650/3657/1822
f 1655/3658/1823 1654/3715/1823 1742/3684/1823
f 1660/3660/1823 1742/3684/1823 1659/3716/1823
f 1685/3717/1824 1674/3718/1824 1676/3664/1824 1657/3662/1824
f 1596/3399/1825 1678/3398/1825 1760/3719/1825
f 1760/3719/1826 1820/3712/1826 1550/3315/1826 1596/3399/1826
f 1736/3670/1827 1761/3720/1827 1735/3671/1827
f 1752/3619/1828 1764/3721/1828 1761/3722/1828 1736/3723/1828
f 1736/3670/1829 1737/3672/1829 1762/3724/1829
f 1736/3725/1830 1762/3726/1830 1752/3727/1830
f 1673/3549/1831 1739/3679/1831 1672/3546/1831
f 1763/3576/1832 1790/3728/1832 1545/3304/1832 1590/3330/1832
f 1708/3604/1833 1764/3721/1833 1752/3619/1833
f 1708/3604/1834 1754/3620/1834 1765/3729/1834
f 1766/3730/1835 1816/3731/1835 1764/3721/1835 1708/3604/1835
f 1765/3729/1836 1825/3732/1836 1766/3730/1836 1708/3604/1836
f 1545/3304/1837 1790/3728/1837 1767/3585/1837 1595/3397/1837
f 1676/3733/1838 1675/3734/1838 1747/3735/1838
f 1768/3736/1839 1765/3729/1839 1754/3620/1839 1749/3737/1839
f 1769/3738/1840 1750/3739/1840 1749/3740/1840 1754/3741/1840
f 1749/3695/1841 1748/3694/1841 1768/3742/1841
f 1414/3005/1842 1797/3743/1842 1770/3744/1842 1417/3006/1842
f 1417/3006/1843 1770/3744/1843 1716/3745/1843
f 1418/3746/1844 1430/3747/1844 1771/3748/1844
f 1771/3749/1845 1797/3743/1845 1414/3005/1845 1418/3008/1845
f 1430/3026/1846 1429/3025/1846 1772/3750/1846
f 1772/3751/1847 1893/3752/1847 1771/3748/1847 1430/3747/1847
f 1671/3713/1848 1690/3753/1848 1691/3754/1848 1682/3714/1848
f 1654/3715/1849 1691/3754/1849 1773/3755/1849 1742/3684/1849
f 1773/3755/1850 1693/3756/1850 1659/3716/1850 1742/3684/1850
f 1693/3756/1851 1695/3757/1851 1674/3718/1851 1685/3717/1851
f 1433/3758/1852 1419/3759/1852 1774/3760/1852
f 1433/3761/1853 1775/3762/1853 1432/3763/1853
f 1774/3764/1854 1908/3765/1854 1775/3762/1854 1433/3761/1854
f 1776/3766/1855 1808/3767/1855 1415/3009/1855 1421/3012/1855
f 1415/3009/1856 1808/3767/1856 1774/3768/1856 1419/3010/1856
f 1777/3769/1857 1772/3750/1857 1429/3025/1857 1519/3231/1857
f 1778/3770/1858 1777/3769/1858 1519/3231/1858 1669/3392/1858
f 1759/3711/1859 1858/3771/1859 1778/3770/1859 1669/3392/1859
f 1761/3722/1617 1811/3772/1617 1779/3773/1617
f 1761/3720/1860 1779/3774/1860 1735/3671/1860
f 1735/3671/1861 1779/3774/1861 1780/3697/1861
f 1752/3727/1862 1762/3726/1862 1753/3775/1862
f 1754/3741/1863 1755/3776/1863 1769/3738/1863
f 1781/3777/1864 1812/3778/1864 1768/3736/1864 1748/3779/1864
f 1748/3694/1865 1782/3706/1865 1781/3780/1865
f 1522/3234/1866 1784/3781/1866 1783/3782/1866 1678/3398/1866
f 1783/3782/1867 1859/3783/1867 1760/3719/1867 1678/3398/1867
f 1432/3028/1868 1775/3784/1868 1784/3781/1868 1522/3234/1868
f 1679/3482/1869 1716/3622/1869 1785/3785/1869
f 1785/3785/1870 1886/3786/1870 1757/3707/1870 1679/3482/1870
f 1740/3674/1871 1788/3787/1871 1786/3788/1871 1738/3675/1871
f 1738/3678/1872 1786/3789/1872 1787/3790/1872 1739/3679/1872
f 1706/3791/1873 1773/3755/1873 1691/3754/1873
f 1706/3791/1873 1691/3754/1873 1690/3753/1873
f 1741/3681/1696 1789/3792/1696 1788/3787/1696 1740/3674/1696
f 1744/3683/1696 1792/3793/1696 1789/3792/1696 1741/3681/1696
f 1791/3794/1696 1792/3793/1696 1744/3683/1696 1743/3685/1696
f 1793/3795/1696 1791/3794/1696 1743/3685/1696 1745/3687/1696
f 1693/3756/1873 1773/3755/1873 1709/3796/1873
f 1693/3756/1873 1709/3796/1873 1695/3757/1873
f 1794/3797/1874 1793/3795/1874 1745/3687/1874 1746/3798/1874
f 1795/3799/1875 1794/3800/1875 1746/3689/1875 1747/3693/1875
f 1687/3493/1876 1796/3801/1876 1720/3575/1876
f 1758/3709/1877 1887/3802/1877 1796/3801/1877 1687/3493/1877
f 1800/3803/1878 1802/3804/1878 1798/3805/1878
f 1800/3806/1879 1798/3807/1879 1799/3808/1879
f 1798/3809/1880 1802/3810/1880 1801/3811/1880
f 1798/3812/1881 1801/3813/1881 1799/3814/1881
f 1804/3815/1882 1920/3816/1882 1805/3817/1882
f 1804/3815/1883 1805/3817/1883 1803/3818/1883
f 1803/3819/1884 1805/3820/1884 1806/3821/1884
f 1803/3822/1885 1806/3823/1885 1807/3824/1885
f 1803/3825/1886 1807/3826/1886 1804/3827/1886
f 1551/3316/1887 609/1347/1887 1809/3828/1887
f 1551/3317/1888 1809/3829/1888 1634/3321/1888
f 1809/3830/1889 609/3831/1889 1635/3832/1889
f 1809/3830/1890 1635/3832/1890 1634/3833/1890
f 608/3834/5 1423/3835/5 1635/3832/5 609/3831/5
f 613/3836/5 1554/3837/5 1423/3835/5 608/3834/5
f 617/1368/1891 1688/3838/1891 1554/3839/1891
f 617/3840/5 1554/3837/5 613/3836/5
f 617/1368/1892 1499/3173/1892 1688/3838/1892
f 1810/3708/1893 1840/3841/1893 1714/3561/1893 1680/3484/1893
f 1763/3842/1894 1688/3838/1894 1499/3173/1894 1500/3180/1894
f 1764/3721/1895 1816/3731/1895 1811/3772/1895 1761/3722/1895
f 1739/3679/1896 1815/3843/1896 1700/3547/1896 1672/3546/1896
f 1790/3844/325 1763/3842/325 1500/3180/1897 5563/3845/325
f 1502/3181/1898 1767/3846/325 1790/3844/325 5563/3845/325
f 1501/3178/1899 1696/3847/1899 1767/3846/1899 1502/3181/1899
f 1703/3555/1900 1826/3848/1901 1747/3693/1902 1675/3556/1902
f 1812/3778/1903 1825/3732/1903 1765/3729/1903 1768/3736/1903
f 666/1476/1904 1556/3849/1905 1696/3847/1906
f 666/1476/1904 1696/3847/1906 1501/3178/1906
f 1715/3574/1907 1848/3850/1907 1813/3710/1907 1686/3491/1907
f 666/3851/5 671/3852/5 1556/3853/5
f 671/3852/5 675/3854/5 1426/3855/5
f 671/3852/5 1426/3855/5 1556/3853/5
f 675/3854/5 681/3856/5 1637/3857/5 1426/3855/5
f 681/1505/1908 680/1515/1908 1814/3858/1908
f 1814/3859/1909 1636/3860/1909 1637/3857/1909
f 1814/3859/1910 1637/3857/1910 681/3856/1910
f 1552/3326/1888 1636/3327/1888 1814/3861/1888
f 1552/3318/574 1814/3858/574 680/1515/574
f 1700/3862/1911 1731/3863/1911 1711/3864/1911
f 1815/3843/1912 1737/3672/1912 1731/3651/1912 1700/3547/1912
f 1706/3791/1677 1732/3865/1677 1773/3755/1677
f 1731/3863/1913 1732/3865/1913 1706/3791/1913 1711/3864/1913
f 1649/3502/1914 1819/3866/1914 1817/3867/1914 1647/3503/1914
f 1818/3868/1915 1819/3866/1915 1649/3502/1915 1648/3504/1915
f 1647/3503/1916 1817/3867/1916 1692/3515/1916
f 1773/3755/1677 1734/3869/1677 1709/3796/1677
f 1753/3870/1917 1821/3871/1917 1773/3755/1917 1732/3865/1917
f 1773/3755/1918 1821/3871/1918 1755/3872/1918 1734/3869/1918
f 1822/3873/1914 1824/3874/1914 1664/3521/1914 1656/3520/1914
f 1656/3520/1919 1692/3515/1919 1822/3873/1919
f 1664/3521/1920 1824/3874/1920 1823/3875/1920 1663/3536/1920
f 1709/3796/1921 1734/3869/1921 1733/3876/1921 1713/3877/1921
f 1703/3878/1922 1713/3877/1922 1733/3876/1922
f 1733/3665/1923 1750/3696/1923 1826/3848/1901 1703/3555/1900
f 1827/3879/1924 1818/3868/1924 1648/3504/1924 1670/3541/1924
f 1663/3536/1925 1823/3875/1925 1828/3880/1925 1677/3560/1925
f 1829/3881/1926 1827/3882/1926 1670/3587/1926 1697/3586/1926
f 1787/3790/1927 1882/3883/1927 1815/3843/1927 1739/3679/1927
f 1789/3884/1928 1832/3885/1928 1830/3886/1928 1788/3887/1928
f 1788/3888/1929 1830/3889/1929 1831/3890/1929
f 1788/3787/1930 1831/3891/1930 1786/3788/1930
f 1792/3892/1928 1834/3893/1928 1832/3885/1928 1789/3884/1928
f 1833/3894/1928 1834/3893/1928 1792/3892/1928 1791/3895/1928
f 1835/3896/1928 1833/3894/1928 1791/3895/1928 1793/3897/1928
f 1793/3795/1931 1794/3797/1931 1836/3898/1931
f 1793/3899/1932 1836/3900/1933 1835/3901/1932
f 1826/3848/1934 1884/3902/1934 1795/3799/1934 1747/3693/1934
f 1677/3560/1935 1828/3880/1935 1837/3903/1935 1704/3904/1935
f 1838/3905/1678 1822/3873/1678 1692/3515/1678 1817/3867/1678
f 1770/3906/1936 1892/3907/1936 1785/3785/1936 1716/3622/1936
f 1811/3908/1937 1842/3909/1937 1839/3910/1937 1779/3911/1937
f 1839/3912/1938 1868/3913/1938 1780/3697/1938 1779/3774/1938
f 1840/3841/1939 1871/3914/1939 1718/3618/1939 1714/3561/1939
f 1841/3915/1940 1842/3909/1940 1811/3908/1940 1816/3916/1940
f 1786/3788/1941 1831/3891/1941 1843/3917/1941 1787/3918/1941
f 1844/3919/1929 1831/3890/1929 1830/3889/1929
f 1844/3920/1942 1830/3921/1942 1832/3922/1942
f 1834/3923/1942 1846/3924/1942 1844/3920/1942 1832/3922/1942
f 1845/3925/1942 1846/3924/1942 1834/3923/1942 1833/3926/1942
f 1835/3901/1932 1836/3900/1933 1845/3927/1933
f 1835/3928/1942 1845/3925/1942 1833/3926/1942
f 1847/3929/1943 1836/3930/1943 1794/3800/1943 1795/3799/1943
f 1718/3618/1944 1871/3914/1944 1848/3850/1944 1715/3574/1944
f 1849/3931/1945 1851/3932/1945 1812/3933/1945 1781/3934/1945
f 1812/3933/1946 1851/3932/1946 1850/3935/1946 1825/3936/1946
f 1782/3706/1947 1877/3937/1947 1849/3938/1947 1781/3780/1947
f 1853/3939/1948 1860/3940/1948 1854/3941/1948 1852/3942/1948
f 1852/3942/1949 1857/3943/1949 1855/3944/1949 1853/3939/1949
f 1854/3941/1950 1864/3945/1950 1856/3946/1950 1852/3942/1950
f 1852/3947/1951 1856/3948/1951 1857/3949/1951
f 1796/3801/1952 1914/3950/1952 1776/3628/1952 1720/3575/1952
f 1820/3712/1953 1901/3951/1953 1858/3771/1953 1759/3711/1953
f 1859/3783/1954 1901/3951/1954 1820/3712/1954 1760/3719/1954
f 1861/3952/1955 1881/3953/1955 1860/3954/1955 1853/3955/1955
f 1862/3956/1956 1861/3952/1956 1853/3955/1956 1855/3957/1956
f 1860/3958/1957 1880/3959/1957 1863/3960/1957 1854/3961/1957
f 1863/3962/1958 1880/3963/1958 1864/3964/1958
f 1863/3962/1959 1864/3964/1959 1854/3965/1959
f 1865/3966/1960 1829/3881/1960 1697/3586/1960 1717/3625/1960
f 1867/3967/1961 1751/3624/1961 1780/3697/1961 1866/3968/1961
f 1868/3913/1962 1889/3969/1962 1866/3968/1962 1780/3697/1962
f 1816/3731/1963 1766/3730/1963 1869/3970/1963
f 1870/3971/574 1841/3972/574 1816/3973/574 1869/3974/574
f 1766/3730/1963 1825/3732/1963 1872/3975/1963
f 1873/3976/1964 1898/3977/1965 1869/3970/1965 1766/3730/1966
f 1872/3975/1967 1904/3978/1967 1873/3976/1964 1766/3730/1966
f 1825/3979/506 1850/3980/506 1874/3981/506 1872/3982/506
f 1782/3706/1968 1756/3627/1968 1875/3983/1968
f 1782/3984/1969 1875/3985/1969 1876/3986/1969
f 1876/3987/1970 1891/3988/1970 1877/3989/1970 1782/3990/1970
f 1704/3600/1971 1837/3991/1971 1878/3992/1971 1719/3626/1971
f 1857/3949/1972 1856/3948/1972 1879/3993/1972 1855/3994/1972
f 1881/3995/1973 1912/3996/1973 1880/3959/1973 1860/3958/1973
f 1815/3843/1974 1882/3883/1974 1883/3997/1974 1737/3672/1974
f 1885/3998/1975 1884/3902/1975 1826/3848/1975 1750/3696/1975
f 1879/3993/1976 1910/3999/1976 1862/4000/1976 1855/3994/1976
f 1886/3786/1977 1958/4001/1977 1810/3708/1977 1757/3707/1977
f 1843/4002/1978 1935/4003/1978 1882/3883/1978 1787/3790/1978
f 1884/3902/1979 1940/4004/1979 1847/3929/1979 1795/3799/1979
f 1813/3710/1980 1966/4005/1980 1887/3802/1980 1758/3709/1980
f 1869/3970/1981 1898/3977/1981 1888/4006/1981 1866/4007/1981
f 1889/4008/1982 1870/4009/1982 1869/4010/1982 1866/4011/1982
f 1866/4007/1983 1888/4006/1983 1867/4012/1983
f 1890/4013/1984 1904/3978/1984 1872/3975/1984 1876/3986/1984
f 1872/4014/1985 1874/4015/1985 1891/3988/1985 1876/3987/1985
f 1876/3986/1986 1875/3985/1986 1890/4013/1986
f 1797/4016/1987 1925/4017/1987 1892/4018/1987 1770/4019/1987
f 1771/3748/1988 1893/3752/1988 1894/4020/1988 1797/4016/1988
f 1772/3750/1989 1777/3769/1989 1895/4021/1989
f 1895/4022/1990 2186/4023/1990 1893/3752/1990 1772/3751/1990
f 1896/4024/1991 1895/4021/1991 1777/3769/1991 1778/3770/1991
f 1858/3771/1992 2009/4025/1992 1896/4024/1992 1778/3770/1992
f 1897/4026/1993 1865/3966/1993 1717/3625/1993 1751/3624/1993
f 1819/3866/1994 1899/4027/1994 1817/3867/1994
f 1900/4028/1995 1899/4027/1995 1819/3866/1995 1818/3868/1995
f 1899/4027/1996 1923/4029/1996 1838/3905/1996 1817/3867/1996
f 1822/3873/1994 1902/4030/1994 1824/3874/1994
f 1838/3905/1997 1923/4029/1997 1902/4030/1997 1822/3873/1997
f 1824/3874/1998 1902/4030/1998 1903/4031/1998 1823/3875/1998
f 1719/3626/1999 1878/3992/1999 1905/4032/1999 1756/3627/1999
f 1784/3781/2000 1907/4033/2000 1906/4034/2000 1783/3782/2000
f 1906/4034/2001 2014/4035/2001 1859/3783/2001 1783/3782/2001
f 1784/4036/2002 1775/4037/2002 1907/4038/2002
f 1908/4039/2003 2208/4040/2003 1907/4038/2003 1775/4037/2003
f 1909/4041/2004 1911/4042/2004 1861/3952/2004 1862/3956/2004
f 1862/3956/2005 1910/4043/2005 1909/4041/2005
f 1911/4042/2006 1921/4044/2006 1881/3953/2006 1861/3952/2006
f 1913/4045/2007 1864/4046/2007 1880/3959/2007 1912/3996/2007
f 1914/4047/2008 1934/4048/2008 1808/4049/2008 1776/4050/2008
f 1915/4051/2009 1908/4039/2009 1774/4052/2009 1808/4049/2009
f 1839/4053/2010 1842/4054/2011 1762/4055/2011 1737/4056/2012
f 1737/3672/2013 1883/3997/2013 1868/3913/2013
f 1737/4056/2012 1868/4057/2014 1839/4053/2010
f 1916/4058/2015 1900/4028/2015 1818/3868/2015 1827/3879/2015
f 1841/4059/2016 1918/4060/2016 1821/3871/2016 1753/3870/2016
f 1842/4054/2017 1841/4059/2017 1753/3870/2017 1762/4055/2017
f 1917/4061/2018 1935/4062/2018 1843/4063/2018
f 1917/4064/2019 1843/3917/2019 1831/3891/2019
f 1844/3919/506 2011/4065/506 1917/4066/506 1831/3890/506
f 1821/3871/2020 1918/4060/2020 1850/4067/2020 1755/3872/2020
f 1847/4068/2021 1940/4069/2021 1919/4070/2021 1836/4071/2021
f 1919/4072/574 2012/4073/574 1845/3927/574 1836/3900/574
f 1755/3872/2022 1850/4067/2022 1851/4074/2022 1769/4075/2022
f 1823/3875/2023 1903/4031/2023 1920/3816/2023 1828/3880/2023
f 1769/4075/2024 1851/4074/2024 1849/4076/2024 1750/4077/2024
f 1877/3937/2025 1885/3998/2025 1750/3696/2025
f 1877/4078/2026 1750/4077/2026 1849/4076/2026
f 1921/4079/2027 1933/4080/2027 1912/3996/2027 1881/3995/2027
f 1922/4081/2028 1916/4058/2028 1827/3879/2028 1829/4082/2028
f 1828/3880/2029 1920/3816/2029 1924/4083/2029 1837/3903/2029
f 1797/4016/2030 1894/4020/2030 1925/4017/2030
f 1892/4018/2031 2173/4084/2031 1886/4085/2031 1785/4086/2031
f 1927/4087/2032 1937/4088/2032 1928/4089/2032 1926/4090/2032
f 1929/4091/2033 1931/4092/2033 1926/4090/2033 1928/4089/2033
f 1926/4093/2034 1932/4094/2034 1930/4095/2034 1927/4096/2034
f 1931/4097/2035 2006/4098/2035 1932/4094/2035 1926/4093/2035
f 1887/3802/2036 2179/4099/2036 1914/3950/2036 1796/3801/2036
f 1912/3996/2037 1933/4080/2037 1913/4045/2037
f 1808/4049/2038 1934/4048/2038 1915/4051/2038
f 1882/3883/2039 1935/4003/2039 1936/4100/2039 1883/3997/2039
f 1937/4088/2040 1963/4101/2040 1938/4102/2040 1928/4089/2040
f 1928/4089/2041 1938/4102/2041 1939/4103/2041 1929/4091/2041
f 1941/4104/2042 1940/4004/2042 1884/3902/2042 1885/3998/2042
f 1910/4043/2043 2019/4105/2043 1911/4042/2043 1909/4041/2043
f 1944/4106/2044 1945/4107/2044 1942/4108/2044 1943/4109/2044
f 1946/4110/2045 1952/4111/2045 1943/4109/2045 1942/4108/2045
f 1945/4112/2046 1976/4113/2046 1947/4114/2046 1942/4115/2046
f 1948/4116/2047 1946/4110/2047 1942/4108/2047 1947/4117/2047
f 1943/4109/2048 1951/4118/2048 1949/4119/2048 1944/4106/2048
f 1950/4120/2049 1977/4121/2049 1945/4107/2049 1944/4106/2049
f 1949/4119/2050 2020/4122/2050 1950/4120/2050 1944/4106/2050
f 1952/4123/2051 2061/4124/2051 1951/4125/2051 1943/4126/2051
f 1954/4127/2052 1989/4128/2052 1955/4129/2052 1953/4130/2052
f 1953/4130/2053 1957/4131/2053 1956/4132/2053 1954/4127/2053
f 1953/4130/2054 1955/4129/2054 1957/4131/2054
f 1958/4001/2055 2136/4133/2055 1840/3841/2055 1810/3708/2055
f 1829/3881/2056 1865/3966/2056 1959/4134/2056 1922/4135/2056
f 1960/4136/2057 1897/4026/2057 1751/3624/2057 1867/3967/2057
f 5542/4137/2058 1962/4138/2058 1937/4139/2058 1927/4140/2058
f 1961/4141/2059 5542/4137/2059 1927/4140/2059 1930/4142/2059
f 1937/4139/2060 1962/4138/2060 1963/4143/2060
f 1756/3627/2061 1905/4032/2061 1964/4144/2061 1875/3983/2061
f 1837/3991/2062 1924/4145/2062 1965/4146/2062 1878/3992/2062
f 1848/3850/2063 2145/4147/2063 1966/4005/2063 1813/3710/2063
f 1968/4148/2064 1974/4149/2064 1969/4150/2064 1967/4151/2064
f 1970/4152/2065 1973/4153/2065 1967/4151/2065 1969/4150/2065
f 1967/4151/2066 1972/4154/2066 1971/4155/2066 1968/4148/2066
f 1967/4151/2067 1973/4153/2067 1972/4154/2067
f 1974/4149/2068 2017/4156/2068 1975/4157/2068 1969/4150/2068
f 1969/4150/2069 1975/4157/2069 1970/4152/2069
f 1977/4158/2070 1947/4114/2070 1976/4113/2070
f 1977/4158/2071 1976/4113/2071 1945/4112/2071
f 1979/4159/2072 1984/4160/2072 1980/4161/2072 1978/4162/2072
f 1980/4161/2073 1986/4163/2073 1981/4164/2073 1978/4162/2073
f 1978/4162/2074 1983/4165/2074 1982/4166/2074 1979/4159/2074
f 1981/4164/2075 2021/4167/2075 1983/4165/2075 1978/4162/2075
f 1984/4160/2076 2022/4168/2076 1985/4169/2076 1980/4161/2076
f 1985/4170/2077 2022/4171/2077 1986/4172/2077
f 1985/4170/2078 1986/4172/2078 1980/4173/2078
f 1987/4174/2079 2023/4175/2079 1984/4176/2079 1979/4177/2079
f 1988/4178/2080 1987/4179/2080 1979/4180/2080 1982/4181/2080
f 1990/4182/2081 1992/4183/2081 1989/4184/2081 1954/4185/2081
f 1956/4186/2082 2079/4187/2082 1990/4188/2082 1954/4189/2082
f 1989/4190/2083 1993/4191/2083 1991/4192/2083 1955/4193/2083
f 1992/4183/2084 2163/4194/2084 1993/4195/2084 1989/4184/2084
f 1991/4192/2085 2081/4196/2085 1957/4197/2085 1955/4193/2085
f 1995/4198/2086 2000/4199/2086 1996/4200/2086 1994/4201/2086
f 1994/4201/2087 1999/4202/2087 1997/4203/2087 1995/4198/2087
f 1996/4200/2088 2004/4204/2088 1998/4205/2088 1994/4201/2088
f 1998/4205/2089 2024/4206/2089 1999/4202/2089 1994/4201/2089
f 2001/4207/2090 2026/4208/2090 2000/4209/2090 1995/4210/2090
f 2002/4211/2091 2001/4212/2091 1995/4213/2091 1997/4214/2091
f 2000/4209/422 2025/4215/422 2003/4216/422 1996/4217/422
f 2003/4218/2092 2025/4219/2092 2004/4220/2092
f 2003/4218/2093 2004/4220/2093 1996/4221/2093
f 2005/4222/2094 2007/4223/2094 1931/4224/2094 1929/4225/2094
f 2007/4223/2095 2099/4226/2095 2006/4227/2095 1931/4224/2095
f 1799/3808/2096 1899/4027/2096 1900/4028/2096
f 1799/3808/2097 1900/4028/2097 1916/4058/2097
f 1939/4228/2098 2098/4229/2098 2005/4222/2098 1929/4225/2098
f 1901/3951/2099 2030/4230/2099 2008/4231/2099 1858/3771/2099
f 2008/4232/2100 2257/4233/2100 2009/4234/2100 1858/4235/2100
f 2010/4236/2101 2011/4237/2101 1844/3920/2101 1846/3924/2101
f 1845/3925/2101 2012/4238/2101 2010/4236/2101 1846/3924/2101
f 2013/4239/2102 2030/4230/2102 1901/3951/2102 1859/3783/2102
f 2014/4240/2103 2258/4241/2103 2013/4242/2103 1859/4243/2103
f 1805/3817/2104 1920/3816/2104 1903/4031/2104
f 1805/3817/2105 1903/4031/2105 1902/4030/2105
f 2015/4244/2106 2018/4245/2106 1974/4246/2106 1968/4247/2106
f 2016/4248/2107 2015/4244/2107 1968/4247/2107 1971/4249/2107
f 2018/4250/2108 2118/4251/2108 2017/4252/2108 1974/4253/2108
f 1911/4254/2109 2019/4255/2109 1921/4256/2109
f 2019/4257/2110 1913/4045/2110 1933/4080/2110 1921/4079/2110
f 1949/4258/2111 1951/4259/2111 2020/4260/2111
f 1983/4261/2112 2021/4262/2112 1982/4263/2112
f 2023/4175/2113 2161/4264/2113 2022/4265/2113 1984/4176/2113
f 1999/4266/2114 2024/4267/2114 1997/4268/2114
f 2026/4208/2115 2169/4269/2115 2025/4215/2115 2000/4209/2115
f 2027/4270/2116 2028/4271/2117 1801/3813/2118
f 2027/4272/2119 1801/4273/2119 1802/4274/2119
f 2029/4275/2120 2028/4276/2120 2027/4277/2120
f 2029/4278/2121 2027/4279/2121 1802/3804/2121
f 1800/3806/2122 1799/3808/2122 1916/4058/2122 1922/4081/2122
f 1841/4059/2123 1870/4280/2123 1918/4060/2123
f 1899/4027/2124 2008/4281/2124 2030/4282/2124 1923/4029/2124
f 1799/3808/2125 2189/4283/2125 2008/4281/2125 1899/4027/2125
f 2030/4282/2126 2013/4284/2126 1902/4030/2126 1923/4029/2126
f 2013/4284/2127 2204/4285/2127 1805/3817/2127 1902/4030/2127
f 1850/4067/2123 1918/4060/2123 1874/4286/2123
f 1920/3816/2128 1804/3815/2128 1924/4083/2128
f 1972/4287/2129 1973/4288/2129 2031/4289/2129 1971/4290/2129
f 2032/4291/2130 1970/4292/2130 1975/4293/2130
f 2032/4294/2131 1975/4295/2131 2017/4252/2131
f 2035/4296/2132 2036/4297/2132 2033/4298/2132 2034/4299/2132
f 2037/4300/2133 2043/4301/2133 2034/4299/2133 2033/4298/2133
f 2036/4297/2134 2070/4302/2134 2038/4303/2134 2033/4298/2134
f 2039/4304/2135 2037/4300/2135 2033/4298/2135 2038/4303/2135
f 2034/4299/2136 2042/4305/2136 2040/4306/2136 2035/4296/2136
f 2035/4296/2137 2041/4307/2137 2036/4297/2137
f 2040/4306/2138 2119/4308/2138 2041/4307/2138 2035/4296/2138
f 2043/4309/2139 2149/4310/2139 2042/4311/2139 2034/4312/2139
f 1806/3821/2140 2045/4313/2140 2044/4314/2140
f 1806/4315/2141 2044/4316/2141 1807/4317/2141
f 2044/4318/2142 2045/4319/2142 2046/4320/2142
f 2044/4321/2143 2046/4322/2143 1807/3826/2143
f 2047/4323/5 2048/4324/5 2049/4325/5
f 2050/4326/2144 2052/4327/2144 2047/4323/2144 2049/4325/2144
f 2051/4328/2145 2056/4329/2145 2048/4324/2145 2047/4323/2145
f 2053/4330/2146 2051/4331/2146 2047/4332/2146 2052/4333/2146
f 2048/4324/2147 2057/4334/2147 2054/4335/2147 2049/4325/2147
f 2049/4325/2148 2054/4335/2148 2055/4336/2148 2050/4326/2148
f 2056/4329/2149 2155/4337/2149 2057/4334/2149 2048/4324/2149
f 1947/4114/2150 1977/4158/2150 2058/4338/2150 1948/4339/2150
f 2059/4340/2151 2062/4341/2151 1952/4342/2151 1946/4343/2151
f 2060/4344/2152 2059/4340/2152 1946/4343/2152 1948/4345/2152
f 2062/4346/2153 2120/4347/2153 2061/4124/2153 1952/4123/2153
f 2063/4348/2154 2020/4349/2154 1951/4125/2154 2061/4124/2154
f 2021/4262/2155 2159/4350/2155 1988/4351/2155 1982/4263/2155
f 1997/4268/2156 2024/4267/2156 2064/4352/2156 2002/4353/2156
f 2065/4354/2157 2066/4355/2157 1961/4356/2157 5542/4357/2157
f 5543/4358/2158 5545/4359/2158 2065/4360/2158 5542/4361/2158
f 2065/4362/506 5545/4363/506 2066/4364/506
f 1932/4094/2159 2068/4365/2159 2067/4366/2159 1930/4095/2159
f 2006/4098/2160 2100/4367/2160 2068/4365/2160 1932/4094/2160
f 2067/4368/2161 5546/4369/2161 1961/4141/2161
f 2067/4368/2162 1961/4141/2162 1930/4142/2162
f 5542/4137/2163 1961/4141/2163 1962/4138/2163
f 5542/4137/2164 1961/4141/2164 5546/4369/2164
f 5542/4137/2165 5546/4369/2165 5543/4370/2165
f 1961/4141/2166 2137/4371/2166 1963/4143/2166 1962/4138/2166
f 2069/4372/2167 5556/4373/2167 1898/3977/2167 1873/3976/2167
f 1904/3978/2168 2112/4374/2168 2069/4372/2168 1873/3976/2168
f 2036/4297/2169 2041/4307/2169 2071/4375/2169 2070/4302/2169
f 2072/4376/2170 2075/4377/2171 2073/4378/2172
f 2072/4376/2173 2073/4378/2173 2074/4379/2173
f 2077/4380/2174 2075/4377/2174 2072/4376/2174
f 2077/4380/2175 2072/4376/2175 2076/4381/2175
f 2074/4382/2176 2184/4383/2177 2076/4384/2177
f 2074/4379/2178 2076/4381/2178 2072/4376/2178
f 2055/4385/2179 2152/4386/2179 2052/4387/2179 2050/4388/2179
f 2078/4389/2180 2164/4390/2180 1992/4391/2180 1990/4188/2180
f 2079/4187/2181 2164/4390/2181 2078/4389/2181
f 2079/4187/2182 2078/4389/2182 1990/4188/2182
f 1993/4191/2183 2166/4392/2183 2080/4393/2183 1991/4192/2183
f 1991/4192/2184 2080/4393/2184 2081/4196/2184
f 2083/4394/5 2088/4395/5 2084/4396/5 2082/4397/5
f 2082/4397/2185 2087/4398/2185 2085/4399/2185 2083/4394/2185
f 2084/4396/2186 2092/4400/2186 2086/4401/2186 2082/4397/2186
f 2086/4401/2187 2171/4402/2187 2087/4398/2187 2082/4397/2187
f 2089/4403/2188 2094/4404/2188 2088/4395/2188 2083/4394/2188
f 2090/4405/2189 2089/4406/2189 2083/4407/2189 2085/4408/2189
f 2088/4395/2190 2093/4409/2190 2091/4410/2190 2084/4396/2190
f 2091/4411/2191 2093/4412/2191 2092/4413/2191
f 2091/4410/2192 2092/4400/2192 2084/4396/2192
f 2094/4414/2193 2219/4415/2193 2093/4416/2193 2088/4417/2193
f 2095/4418/2194 1960/4419/2194 1867/4420/2194 1888/4421/2194
f 2096/4422/2195 1889/4423/2195 1868/4424/2195
f 2096/4425/2196 1868/3913/2196 1883/3997/2196
f 1883/3997/2197 1936/4100/2197 2097/4426/2197 2096/4425/2197
f 2098/4229/2198 2099/4226/2198 2007/4223/2198
f 2098/4229/2199 2007/4223/2199 2005/4222/2199
f 2099/4226/2200 2221/4427/2200 2100/4428/2200 2006/4227/2200
f 5556/4373/2201 2095/4429/2201 1888/4006/2201 1898/3977/2201
f 2103/4430/2202 2105/4431/2202 2101/4432/2202 2102/4433/2202
f 2104/4434/2203 2110/4435/2203 2102/4433/2203 2101/4432/2203
f 2105/4436/2204 2140/4437/2204 2106/4438/2204 2101/4439/2204
f 2101/4439/2205 2106/4438/2205 2107/4440/2205 2104/4441/2205
f 2102/4433/2206 2109/4442/2206 2108/4443/2206 2103/4430/2206
f 2110/4435/2207 2143/4444/2207 2109/4442/2207 2102/4433/2207
f 2111/4445/2208 2141/4446/2208 2105/4431/2208 2103/4430/2208
f 2108/4443/2209 2142/4447/2209 2111/4445/2209 2103/4430/2209
f 1890/4013/2210 2113/4448/2210 2112/4374/2210 1904/3978/2210
f 1875/4449/2211 1964/4450/2211 2113/4451/2211 1890/4452/2211
f 1877/4078/2212 1891/4453/2212 2114/4454/2212
f 1877/3937/2213 2114/4455/2213 1885/3998/2213
f 1885/3998/2214 2114/4455/2214 2115/4456/2214 1941/4104/2214
f 2031/4289/2215 2209/4457/2215 2016/4458/2215 1971/4290/2215
f 2116/4459/2216 2183/4460/2216 2074/4382/2216
f 2116/4461/2217 2074/4379/2217 2073/4378/2217
f 2117/4462/2218 2200/4463/2218 2116/4461/2218 2073/4378/2218
f 2075/4377/2219 2201/4464/2220 2117/4462/2221
f 2075/4377/2171 2117/4462/2222 2073/4378/2172
f 2017/4252/2223 2118/4251/2223 2032/4294/2223
f 2040/4465/2224 2042/4466/2224 2119/4467/2224
f 2058/4468/2225 2213/4469/2225 2060/4344/2225 1948/4345/2225
f 2120/4347/2226 2215/4470/2226 2063/4348/2226 2061/4124/2226
f 2076/4384/2227 2216/4471/2227 2121/4472/2227 2077/4473/2227
f 2122/4474/2228 2075/4377/2229 2077/4380/2230
f 2122/4474/2231 2077/4380/2231 2121/4475/2231
f 2124/4476/5 2129/4477/5 2125/4478/5 2123/4479/5
f 2125/4478/2232 2131/4480/2232 2126/4481/2232 2123/4479/2232
f 2123/4479/2233 2128/4482/2233 2127/4483/2233 2124/4476/2233
f 2126/4481/2234 2172/4484/2234 2128/4482/2234 2123/4479/2234
f 2129/4485/2235 2134/4486/2235 2130/4487/2235 2125/4488/2235
f 2130/4487/2236 2134/4486/2236 2131/4489/2236
f 2130/4490/2237 2131/4480/2237 2125/4478/2237
f 2132/4491/2238 2135/4492/2238 2129/4493/2238 2124/4494/2238
f 2133/4495/2239 2132/4496/2239 2124/4497/2239 2127/4498/2239
f 2135/4492/2240 2231/4499/2240 2134/4500/2240 2129/4493/2240
f 1959/4134/2241 2191/4501/2241 1800/4502/2241 1922/4135/2241
f 1897/4026/2242 2255/4503/2242 1959/4134/2242 1865/3966/2242
f 5544/4504/2243 5546/4505/2243 1961/4506/2243 2066/4507/2243
f 2066/4364/506 5545/4363/506 5544/4508/506
f 2136/4133/2244 2195/4509/2244 1871/3914/2244 1840/3841/2244
f 1961/4141/2245 2138/4510/2245 2137/4371/2245
f 2139/4511/2246 2411/4512/2246 2138/4513/2246
f 2139/4514/2247 2138/4510/2247 1961/4141/2247
f 1961/4515/2248 1962/4516/2248 5543/4517/2248
f 1961/4141/2249 5543/4370/2249 2139/4514/2249
f 1961/4141/574 5546/4369/574 5543/4370/574
f 2141/4518/2250 2106/4438/2250 2140/4437/2250
f 2141/4518/2251 2140/4437/2251 2105/4436/2251
f 2108/4443/2252 2109/4442/2252 2142/4447/2252
f 2144/4519/2253 2142/4520/2253 2109/4521/2253 2143/4522/2253
f 1871/3914/2254 2195/4509/2254 2145/4147/2254 1848/3850/2254
f 1965/4146/2255 2261/4523/2255 1905/4032/2255 1878/3992/2255
f 1804/3815/2256 2207/4524/2256 1965/4525/2256 1924/4083/2256
f 2070/4526/2257 2071/4527/2257 2038/4528/2257
f 2038/4528/2258 2071/4527/2258 2146/4529/2258 2039/4530/2258
f 2147/4531/2151 2150/4532/2151 2043/4533/2151 2037/4534/2151
f 2148/4535/2259 2147/4531/2259 2037/4534/2259 2039/4536/2259
f 2150/4537/2260 2211/4538/2260 2149/4310/2260 2043/4309/2260
f 2151/4539/2261 2119/4540/2261 2042/4311/2261 2149/4310/2261
f 2052/4387/2262 2152/4386/2262 2053/4541/2262
f 2153/4542/736 2157/4543/736 2056/4544/736 2051/4331/736
f 2154/4545/2263 2153/4542/2263 2051/4331/2263 2053/4330/2263
f 2156/4546/2264 2054/4547/2264 2057/4548/2264 2155/4549/2264
f 2157/4550/2265 2212/4551/2265 2155/4552/2265 2056/4553/2265
f 2158/4554/2266 2160/4555/2266 1987/4179/2266 1988/4178/2266
f 1988/4178/2267 2159/4556/2267 2158/4554/2267
f 2160/4557/2268 2165/4558/2268 2023/4175/2268 1987/4174/2268
f 2162/4559/2269 1986/4172/2269 2022/4171/2269 2161/4560/2269
f 2164/4561/2270 2224/4562/2270 2163/4194/2270 1992/4183/2270
f 2165/4558/2271 2217/4563/2271 2161/4264/2271 2023/4175/2271
f 2163/4194/2272 2225/4564/2272 2166/4565/2272 1993/4195/2272
f 2167/4566/2273 2168/4567/2273 2001/4212/2273 2002/4211/2273
f 2002/4211/2274 2064/4568/2274 2167/4566/2274
f 2168/4569/2275 2185/4570/2275 2026/4208/2275 2001/4207/2275
f 2170/4571/2276 2004/4220/2276 2025/4219/2276 2169/4572/2276
f 2171/4573/2277 2090/4574/2277 2085/4575/2277
f 2171/4573/2278 2085/4575/2278 2087/4576/2278
f 2128/4577/2279 2172/4578/2279 2127/4579/2279
f 2173/4084/2280 2281/4580/2280 1958/4581/2280 1886/4085/2280
f 1917/4061/2281 2194/4582/2281 2174/4583/2281 1935/4062/2281
f 1935/4003/2282 2174/4584/2282 2175/4585/2282 1936/4100/2282
f 1870/4280/2283 2095/4586/2283 5556/4587/2283 2176/4588/2283 1918/4060/2283
f 1870/4280/2284 1889/4589/2284 2095/4586/2284
f 2176/4588/2283 2112/4590/2283 2113/4591/2283 1874/4286/2283 1918/4060/2283
f 1874/4286/2285 2113/4591/2285 1891/4453/2285
f 2177/4592/2286 2199/4593/2286 1919/4070/2286 1940/4069/2286
f 2178/4594/2287 2177/4595/2287 1940/4004/2287 1941/4104/2287
f 1966/4596/2288 2291/4597/2288 2179/4598/2288 1887/4599/2288
f 2180/4600/2289 2182/4601/2289 2018/4245/2289 2015/4244/2289
f 2181/4602/2290 2180/4600/2290 2015/4244/2290 2016/4248/2290
f 2018/4250/2291 2182/4603/2291 2118/4251/2291
f 2183/4604/2292 2075/4605/2293 2184/4606/2294
f 2183/4460/2295 2184/4383/2177 2074/4382/2176
f 2185/4570/2296 2218/4607/2296 2169/4269/2296 2026/4208/2296
f 2172/4608/2297 2251/4609/2297 2133/4495/2297 2127/4498/2297
f 1925/4017/2298 2270/4610/2298 2173/4084/2298 1892/4018/2298
f 2186/4023/2299 2271/4611/2299 1894/4020/2299 1893/3752/2299
f 2187/4612/2300 2186/4023/2300 1895/4022/2300 1896/4613/2300
f 2188/4614/2301 2189/4615/2301 1799/3814/2301 1801/3813/2301
f 1800/3803/2302 2191/4616/2302 2190/4617/2302 1802/3804/2302
f 2009/4234/2303 2283/4618/2303 2187/4612/2303 1896/4613/2303
f 1889/3969/2304 2096/4425/2304 2192/4619/2304
f 2192/4620/2305 1960/4419/2305 2095/4418/2305
f 2192/4621/2306 2095/4586/2306 1889/4589/2306
f 2193/4622/2307 5546/4623/2307 2067/4366/2307 2068/4365/2307
f 2011/4065/2308 2296/4624/2308 2194/4625/2308 1917/4066/2308
f 2196/4626/2309 2198/4627/2309 2110/4628/2309 2104/4629/2309
f 2197/4630/2310 2196/4626/2310 2104/4629/2310 2107/4631/2310
f 2198/4627/2311 2223/4632/2311 2143/4633/2311 2110/4628/2311
f 2199/4634/2312 2300/4635/2312 2012/4073/2312 1919/4072/2312
f 2201/4464/2313 2260/4636/2313 2200/4463/2313 2117/4462/2313
f 1891/4453/2314 2202/4637/2314 2114/4454/2314
f 2113/4451/2315 1964/4450/2315 2202/4638/2315
f 2113/4591/2316 2202/4637/2316 1891/4453/2316
f 1907/4038/2317 2208/4040/2317 2203/4639/2317 1906/4640/2317
f 2203/4639/2318 2290/4641/2318 2014/4642/2318 1906/4640/2318
f 1805/3820/2319 2204/4643/2319 2205/4644/2319 1806/3821/2319
f 2206/4645/2320 2207/4646/2320 1804/3827/2320 1807/3826/2320
f 2016/4248/2321 2209/4647/2321 2181/4602/2321
f 2200/4648/2322 2259/4649/2322 2210/4650/2322 2116/4459/2322
f 2210/4651/2323 2075/4605/2293 2183/4604/2292
f 2210/4650/2216 2183/4460/2216 2116/4459/2216
f 2179/4598/2324 2275/4652/2324 1934/4048/2324 1914/4047/2324
f 1915/4051/2325 2276/4653/2325 2208/4040/2325 1908/4039/2325
f 2146/4654/2326 2262/4655/2326 2148/4535/2326 2039/4536/2326
f 2211/4538/2327 2264/4656/2327 2151/4539/2327 2149/4310/2327
f 2152/4657/2328 2265/4658/2328 2154/4545/2328 2053/4330/2328
f 2212/4551/2329 2267/4659/2329 2156/4660/2329 2155/4552/2329
f 2060/4344/2330 2213/4469/2330 2059/4340/2330
f 2059/4661/2331 2213/4662/2331 2214/4663/2331 2062/4664/2331
f 2214/4663/2332 2215/4665/2332 2120/4666/2332 2062/4664/2332
f 2184/4606/2333 2075/4605/2334 2216/4667/2335
f 2184/4383/2336 2216/4471/2336 2076/4384/2336
f 2161/4264/2337 2217/4563/2337 2162/4668/2337
f 2166/4392/2338 2225/4669/2338 2081/4196/2338 2080/4393/2338
f 2169/4269/2339 2218/4607/2339 2170/4670/2339
f 2220/4671/2340 2092/4413/2340 2093/4412/2340 2219/4672/2340
f 2099/4673/2341 2098/4674/2341 2221/4675/2341
f 2100/4367/2342 2193/4622/2342 2068/4365/2342
f 2221/4676/2343 5544/4508/2343 2193/4677/2343
f 2221/4678/2344 2193/4622/2344 2100/4367/2344
f 2106/4438/2345 2141/4518/2345 2222/4679/2345 2107/4440/2345
f 2223/4680/2346 2289/4681/2346 2144/4519/2346 2143/4522/2346
f 2224/4562/2347 2277/4682/2347 2225/4564/2347 2163/4194/2347
f 2226/4683/2348 2227/4684/2348 2122/4474/2348 2121/4475/2348
f 2122/4474/2228 2227/4684/2349 2075/4377/2229
f 2228/4685/2350 2230/4686/2350 2094/4414/2350 2089/4687/2350
f 2229/4688/2351 2228/4689/2351 2089/4406/2351 2090/4405/2351
f 2230/4686/2352 2269/4690/2352 2219/4415/2352 2094/4414/2352
f 2232/4691/2353 2131/4489/2353 2134/4486/2353 2231/4692/2353
f 2234/4693/5 2239/4694/5 2235/4695/5 2233/4696/5
f 2235/4695/2354 2241/4697/2354 2236/4698/2354 2233/4696/2354
f 2233/4696/2355 2238/4699/2355 2237/4700/2355 2234/4693/2355
f 2236/4698/2356 2254/4701/2356 2238/4699/2356 2233/4696/2356
f 2239/4702/2357 2244/4703/2357 2240/4704/2357 2235/4705/2357
f 2240/4704/2358 2244/4703/2358 2241/4706/2358
f 2240/4707/2359 2241/4697/2359 2235/4695/2359
f 2242/4708/2360 2245/4709/2360 2239/4710/2360 2234/4711/2360
f 2243/4712/2361 2242/4713/2361 2234/4714/2361 2237/4715/2361
f 2245/4709/2362 2293/4716/2362 2244/4717/2362 2239/4710/2362
f 2158/4554/2363 2159/4556/2363 2246/4718/2363 2160/4555/2363
f 2164/4390/2364 2079/4187/2364 2247/4719/2364
f 2164/4720/2365 2247/4721/2366 2224/4722/2367
f 2167/4566/2368 2064/4568/2368 2248/4723/2368 2168/4567/2368
f 2090/4574/2369 2171/4573/2369 2249/4724/2369 2229/4725/2369
f 2250/4726/2370 2252/4727/2370 2132/4496/2370 2133/4495/2370
f 2133/4495/2371 2251/4609/2371 2250/4726/2371
f 2252/4728/2372 2253/4729/2372 2135/4492/2372 2132/4491/2372
f 2253/4729/2373 2280/4730/2373 2231/4499/2373 2135/4492/2373
f 2238/4731/2374 2254/4732/2374 2237/4733/2374
f 2028/4271/2375 2435/4734/2375 2188/4614/2375
f 2028/4271/2117 2188/4614/2376 1801/3813/2118
f 2190/4617/2377 2436/4735/2377 2029/4278/2377
f 2190/4617/2378 2029/4278/2378 1802/3804/2378
f 1960/4136/2379 2192/4619/2379 2255/4503/2379 1897/4026/2379
f 2098/4736/506 2362/4737/506 2256/4738/506
f 2098/4736/2380 2256/4738/2381 2221/4676/2382
f 5545/4363/2383 5544/4508/2383 2221/4676/2383
f 5545/4363/2384 2221/4676/2382 2256/4738/2381
f 2008/4281/2385 2189/4283/2385 2257/4739/2385
f 2222/4679/2386 2286/4740/2386 2197/4741/2386 2107/4440/2386
f 2013/4284/2387 2258/4742/2387 2204/4285/2387
f 2260/4743/2388 2333/4744/2388 2259/4649/2388 2200/4648/2388
f 2261/4523/2389 2202/4745/2389 1964/4144/2389 1905/4032/2389
f 2205/4644/2390 2443/4746/2390 2045/4313/2390 1806/3821/2390
f 2046/4322/2391 2444/4747/2391 2206/4645/2391 1807/3826/2391
f 2209/4748/2392 2274/4749/2392 2180/4750/2392 2181/4751/2392
f 2148/4752/2393 2262/4753/2393 2147/4754/2393
f 2147/4754/2394 2262/4753/2394 2263/4755/2394 2150/4756/2394
f 2263/4755/2395 2264/4757/2395 2211/4758/2395 2150/4756/2395
f 2154/4759/2396 2265/4760/2396 2153/4761/2396
f 2153/4761/2397 2265/4760/2397 2266/4762/2397 2157/4763/2397
f 2266/4762/2398 2267/4764/2398 2212/4765/2398 2157/4763/2398
f 2246/4766/2399 2268/4767/2399 2165/4768/2399 2160/4769/2399
f 2268/4770/2400 2162/4668/2400 2217/4563/2400
f 2268/4767/2401 2217/4771/2401 2165/4768/2401
f 2248/4772/2402 2278/4773/2402 2185/4774/2402 2168/4775/2402
f 2219/4415/2403 2269/4690/2403 2220/4776/2403
f 2254/4777/2404 2317/4778/2404 2243/4712/2404 2237/4715/2404
f 1894/4020/2405 2271/4611/2405 2270/4610/2405 1925/4017/2405
f 2255/4503/2406 2360/4779/2406 2191/4501/2406 1959/4134/2406
f 2097/4426/2407 2379/4780/2407 2192/4619/2407 2096/4425/2407
f 2272/4781/2408 2097/4426/2408 1936/4100/2408 2175/4585/2408
f 1941/4104/2409 2115/4456/2409 2273/4782/2409 2178/4594/2409
f 2202/4745/2410 2398/4783/2410 2115/4456/2410 2114/4455/2410
f 2207/4784/2411 2366/4785/2411 2261/4523/2411 1965/4146/2411
f 2180/4750/2412 2274/4749/2412 2182/4786/2412
f 2275/4652/2413 2276/4653/2413 1915/4051/2413 1934/4048/2413
f 2247/4721/2366 2306/4787/2414 2277/4788/2414 2224/4722/2367
f 2277/4789/2415 2305/4790/2415 2081/4196/2415 2225/4669/2415
f 2278/4791/2416 2170/4670/2416 2218/4607/2416
f 2278/4773/2417 2218/4792/2417 2185/4774/2417
f 2279/4793/2418 2226/4794/2418 2121/4795/2418 2216/4796/2418
f 2280/4730/2419 2327/4797/2419 2232/4798/2419 2231/4499/2419
f 2281/4580/2420 2363/4799/2420 2136/4800/2420 1958/4581/2420
f 2282/4801/2421 2283/4618/2421 2009/4234/2421 2257/4233/2421
f 2284/4802/2422 2282/4803/2422 2257/4739/2422 2189/4283/2422
f 2196/4804/2423 2286/4805/2423 2285/4806/2423 2198/4807/2423
f 2196/4804/2424 2197/4808/2424 2286/4805/2424
f 2285/4806/2425 2289/4809/2425 2223/4810/2425 2198/4807/2425
f 2014/4811/2426 2290/4812/2426 2287/4813/2426
f 2014/4240/2427 2287/4814/2427 2258/4241/2427
f 2258/4742/2428 2287/4815/2428 2288/4816/2428 2204/4285/2428
f 2145/4817/2429 2364/4818/2429 2291/4597/2429 1966/4596/2429
f 2259/4819/2430 2333/4820/2430 2075/4605/2430
f 2259/4819/2431 2075/4605/2293 2210/4651/2323
f 2229/4688/2432 2249/4821/2432 2292/4822/2432 2228/4689/2432
f 2294/4823/2433 2241/4706/2433 2244/4703/2433 2293/4824/2433
f 2189/4283/2434 2188/4825/2434 2295/4826/2434
f 2189/4283/2435 2295/4826/2435 2284/4802/2435
f 2010/4827/2436 2302/4828/2436 2296/4829/2436 2011/4830/2436
f 2297/4831/2437 2341/4832/2437 2260/4636/2437 2201/4464/2437
f 2075/4377/2219 2437/4833/2438 2297/4831/2439
f 2075/4377/2219 2297/4831/2439 2201/4464/2220
f 2296/4829/2440 2302/4828/2440 2298/4834/2440 2194/4582/2440
f 2298/4834/2441 2303/4835/2441 2299/4836/2441 2194/4582/2441
f 2299/4836/2442 2322/4837/2442 2174/4583/2442 2194/4582/2442
f 2298/4834/2440 2302/4828/2440 2300/4838/2440 2199/4593/2440
f 2301/4839/2441 2303/4835/2441 2298/4834/2441 2199/4593/2441
f 2300/4838/2436 2302/4828/2436 2010/4827/2436 2012/4840/2436
f 2177/4592/2443 2325/4841/2443 2301/4839/2443 2199/4593/2443
f 2304/4842/2444 2205/4843/2444 2204/4844/2444
f 2304/4845/2445 2204/4643/2445 2288/4846/2445
f 2306/4787/2446 2554/4847/2446 2305/4848/2446 2277/4788/2446
f 2292/4849/2447 2307/4850/2447 2230/4851/2447 2228/4852/2447
f 2307/4853/2448 2220/4776/2448 2269/4690/2448
f 2307/4850/2449 2269/4854/2449 2230/4851/2449
f 2250/4726/2450 2251/4609/2450 2308/4855/2450 2252/4727/2450
f 2310/4856/2451 2328/4857/2451 2311/4858/2451 2309/4859/2451
f 2309/4859/2452 2312/4860/2452 2310/4856/2452
f 2313/4861/2453 2314/4862/2453 2309/4859/2453 2311/4858/2453
f 2315/4863/2454 2312/4860/2454 2309/4859/2454 2314/4862/2454
f 2316/4864/2455 2318/4865/2455 2242/4713/2455 2243/4712/2455
f 2243/4712/2456 2317/4778/2456 2316/4864/2456
f 2318/4866/2457 2319/4867/2457 2245/4709/2457 2242/4708/2457
f 2319/4867/2458 2340/4868/2458 2293/4716/2458 2245/4709/2458
f 2270/4610/2459 2377/4869/2459 2281/4580/2459 2173/4084/2459
f 2186/4023/2460 2187/4612/2460 2320/4870/2460
f 2320/4870/2461 2378/4871/2461 2271/4611/2461 2186/4023/2461
f 2174/4583/2462 2322/4837/2462 2321/4872/2462 2175/4873/2462
f 1938/4874/2463 2323/4875/2463 1939/4876/2463
f 1938/4874/2464 1963/4877/2464 2137/4878/2465 2323/4875/2464
f 2324/4879/2466 2325/4880/2466 2177/4595/2466 2178/4594/2466
f 2291/4597/2467 2399/4881/2467 2275/4652/2467 2179/4598/2467
f 2208/4040/2468 2326/4882/2468 2203/4639/2468
f 2276/4653/2469 2400/4883/2469 2326/4882/2469 2208/4040/2469
f 2308/4884/2470 2327/4885/2470 2253/4886/2470 2252/4887/2470
f 2253/4886/2471 2327/4885/2471 2280/4888/2471
f 2329/4889/2472 2338/4890/2472 2328/4891/2472 2310/4892/2472
f 2312/4860/2473 2351/4893/2473 2329/4894/2473 2310/4856/2473
f 2311/4895/2474 2331/4896/2474 2330/4897/2474 2313/4898/2474
f 2328/4899/2475 2339/4900/2475 2331/4896/2475 2311/4895/2475
f 2323/4875/2476 2332/4901/2476 2098/4902/2476 1939/4876/2476
f 2137/4878/2477 2138/4903/2477 2332/4901/2477 2323/4875/2477
f 2334/4904/2478 2348/4905/2478 1977/4121/2478 1950/4120/2478
f 2020/4122/2479 2369/4906/2479 2334/4904/2479 1950/4120/2479
f 1986/4163/2480 2349/4907/2480 2335/4908/2480 1981/4164/2480
f 2335/4908/2481 2370/4909/2481 2021/4167/2481 1981/4164/2481
f 2226/4794/2482 2406/4910/2482 2336/4911/2482 2227/4912/2482
f 2337/4913/2483 2075/4377/2484 2227/4684/2485
f 2337/4913/2486 2227/4684/2486 2336/4914/2486
f 2314/4862/2487 2313/4861/2487 2315/4863/2487
f 2330/4915/2488 2408/4916/2489 2315/4917/2490 2313/4918/2488
f 2338/4890/2491 2407/4919/2491 2339/4920/2491 2328/4891/2491
f 2340/4868/2492 2410/4921/2492 2294/4922/2492 2293/4716/2492
f 2283/4618/2493 2412/4923/2493 2320/4870/2493 2187/4612/2493
f 2341/4924/2494 2439/4925/2494 2333/4744/2494 2260/4743/2494
f 2326/4882/2495 2418/4926/2495 2290/4641/2495 2203/4639/2495
f 1970/4152/2496 2342/4927/2496 1973/4153/2496
f 2032/4928/2497 2422/4929/2497 2342/4927/2497 1970/4152/2497
f 1864/3945/2498 2344/4930/2498 2343/4931/2498 1856/3946/2498
f 2343/4932/2499 2431/4933/2499 1879/3993/2499 1856/3948/2499
f 1913/4934/2500 2484/4935/2500 2344/4936/2500 1864/4937/2500
f 2041/4307/2501 2345/4938/2502 2071/4375/2501
f 2119/4308/2503 2401/4939/2503 2345/4938/2503 2041/4307/2503
f 2055/4336/2504 2054/4335/2504 2346/4940/2504
f 2346/4941/2505 2445/4942/2505 2152/4386/2505 2055/4385/2505
f 2054/4547/2506 2156/4546/2506 2347/4943/2506
f 2054/4335/2507 2347/4944/2507 2346/4940/2507
f 2348/4945/2508 2447/4946/2508 2058/4338/2508 1977/4158/2508
f 2162/4559/2509 2463/4947/2509 2349/4948/2509 1986/4172/2509
f 1998/4205/2510 2350/4949/2511 2024/4206/2510
f 2004/4204/2512 2372/4950/2512 2350/4949/2512 1998/4205/2512
f 2329/4889/2513 2351/4951/2513 2338/4890/2513
f 2353/4952/2514 2357/4953/2514 2354/4954/2514 2352/4955/2514
f 2352/4955/2515 2356/4956/2515 2355/4957/2515 2353/4952/2515
f 2352/4955/2516 2354/4954/2516 2356/4956/2516
f 2358/4958/2517 2375/4959/2517 2357/4960/2517 2353/4961/2517
f 2355/4962/2518 2428/4963/2519 2358/4958/2520 2353/4961/2520
f 2357/4964/2521 2376/4965/2521 2359/4966/2521 2354/4967/2521
f 2359/4968/2522 2430/4969/2522 2356/4970/2522 2354/4971/2522
f 2255/4972/2523 2192/4973/2523 2360/4974/2523
f 2361/4975/2524 2272/4781/2524 2175/4585/2524 2321/4976/2524
f 2362/4977/2525 2411/4512/2525 2139/4511/2525 2256/4978/2525
f 2139/4511/2526 5543/4979/2526 5545/4980/2526 2256/4978/2526
f 2332/4901/2527 2411/4981/2527 2362/4982/2527 2098/4902/2527
f 2363/4799/2528 2416/4983/2528 2195/4984/2528 2136/4800/2528
f 2195/4984/2529 2416/4983/2529 2364/4818/2529 2145/4817/2529
f 2178/4594/2530 2273/4782/2530 2365/4985/2530 2324/4879/2530
f 2261/4523/2531 2366/4785/2531 2202/4745/2531
f 1973/4153/2532 2342/4927/2532 2367/4986/2532 2031/4987/2532
f 2368/4988/2533 2146/4529/2533 2071/4527/2533
f 2368/4989/2502 2071/4375/2501 2345/4938/2502
f 2063/4990/2534 2462/4991/2534 2369/4992/2534 2020/4993/2534
f 2370/4994/2535 2490/4995/2535 2159/4350/2535 2021/4262/2535
f 2371/4996/2536 2064/4352/2536 2024/4267/2536
f 2371/4997/2511 2024/4206/2510 2350/4949/2511
f 2170/4571/2537 2468/4998/2537 2372/4999/2537 2004/4220/2537
f 2092/4400/2538 2403/5000/2538 2373/5001/2538 2086/4401/2538
f 2373/5001/2539 2425/5002/2539 2171/4402/2539 2086/4401/2539
f 2216/4667/2335 2075/4605/2334 2279/5003/2540
f 2316/4864/2541 2317/4778/2541 2374/5004/2541 2318/4865/2541
f 2375/5005/2542 2451/5006/2542 2376/4965/2542 2357/4964/2542
f 2271/4611/2543 2378/4871/2543 2377/4869/2543 2270/4610/2543
f 2379/4780/2544 2521/5007/2544 2360/4779/2544 2192/4619/2544
f 2272/4781/2545 2520/5008/2545 2379/4780/2545 2097/4426/2545
f 2284/5009/2546 2380/5010/2546 2282/5011/2546
f 2295/5012/2547 2544/5013/2547 2380/5010/2547 2284/5009/2547
f 2282/4801/2548 2381/5014/2548 2283/4618/2548
f 2380/5010/2549 2415/5015/2549 2381/5016/2549 2282/5011/2549
f 2382/5017/5 2386/5018/5 2383/5019/5 2384/5020/5
f 2384/5020/2550 2390/5021/2550 2385/5022/2550 2382/5017/2550
f 2387/5023/2551 2394/5024/2551 2386/5025/2551 2382/5026/2551
f 2388/5027/2552 2387/5028/2552 2382/5029/2552 2385/5030/2552
f 2384/5020/2553 2383/5019/2553 2389/5031/2553
f 2384/5020/2554 2389/5031/2554 2391/5032/2554 2390/5021/2554
f 2386/5018/2555 2393/5033/2555 2392/5034/2555 2383/5019/2555
f 2392/5034/2556 2413/5035/2556 2389/5031/2556 2383/5019/2556
f 2394/5024/2557 2440/5036/2557 2393/5037/2557 2386/5025/2557
f 2395/5038/2558 2417/5039/2558 2141/4446/2558 2111/4445/2558
f 2142/4447/2559 2421/5040/2559 2395/5038/2559 2111/4445/2559
f 2287/5041/2560 2396/5042/2560 2288/4846/2560
f 2287/5043/2548 2290/4641/2548 2397/5044/2548
f 2397/5045/2561 2420/5046/2561 2396/5042/2561 2287/5041/2561
f 2396/5042/2562 2552/5047/2562 2304/4845/2562 2288/4846/2562
f 2398/4783/2563 2531/5048/2563 2273/4782/2563 2115/4456/2563
f 2366/4785/2564 2533/5049/2564 2398/4783/2564 2202/4745/2564
f 2399/4881/2565 2400/4883/2565 2276/4653/2565 2275/4652/2565
f 2151/4539/2566 2487/5050/2566 2401/5051/2566 2119/4540/2566
f 1957/5052/2567 2423/5053/2567 2402/5054/2567 1956/5055/2567
f 1956/4186/2568 2402/5056/2568 2079/4187/2568
f 2092/4413/2569 2220/4671/2569 2403/5057/2569
f 2131/4480/2570 2405/5058/2570 2404/5059/2570 2126/4481/2570
f 2126/4481/2571 2404/5059/2572 2172/4484/2571
f 2232/4691/2573 2496/5060/2573 2405/5061/2573 2131/4489/2573
f 2279/5003/2574 2075/4605/2574 2406/5062/2574
f 2279/4793/2575 2406/4910/2575 2226/4794/2575
f 2351/4951/2576 2450/5063/2576 2407/4919/2576 2338/4890/2576
f 2331/4896/2577 2409/5064/2577 2408/5065/2577 2330/4897/2577
f 2339/4900/2578 2426/5066/2578 2409/5064/2578 2331/4896/2578
f 2374/5067/2579 2410/5068/2579 2319/5069/2579 2318/5070/2579
f 2319/5069/2580 2410/5068/2580 2340/5071/2580
f 2332/5072/2581 2138/4513/2581 2411/4512/2581
f 2381/5014/2582 2414/5073/2582 2412/4923/2582 2283/4618/2582
f 2392/5074/2583 2393/5075/2583 2413/5076/2583
f 2415/5077/2584 2573/5078/2584 2414/5079/2584
f 2415/5077/2585 2414/5079/2585 2381/5080/2585
f 2141/4518/2586 2417/5081/2586 2222/4679/2586
f 2418/4926/2582 2419/5082/2582 2397/5044/2582 2290/4641/2582
f 2419/5083/2587 2575/5084/2587 2420/5085/2587
f 2419/5086/2588 2420/5087/2588 2397/5088/2588
f 2142/4520/2589 2144/4519/2589 2421/5089/2589
f 2081/5090/2590 2465/5091/2590 2423/5053/2590 1957/5052/2590
f 2315/5092/2591 2432/5093/2591 2424/5094/2591 2312/5095/2591
f 2424/5094/2592 2469/5096/2592 2351/5097/2592 2312/5095/2592
f 2425/5098/2593 2538/5099/2593 2249/4724/2593 2171/4573/2593
f 2407/4919/2594 2450/5063/2594 2426/5100/2594 2339/4920/2594
f 2427/5101/2595 2452/5102/2595 2375/4959/2595 2358/4958/2595
f 2428/4963/2596 2452/5102/2596 2427/5101/2596
f 2428/4963/2597 2427/5101/2597 2358/4958/2597
f 2376/5103/2598 2453/5104/2598 2429/5105/2598 2359/4968/2598
f 2429/5105/2599 2453/5104/2599 2430/4969/2599
f 2429/5105/2600 2430/4969/2600 2359/4968/2600
f 2377/4869/2601 2519/5106/2601 2363/4799/2601 2281/4580/2601
f 2390/5107/2602 2391/5108/2602 2385/5030/2602
f 2364/4818/2603 2529/5109/2603 2399/4881/2603 2291/4597/2603
f 2431/4933/2604 2576/5110/2604 1910/3999/2604 1879/3993/2604
f 2408/5111/2605 2409/5112/2605 2432/5113/2605
f 2408/4916/2489 2432/5114/2606 2315/4917/2490
f 2433/5115/2607 2251/4609/2607 2172/4608/2607
f 2433/5116/2572 2172/4484/2571 2404/5059/2572
f 2029/4278/2608 2436/4735/2608 2434/5117/2608
f 2029/5118/2609 2434/5119/2609 2028/5120/2609
f 2434/5121/2610 2436/5122/2610 2435/5123/2610
f 2434/5124/2611 2435/4734/2611 2028/4271/2611
f 2437/4833/2612 2517/5125/2612 2341/4832/2612 2297/4831/2612
f 2360/5126/2613 2591/5127/2613 2190/4617/2613 2191/4616/2613
f 2385/5030/2614 2391/5108/2614 2438/5128/2614 2388/5027/2614
f 2439/5129/2615 2663/5130/2616 2075/4605/2617
f 2439/5129/2615 2075/4605/2617 2333/4820/2618
f 2441/5131/2619 2413/5076/2619 2393/5075/2619 2440/5132/2619
f 2206/4645/2620 2602/5133/2620 2366/5134/2620 2207/4646/2620
f 2442/5135/2621 2444/4747/2621 2046/4322/2621
f 2442/5136/2622 2046/5137/2622 2045/5138/2622
f 2443/5139/2623 2444/5140/2623 2442/5141/2623
f 2443/4746/2624 2442/5142/2624 2045/4313/2624
f 2445/5143/2625 2610/5144/2625 2265/4658/2625 2152/4657/2625
f 2446/5145/2626 2461/5146/2626 2348/4905/2626 2334/4904/2626
f 2334/4904/2627 2369/4906/2628 2446/5145/2628
f 2447/5147/2629 2578/5148/2629 2213/4469/2629 2058/4468/2629
f 2349/4907/2630 2464/5149/2630 2448/5150/2630 2335/4908/2630
f 2335/4908/2631 2448/5150/2632 2370/4909/2633
f 2402/5056/2634 2449/5151/2634 2247/4719/2634 2079/4187/2634
f 2423/5053/2635 2465/5091/2635 2449/5152/2635 2402/5054/2635
f 2452/5153/2636 2499/5154/2636 2451/5006/2636 2375/5005/2636
f 2451/5006/2637 2500/5155/2637 2453/5156/2637 2376/4965/2637
f 2412/4923/2638 2518/5157/2638 2378/4871/2638 2320/4870/2638
f 2454/5158/2639 2456/5159/2639 2394/5024/2639 2387/5023/2639
f 2455/5160/2640 2454/5161/2640 2387/5028/2640 2388/5027/2640
f 2456/5159/2641 2524/5162/2641 2440/5036/2641 2394/5024/2641
f 2400/4883/2642 2532/5163/2642 2418/4926/2642 2326/4882/2642
f 2031/4289/2643 2367/5164/2643 2457/5165/2643
f 2457/5165/2644 2599/5166/2644 2209/4457/2644 2031/4289/2644
f 2458/5167/2645 2486/5168/2645 2368/4989/2645 2345/4938/2645
f 2401/4939/2646 2536/5169/2646 2458/5167/2646 2345/4938/2646
f 2459/5170/2647 2445/4942/2647 2346/4941/2647
f 2459/5171/2648 2346/4940/2648 2347/4944/2648
f 2156/4546/2649 2460/5172/2649 2347/4943/2649
f 2267/4659/2650 2613/5173/2650 2460/5174/2650 2156/4660/2650
f 2348/4945/2651 2461/5175/2651 2447/4946/2651
f 2063/4348/2652 2215/4470/2652 2462/5176/2652
f 2463/4947/2653 2614/5177/2653 2464/5178/2653 2349/4948/2653
f 2268/4770/2654 2581/5179/2654 2463/5180/2654 2162/4668/2654
f 2350/4949/2655 2466/5181/2656 2371/4997/2655
f 2372/4950/2657 2493/5182/2657 2466/5181/2657 2350/4949/2657
f 2064/4352/2658 2371/4996/2658 2467/5183/2658
f 2467/5184/2659 2619/5185/2659 2248/4723/2659 2064/4568/2659
f 2278/4791/2660 2620/5186/2660 2468/5187/2660 2170/4670/2660
f 2432/5093/2661 2556/5188/2661 2469/5096/2661 2424/5094/2661
f 2469/5189/2662 2540/5190/2662 2450/5063/2662 2351/4951/2662
f 2241/4697/2663 2471/5191/2663 2470/5192/2663 2236/4698/2663
f 2236/4698/2664 2470/5192/2664 2254/4701/2664
f 2294/4823/2665 2621/5193/2665 2471/5194/2665 2241/4706/2665
f 2473/5195/2666 2501/5196/2666 2474/5197/2666 2472/5198/2666
f 2472/5198/2667 2476/5199/2667 2475/5200/2667 2473/5195/2667
f 2472/5201/2668 2474/5202/2668 2476/5203/2668
f 2321/4872/2669 2322/4837/2669 2477/5204/2669
f 2321/4872/2670 2477/5204/2670 2478/5205/2670 2361/5206/2670
f 2299/4836/2671 2523/5207/2671 2477/5204/2671 2322/4837/2671
f 2144/4519/2672 2289/4681/2672 2479/5208/2673
f 2144/4519/2674 2479/5208/2674 2421/5089/2674
f 2325/4841/2675 2324/5209/2675 2480/5210/2675
f 2480/5210/2676 2525/5211/2676 2301/4839/2676 2325/4841/2676
f 2324/5209/2677 2365/5212/2677 2481/5213/2677 2480/5210/2677
f 2342/4927/2678 2482/5214/2678 2367/4986/2678
f 2422/4929/2679 2553/5215/2679 2482/5214/2679 2342/4927/2679
f 2344/4930/2680 2535/5216/2680 2483/5217/2680 2343/4931/2680
f 2483/5218/2681 2636/5219/2681 2431/4933/2681 2343/4932/2681
f 2019/4257/2682 2641/5220/2682 2484/5221/2682 1913/4045/2682
f 2368/4988/2683 2485/5222/2683 2146/4529/2683
f 2486/5223/2684 2638/5224/2685 2485/5222/2684 2368/4988/2685
f 2485/5222/2686 2604/5225/2686 2262/5226/2686 2146/4529/2686
f 2264/4656/2687 2607/5227/2687 2487/5050/2687 2151/4539/2687
f 2347/5228/2688 2460/5174/2688 2488/5229/2688
f 2347/4944/2689 2488/5230/2689 2459/5171/2689
f 2369/5231/2690 2462/5176/2690 2489/5232/2690
f 2369/4906/2628 2489/5233/2691 2446/5145/2628
f 2491/5234/2692 2490/4995/2692 2370/4994/2692
f 2491/5235/2693 2370/4909/2633 2448/5150/2632
f 2490/5236/2694 2618/5237/2694 2246/4718/2694 2159/4556/2694
f 2305/4848/2695 2554/4847/2695 2465/5238/2695 2081/5239/2695
f 2492/5240/2696 2467/5183/2696 2371/4996/2696
f 2492/5241/2656 2371/4997/2655 2466/5181/2656
f 2372/4999/2697 2468/4998/2697 2493/5242/2697
f 2494/5243/2698 2425/5002/2698 2373/5001/2698
f 2494/5243/2699 2373/5001/2699 2403/5000/2699
f 2220/4671/2700 2307/5244/2700 2495/5245/2700 2403/5057/2700
f 2232/4691/2701 2327/5246/2701 2496/5060/2701
f 2497/5247/2702 2317/4778/2702 2254/4777/2702
f 2497/5248/2664 2254/4701/2664 2470/5192/2664
f 2426/5066/2703 2498/5249/2703 2409/5064/2703
f 2450/5063/2704 2540/5190/2704 2498/5250/2704 2426/5100/2704
f 2498/5251/2705 2556/5252/2705 2432/5253/2705 2409/5254/2705
f 2499/5154/2706 2622/5255/2706 2500/5155/2706 2451/5006/2706
f 2502/5256/2707 2541/5257/2707 2501/5196/2707 2473/5195/2707
f 2475/5200/2708 2562/5258/2708 2502/5256/2708 2473/5195/2708
f 2501/5259/2709 2542/5260/2709 2503/5261/2709 2474/5262/2709
f 2503/5263/2710 2586/5264/2710 2476/5203/2710 2474/5202/2710
f 2504/5265/5 2508/5266/5 2505/5267/5 2506/5268/5
f 2506/5268/2711 2512/5269/2711 2507/5270/2711 2504/5265/2711
f 2509/5271/2712 2516/5272/2712 2508/5266/2712 2504/5265/2712
f 2510/5273/2713 2509/5274/2713 2504/5275/2713 2507/5276/2713
f 2511/5277/2714 2513/5278/2714 2506/5268/2714 2505/5267/2714
f 2513/5279/2715 2507/5276/2715 2512/5280/2715
f 2513/5278/2716 2512/5269/2716 2506/5268/2716
f 2508/5266/2717 2515/5281/2717 2514/5282/2717 2505/5267/2717
f 2505/5267/2718 2514/5282/2718 2511/5277/2718
f 2516/5283/2719 2627/5284/2719 2515/5285/2719 2508/5286/2719
f 2517/5287/2720 2663/5288/2720 2439/4925/2720 2341/4924/2720
f 2518/5157/2721 2519/5106/2721 2377/4869/2721 2378/4871/2721
f 2379/5289/2722 2520/5290/2722 2521/5291/2722
f 2361/5206/2723 2695/5292/2723 2520/5293/2723 2272/5294/2723
f 2363/4799/2724 2522/5295/2724 2416/4983/2724
f 2519/5106/2725 2546/5296/2725 2522/5295/2725 2363/4799/2725
f 2438/5128/2726 2593/5297/2726 2455/5160/2726 2388/5027/2726
f 2303/4835/2727 2526/5298/2727 2523/5207/2727 2299/4836/2727
f 2524/5299/2728 2596/5300/2728 2441/5131/2728 2440/5132/2728
f 2525/5211/2727 2526/5298/2727 2303/4835/2727 2301/4839/2727
f 2527/5301/2729 2286/4740/2729 2222/4679/2729
f 2527/5301/2730 2222/4679/2730 2417/5081/2730
f 2421/5040/2731 2550/5302/2731 2528/5303/2731 2395/5038/2731
f 2528/5303/2732 2574/5304/2732 2417/5039/2732 2395/5038/2732
f 2364/4818/2733 2416/4983/2733 2530/5305/2733
f 2530/5305/2734 2549/5306/2734 2529/5109/2734 2364/4818/2734
f 2531/5048/2735 2706/5307/2735 2365/4985/2735 2273/4782/2735
f 2399/4881/2736 2529/5109/2736 2532/5163/2736 2400/4883/2736
f 2398/5308/2737 2533/5309/2737 2531/5310/2737
f 2534/5311/2738 2457/5165/2738 2367/5164/2738 2482/5312/2738
f 2484/5221/2739 2669/5313/2739 2535/5314/2739 2344/5315/2739
f 2487/5050/2740 2642/5316/2740 2536/5317/2740 2401/5051/2740
f 2403/5057/2741 2495/5245/2741 2537/5318/2741
f 2403/5000/2742 2537/5319/2742 2494/5243/2742
f 2538/5320/2743 2674/5321/2743 2292/4822/2743 2249/4821/2743
f 2405/5058/2744 2557/5322/2744 2539/5323/2744 2404/5059/2744
f 2404/5059/2745 2539/5323/2745 2433/5116/2745
f 2541/5324/2746 2660/5325/2746 2542/5260/2746 2501/5259/2746
f 2543/5326/2747 2544/5327/2747 2295/5328/2747 2188/5329/2747
f 2545/5330/2748 2548/5331/2748 2416/5332/2748 2522/5333/2748
f 2546/5334/2749 2597/5335/2749 2545/5336/2749 2522/5337/2749
f 2416/5332/2750 2548/5331/2750 2547/5338/2750 2530/5339/2750
f 2530/5340/2751 2547/5341/2751 2549/5342/2751
f 2421/5089/2752 2479/5208/2752 2550/5343/2752
f 2304/4845/2753 2552/5047/2753 2551/5344/2753 2205/4644/2753
f 2247/4721/2754 2449/5345/2754 2306/4787/2754
f 2465/5238/2755 2554/4847/2755 2306/4787/2755 2449/5345/2755
f 2555/5346/2756 2538/5099/2756 2425/5098/2756
f 2555/5347/2757 2425/5002/2757 2494/5243/2757
f 2405/5061/2758 2496/5060/2758 2557/5348/2758
f 2251/4609/2759 2433/5115/2759 2558/5349/2759
f 2558/5349/2760 2678/5350/2760 2308/4855/2760 2251/4609/2760
f 2452/5102/2761 2428/4963/2761 2559/5351/2761 2499/5352/2761
f 2560/5353/2762 2430/4969/2762 2453/5104/2762 2500/5354/2762
f 2561/5355/2763 2661/5356/2763 2541/5357/2763 2502/5358/2763
f 2502/5358/2764 2562/5359/2764 2561/5355/2764
f 2564/5360/2765 2568/5361/2765 2565/5362/2765 2563/5363/2765
f 2563/5363/2766 2567/5364/2766 2566/5365/2766 2564/5360/2766
f 2563/5363/2767 2565/5362/2767 2567/5364/2767
f 2569/5366/2768 2587/5367/2768 2568/5361/2768 2564/5360/2768
f 2566/5365/2769 2624/5368/2769 2569/5366/2769 2564/5360/2769
f 2568/5369/2770 2588/5370/2770 2570/5371/2770 2565/5372/2770
f 2570/5373/2771 2659/5374/2771 2567/5375/2771 2565/5376/2771
f 2571/5377/2772 2511/5277/2772 2514/5282/2772 2515/5281/2772
f 2414/5073/2773 2573/5378/2773 2518/5157/2773 2412/4923/2773
f 2389/5031/2774 2413/5035/2774 2572/5379/2774
f 2389/5031/2775 2572/5379/2776 2391/5032/2775
f 2417/5081/2777 2574/5380/2777 2527/5301/2777
f 2532/5163/2773 2575/5381/2773 2419/5082/2773 2418/4926/2773
f 2576/5382/2778 2641/5383/2778 2019/5384/2778 1910/5385/2778
f 2577/5386/2779 2612/5387/2779 2461/5146/2779 2446/5145/2779
f 2446/5145/2780 2489/5233/2780 2577/5386/2780
f 2578/5388/2781 2616/5389/2781 2214/4663/2781 2213/4662/2781
f 2464/5149/2782 2615/5390/2782 2579/5391/2782 2448/5150/2782
f 2448/5150/2783 2579/5391/2783 2491/5235/2783
f 2580/5392/2784 2462/5176/2784 2215/4470/2784
f 2580/5393/2785 2215/4665/2785 2214/4663/2785
f 2246/4766/2786 2618/5394/2786 2581/5395/2786 2268/4767/2786
f 2556/5396/2787 2498/5397/2787 2540/5398/2787 2469/5399/2787
f 2582/5400/2788 2558/5349/2788 2433/5115/2788
f 2582/5401/2745 2433/5116/2745 2539/5323/2745
f 2583/5402/2789 2584/5403/2789 2337/4913/2789 2336/4914/2789
f 2584/5403/2790 2948/5404/2791 2075/4377/2792
f 2584/5403/2793 2075/4377/2484 2337/4913/2483
f 2542/5405/2794 2662/5406/2794 2585/5407/2794 2503/5263/2794
f 2585/5407/2795 2662/5406/2795 2586/5264/2795
f 2585/5407/325 2586/5264/325 2503/5263/325
f 2587/5408/2796 2722/5409/2796 2588/5370/2796 2568/5369/2796
f 2507/5276/2797 2513/5279/2797 2589/5410/2797 2510/5273/2797
f 2590/5411/2798 2543/5326/2798 2188/5329/2798 2435/5412/2798
f 2190/4617/2799 2591/5127/2799 2592/5413/2799 2436/4735/2799
f 2573/5378/337 2546/5296/337 2519/5106/337 2518/5157/337
f 2455/5414/2800 2593/5415/2800 2454/5416/2800
f 2454/5416/2801 2593/5415/2801 2594/5417/2801 2456/5418/2801
f 2595/5419/2802 2438/5128/2802 2391/5108/2802
f 2595/5420/2776 2391/5032/2775 2572/5379/2776
f 2594/5417/2803 2596/5421/2803 2524/5422/2803 2456/5418/2803
f 2546/5334/2804 2573/5078/2804 2597/5335/2804
f 2415/5077/2805 2698/5423/2805 2597/5335/2805 2573/5078/2805
f 2575/5381/337 2532/5163/337 2529/5109/337 2549/5306/337
f 2549/5424/2806 2598/5425/2806 2575/5426/2806
f 2547/5427/2807 2731/5428/2807 2598/5425/2807
f 2547/5429/2808 2598/5430/2808 2549/5431/2808
f 2598/5425/2809 2704/5432/2809 2420/5433/2809 2575/5426/2809
f 2599/5434/2810 2640/5435/2810 2274/4749/2810 2209/4748/2810
f 2600/5436/2811 2639/5437/2811 2486/5168/2811 2458/5167/2811
f 2458/5167/2812 2536/5169/2812 2600/5436/2812
f 2601/5438/2813 2443/4746/2813 2205/4644/2813 2551/5344/2813
f 2206/4645/2814 2444/4747/2814 2603/5439/2814 2602/5133/2814
f 2604/5440/2815 2644/5441/2815 2263/4755/2815 2262/4753/2815
f 2459/5171/2202 2488/5230/2202 2605/5442/2202
f 2606/5443/2816 2610/5444/2816 2445/4942/2816
f 2606/5443/2817 2445/4942/2817 2459/5170/2817
f 2605/5445/2818 2711/5446/2818 2606/5443/2818 2459/5170/2818
f 2263/4755/2819 2644/5441/2819 2607/5447/2819 2264/4757/2819
f 2460/5174/2820 2613/5173/2820 2608/5448/2820 2488/5229/2820
f 2488/5229/2821 2608/5448/2821 2609/5449/2821
f 2488/5230/2822 2609/5450/2822 2605/5442/2822
f 2611/5451/2823 2578/5452/2823 2447/4946/2823
f 2611/5451/2824 2447/4946/2824 2461/5175/2824
f 2461/5175/2825 2612/5453/2825 2611/5451/2825
f 2610/5454/2826 2647/5455/2826 2266/4762/2826 2265/4760/2826
f 2266/4762/2827 2647/5455/2827 2613/5456/2827 2267/4764/2827
f 2614/5177/2828 2739/5457/2828 2615/5458/2828 2464/5178/2828
f 2214/4663/2829 2616/5389/2829 2580/5393/2829
f 2466/5181/2830 2617/5459/2830 2492/5241/2830
f 2493/5182/2831 2653/5460/2831 2617/5459/2831 2466/5181/2831
f 2619/5461/2832 2620/5462/2832 2278/4773/2832 2248/4772/2832
f 2294/4823/2833 2410/5463/2833 2621/5193/2833
f 2559/5464/2834 2657/5465/2834 2622/5466/2834 2499/5467/2834
f 2622/5466/2835 2657/5465/2835 2560/5468/2835 2500/5469/2835
f 2623/5470/2836 2723/5471/2836 2587/5472/2836 2569/5473/2836
f 2624/5474/2837 2723/5471/2837 2623/5470/2837
f 2624/5474/2838 2623/5470/2838 2569/5473/2838
f 2625/5475/2839 2628/5476/2839 2516/5283/2839 2509/5477/2839
f 2626/5478/2840 2625/5479/2840 2509/5274/2840 2510/5273/2840
f 2628/5476/2841 2694/5480/2841 2627/5284/2841 2516/5283/2841
f 2629/5481/2842 2571/5482/2842 2515/5483/2842 2627/5484/2842
f 5545/5485/2843 5543/5486/2843 2630/5487/2843
f 2630/5488/2844 5547/5489/2844 5544/4508/2844 5545/4363/2844
f 5546/4369/2845 2746/5490/2845 2631/5491/2845 5543/4370/2845
f 5543/5486/2846 2631/5492/2846 2630/5487/2846
f 2413/5076/2847 2441/5131/2847 2632/5493/2848
f 2413/5035/2849 2632/5494/2849 2572/5379/2849
f 2633/5495/2850 2665/5496/2850 2285/4806/2850 2286/4805/2850
f 2286/4740/2729 2527/5301/2729 2633/5497/2851
f 2285/4806/2852 2665/5496/2852 2634/5498/2852 2289/4809/2852
f 2289/4681/2672 2634/5499/2673 2479/5208/2673
f 2482/5214/2853 2635/5500/2853 2534/5501/2853
f 2553/5215/2854 2709/5502/2854 2635/5500/2854 2482/5214/2854
f 2483/5217/2855 2535/5216/2855 2637/5503/2855
f 2637/5504/2856 2755/5505/2857 2636/5219/2858 2483/5218/2858
f 2431/4933/2859 2636/5219/2859 2576/5110/2859
f 2486/5223/2860 2639/5506/2860 2638/5224/2860
f 2536/5317/2861 2642/5316/2861 2643/5507/2861
f 2536/5169/2862 2643/5508/2863 2600/5436/2864
f 2489/5232/2865 2462/5176/2865 2645/5509/2865
f 2489/5232/2866 2645/5509/2866 2646/5510/2867
f 2489/5233/2868 2646/5511/2869 2577/5386/2870
f 2491/5234/2692 2648/5512/2692 2490/4995/2692
f 2649/5513/2692 2648/5512/2692 2491/5234/2692
f 2649/5514/2783 2491/5235/2783 2579/5391/2783
f 2650/5515/2871 2619/5185/2871 2467/5184/2871 2492/5516/2871
f 2651/5517/2872 2650/5518/2872 2492/5519/2872
f 2651/5520/2873 2492/5241/2873 2617/5459/2873
f 2581/5179/2874 2766/5521/2874 2614/5522/2874 2463/5180/2874
f 2468/4998/2875 2620/5523/2875 2652/5524/2875 2493/5242/2875
f 2493/5242/2876 2652/5524/2876 2653/5525/2876
f 2654/5526/2877 2555/5347/2878 2494/5243/2879
f 2654/5526/2880 2494/5243/2880 2537/5319/2880
f 2470/5192/2881 2655/5527/2881 2497/5248/2881
f 2471/5191/2882 2679/5528/2882 2655/5527/2882 2470/5192/2882
f 2656/5529/2883 2496/5060/2883 2327/5246/2883
f 2656/5530/2884 2327/4885/2885 2308/4884/2886
f 2588/5531/2887 2724/5532/2887 2658/5533/2887 2570/5373/2887
f 2658/5533/2888 2724/5532/2888 2659/5374/2888
f 2658/5533/2889 2659/5374/2889 2570/5373/2889
f 2661/5534/2890 2720/5535/2890 2660/5325/2890 2541/5324/2890
f 2660/5325/2891 2721/5536/2891 2662/5537/2891 2542/5260/2891
f 2589/5410/2892 2745/5538/2892 2626/5478/2892 2510/5273/2892
f 2664/5539/2893 2698/5540/2893 2415/5015/2893 2380/5010/2893
f 2380/5010/2894 2544/5013/2894 2664/5539/2894
f 2550/5302/2895 2703/5541/2895 2666/5542/2895 2528/5303/2895
f 2528/5303/2896 2666/5542/2896 2574/5304/2896
f 2420/5046/2897 2704/5543/2897 2667/5544/2897 2396/5042/2897
f 2396/5042/2898 2667/5544/2898 2552/5047/2898
f 2457/5165/2899 2534/5311/2899 2668/5545/2899
f 2668/5545/2900 2804/5546/2900 2599/5166/2900 2457/5165/2900
f 2535/5314/2901 2669/5313/2901 2670/5547/2901
f 2535/5216/2902 2670/5548/2902 2637/5503/2902
f 2638/5224/2903 2782/5549/2903 2604/5225/2903 2485/5222/2903
f 2607/5227/2904 2783/5550/2904 2642/5316/2904 2487/5050/2904
f 2580/5392/2905 2784/5551/2905 2645/5509/2905 2462/5176/2905
f 2648/5552/2906 2785/5553/2906 2618/5237/2906 2490/5236/2906
f 2495/5245/2907 2675/5554/2907 2671/5555/2907 2537/5318/2907
f 2537/5318/2908 2671/5555/2908 2672/5556/2908
f 2537/5319/2909 2672/5557/2909 2654/5526/2909
f 2557/5322/2910 2719/5558/2911 2673/5559/2912 2539/5323/2910
f 2539/5323/2913 2673/5559/2914 2582/5401/2913
f 2674/5560/2915 2675/5561/2915 2307/4850/2915 2292/4849/2915
f 2307/5562/2916 2675/5563/2916 2495/5564/2916
f 2497/5247/2917 2676/5565/2917 2317/4778/2917
f 2677/5566/2918 2676/5565/2918 2497/5247/2918
f 2677/5567/2919 2497/5248/2919 2655/5527/2919
f 2308/4884/2886 2678/5568/2884 2656/5530/2884
f 2471/5194/2920 2621/5193/2920 2679/5569/2920
f 2676/5565/2921 2815/5570/2921 2374/5004/2921 2317/4778/2921
f 2356/4956/2922 2681/5571/2922 2680/5572/2922 2355/4957/2922
f 2680/5573/2923 2816/5574/2923 2428/4963/2519 2355/4962/2518
f 2430/4969/2924 2793/5575/2924 2681/5576/2924 2356/4970/2924
f 2682/5577/2925 2583/5578/2925 2336/4911/2925 2406/4910/2925
f 2562/5359/2926 2769/5579/2926 2661/5356/2926 2561/5355/2926
f 2685/5580/2927 2687/5581/2927 2683/5582/2927 2684/5583/2927
f 2686/5584/2928 2692/5585/2928 2684/5583/2928 2683/5582/2928
f 2687/5581/2929 2725/5586/2929 2688/5587/2929 2683/5582/2929
f 2683/5588/2930 2688/5589/2930 2689/5590/2930 2686/5591/2930
f 2684/5583/2931 2691/5592/2931 2690/5593/2931 2685/5580/2931
f 2692/5594/2932 2771/5595/2932 2691/5596/2932 2684/5597/2932
f 2693/5598/2933 2726/5599/2933 2687/5581/2933 2685/5580/2933
f 2690/5593/2934 2743/5600/2934 2693/5598/2934 2685/5580/2934
f 2694/5601/2935 2774/5602/2935 2629/5481/2935 2627/5484/2935
f 2520/5293/2936 2695/5292/2936 2696/5603/2936 2521/5604/2936
f 2478/5205/2937 2826/5605/2937 2695/5292/2937 2361/5206/2937
f 2697/5606/2938 2478/5205/2938 2477/5204/2938 2523/5207/2938
f 2699/5607/2939 2701/5608/2939 2548/5331/2939 2545/5330/2939
f 2548/5331/2940 2701/5608/2940 2700/5609/2940 2547/5338/2940
f 2479/5208/574 2634/5499/574 2702/5610/574 2550/5343/574
f 2550/5343/2941 2702/5610/2941 2703/5611/2941
f 2480/5210/2942 2481/5213/2942 2705/5612/2942 2525/5211/2942
f 2706/5613/2943 2833/5614/2943 2481/5213/2943 2365/5212/2943
f 2531/5615/2944 2533/5616/2944 2707/5617/2944 2706/5613/2944
f 2708/5618/2945 2668/5545/2945 2534/5311/2945
f 2708/5619/2946 2534/5501/2946 2635/5500/2946
f 2641/5220/2947 2836/5620/2947 2669/5313/2947 2484/5221/2947
f 2600/5436/2864 2643/5508/2863 2710/5621/2948
f 2600/5436/2949 2710/5621/2949 2639/5437/2949
f 2712/5622/2950 2805/5623/2950 2711/5446/2950
f 2712/5622/2951 2711/5446/2951 2605/5445/2951
f 2646/5624/2952 2761/5625/2952 2713/5626/2952
f 2646/5511/2869 2713/5627/2953 2577/5386/2870
f 2714/5628/2954 2763/5629/2954 2649/5630/2954
f 2714/5631/2955 2649/5514/2955 2579/5391/2955
f 2715/5632/2956 2651/5520/2956 2617/5459/2956
f 2715/5632/2957 2617/5459/2957 2653/5460/2957
f 2555/5346/2958 2716/5633/2958 2538/5099/2958
f 2717/5634/2959 2716/5635/2959 2555/5636/2959
f 2717/5637/2960 2555/5347/2878 2654/5526/2877
f 2496/5060/2961 2656/5529/2961 2718/5638/2961 2557/5348/2961
f 2557/5348/2962 2718/5638/2962 2719/5639/2962
f 2720/5535/2963 2820/5640/2963 2721/5536/2963 2660/5325/2963
f 2723/5641/2964 2794/5642/2964 2722/5409/2964 2587/5408/2964
f 2722/5409/2965 2795/5643/2965 2724/5644/2965 2588/5370/2965
f 2726/5645/2966 2688/5589/2966 2725/5646/2966
f 2726/5599/2967 2725/5586/2967 2687/5581/2967
f 2521/5647/2968 2825/5648/2968 2727/5649/2968 2360/5126/2968
f 2727/5650/2969 2592/5651/2969 2591/5652/2969
f 2727/5649/2970 2591/5127/2970 2360/5126/2970
f 2728/5653/2971 2749/5654/2971 2595/5420/2971 2572/5379/2971
f 2632/5494/2972 2751/5655/2972 2728/5653/2972 2572/5379/2972
f 2597/5335/2973 2698/5423/2973 2729/5656/2973
f 2597/5335/2974 2729/5656/2974 2545/5336/2974
f 2545/5336/2975 2729/5656/2975 2699/5657/2975
f 2730/5658/2976 2633/5497/2976 2527/5301/2976
f 2730/5658/2977 2527/5301/2977 2574/5380/2977
f 2547/5427/2978 2700/5659/2978 2731/5428/2978
f 2732/5660/2979 2730/5658/2979 2574/5380/2979 2666/5661/2979
f 2733/5662/2980 2835/5663/2980 2533/5664/2980 2366/5665/2980
f 2602/5666/2981 2603/5667/2981 2733/5668/2981
f 2602/5666/2982 2733/5668/2982 2366/5669/2982
f 2608/5448/2983 2760/5670/2983 2734/5671/2983
f 2608/5448/2984 2734/5671/2985 2609/5449/2986
f 2734/5671/2987 2838/5672/2987 2735/5673/2987
f 2734/5671/2985 2735/5673/2988 2609/5449/2986
f 2606/5443/2989 2736/5674/2990 2610/5444/2991
f 2711/5446/2992 2805/5623/2992 2736/5674/2990 2606/5443/2989
f 2737/5675/2993 2762/5676/2994 2611/5451/2995
f 2737/5675/2996 2611/5451/2996 2612/5453/2996
f 2738/5677/2997 2839/5678/2997 2737/5675/2997
f 2738/5677/2998 2737/5675/2998 2612/5453/2998
f 2739/5679/2999 2840/5680/2999 2740/5681/2999
f 2739/5457/3000 2740/5682/3000 2615/5458/3000
f 2716/5635/3001 2841/5683/3001 2674/5321/3001 2538/5320/3001
f 2582/5400/3002 2741/5684/3002 2558/5349/3002
f 2742/5685/3003 2741/5684/3003 2582/5400/3003
f 2742/5686/3004 2582/5401/2913 2673/5559/2914
f 2741/5684/3005 2860/5687/3005 2678/5350/3005 2558/5349/3005
f 2690/5688/3006 2691/5689/3006 2743/5690/3006
f 2744/5691/3007 2823/5692/3007 2517/5125/3007 2437/4833/3007
f 2075/4377/3008 3054/5693/3009 2744/5691/3010
f 2075/4377/3011 2744/5691/3011 2437/4833/3011
f 2626/5694/3012 2745/5695/3012 2625/5696/3012
f 5547/5697/3013 2746/5698/3013 5546/5699/3013 5544/5700/3013
f 5544/4508/3014 5547/5489/3014 2193/4677/3014
f 5546/4623/3015 2193/4622/3015 2746/5701/3015
f 2526/5298/3016 2753/5702/3016 2747/5703/3016 2523/5207/3016
f 2523/5207/3017 2747/5703/3017 2697/5606/3017
f 2748/5704/3018 2593/5297/3018 2438/5128/3018 2595/5419/3018
f 2595/5419/3019 2749/5705/3019 2748/5704/3019
f 2441/5131/3020 2596/5300/3020 2750/5706/3020
f 2441/5131/2847 2750/5706/3021 2632/5493/2848
f 2632/5493/3022 2750/5706/3022 2751/5707/3022
f 2752/5708/3023 2753/5702/3023 2526/5298/3023 2525/5211/3023
f 2598/5425/3024 2731/5428/3024 2704/5432/3024
f 2525/5211/3025 2705/5612/3025 2752/5708/3025
f 2754/5709/3026 2777/5710/3026 2708/5619/3026 2635/5500/3026
f 2709/5502/3027 2779/5711/3027 2754/5709/3027 2635/5500/3027
f 2637/5504/2856 2756/5712/3028 2755/5505/2857
f 2757/5713/3029 2782/5549/3029 2638/5224/3029
f 2757/5713/3030 2638/5224/3030 2639/5506/3030
f 2710/5714/3031 2888/5715/3031 2757/5713/3031
f 2710/5714/3032 2757/5713/3032 2639/5506/3032
f 2642/5316/3033 2783/5550/3033 2758/5716/3033 2643/5507/3033
f 2759/5717/3034 2710/5621/3034 2643/5508/3034 2758/5718/3034
f 2608/5448/3035 2613/5173/3035 2760/5670/3035
f 2645/5509/3036 2784/5551/3036 2761/5719/3037
f 2645/5509/2866 2761/5719/2867 2646/5510/2867
f 2611/5451/2995 2762/5676/2994 2578/5452/3038
f 2763/5720/3039 2785/5553/3039 2648/5552/3039 2649/5721/3039
f 2764/5722/3040 2786/5723/3041 2650/5515/3041
f 2764/5724/2872 2650/5518/2872 2651/5517/2872
f 2651/5517/3042 2715/5725/3042 2765/5726/3042 2764/5724/3042
f 2766/5521/3043 2840/5680/3043 2739/5679/3043 2614/5522/3043
f 2652/5727/3044 2787/5728/3044 2767/5729/3044 2653/5730/3044
f 2653/5731/3045 2767/5732/3045 2715/5733/3045
f 2768/5734/3046 2808/5735/3046 2717/5736/3046
f 2768/5737/3047 2717/5637/2960 2654/5526/2877
f 2661/5356/3048 2769/5579/3048 2720/5738/3048
f 2770/5739/3049 2586/5264/3049 2662/5406/3049 2721/5740/3049
f 2772/5741/3050 2743/5690/3050 2691/5689/3050 2771/5742/3050
f 2625/5696/3051 2745/5695/3051 2773/5743/3051 2628/5744/3051
f 2773/5743/3052 2774/5745/3052 2694/5746/3052 2628/5744/3052
f 2666/5542/3053 2775/5747/3053 2732/5748/3053
f 2776/5749/3054 2804/5546/3054 2668/5545/3054 2708/5618/3054
f 2708/5618/3055 2777/5750/3055 2776/5749/3055
f 2778/5751/3056 2641/5383/3056 2576/5382/3056
f 2778/5752/3057 2576/5110/3057 2636/5219/3057
f 2755/5505/3058 2885/5753/3058 2778/5752/3058 2636/5219/3058
f 2670/5547/3059 2669/5313/3059 2780/5754/3059
f 2780/5754/3060 2907/5755/3060 2781/5756/3060
f 2780/5754/3061 2781/5756/3061 2670/5547/3061
f 2736/5757/3062 2806/5758/3062 2647/5455/3062 2610/5454/3062
f 2647/5455/3063 2806/5758/3063 2760/5759/3063 2613/5456/3063
f 2762/5760/3064 2807/5761/3064 2616/5389/3064 2578/5388/3064
f 2616/5389/3065 2807/5761/3065 2784/5762/3065 2580/5393/3065
f 2650/5515/3066 2786/5723/3066 2619/5185/3066
f 2618/5394/3067 2785/5763/3067 2766/5764/3067 2581/5395/3067
f 2652/5727/3068 2620/5765/3068 2787/5728/3068
f 2786/5766/3069 2787/5767/3069 2620/5462/3069 2619/5461/3069
f 2671/5555/3070 2809/5768/3070 2788/5769/3070 2672/5556/3070
f 2788/5770/3071 2910/5771/3072 2789/5772/3073
f 2788/5769/3074 2789/5773/3074 2672/5556/3074
f 2719/5639/3075 2810/5774/3075 2790/5775/3075
f 2719/5558/2911 2790/5776/3076 2673/5559/2912
f 2655/5527/3077 2791/5777/3077 2677/5567/3077
f 2679/5528/3078 2814/5778/3078 2791/5777/3078 2655/5527/3078
f 2410/5068/3079 2374/5067/3079 2792/5779/3079
f 2410/5463/3080 2792/5780/3080 2621/5193/3080
f 2560/5353/3081 2943/5781/3081 2793/5575/3081 2430/4969/3081
f 2794/5642/3082 2863/5782/3082 2795/5643/3082 2722/5409/3082
f 2796/5783/3083 2799/5784/3083 2692/5594/3083 2686/5785/3083
f 2797/5786/3084 2796/5787/3084 2686/5591/3084 2689/5590/3084
f 2688/5589/3085 2726/5645/3085 2798/5788/3085 2689/5590/3085
f 2799/5784/3086 2847/5789/3086 2771/5595/3086 2692/5594/3086
f 2800/5790/3087 2827/5791/3087 2630/5487/3087 2631/5492/3087
f 2631/5491/3088 2746/5490/3088 2800/5792/3088
f 2728/5653/3089 2751/5655/3089 2801/5793/3089
f 2728/5653/3090 2801/5793/3090 2749/5654/3090
f 2702/5610/574 2831/5794/574 2802/5795/574 2703/5611/574
f 2802/5795/3091 2926/5796/3091 2803/5797/3091
f 2802/5795/3092 2803/5797/3092 2703/5611/3092
f 2804/5798/3093 2859/5799/3093 2640/5435/3093 2599/5434/3093
f 2782/5800/3094 2837/5801/3094 2644/5441/3094 2604/5440/3094
f 2644/5441/3095 2837/5801/3095 2783/5802/3095 2607/5447/3095
f 2808/5803/3096 2841/5683/3096 2716/5635/3096 2717/5634/3096
f 2671/5804/3097 2675/5805/3097 2809/5806/3097
f 2718/5638/3098 2844/5807/3099 2810/5774/3100
f 2718/5638/2962 2810/5774/2962 2719/5639/2962
f 2677/5566/3101 2811/5808/3101 2676/5565/3101
f 2812/5809/3102 2811/5808/3102 2677/5566/3102
f 2812/5810/3103 2677/5567/3103 2791/5777/3103
f 2621/5193/3104 2792/5780/3104 2813/5811/3104
f 2621/5193/3105 2813/5811/3105 2679/5569/3105
f 2679/5569/3106 2813/5811/3106 2814/5812/3106
f 2374/5067/3107 2815/5813/3107 2792/5779/3107
f 2681/5571/3108 2845/5814/3108 2817/5815/3108 2680/5572/3108
f 2680/5573/3109 2817/5816/3109 2816/5574/3109
f 2816/5574/3110 2942/5817/3110 2559/5351/3110 2428/4963/3110
f 2075/4605/3111 3011/5818/3111 2682/5819/3111
f 2075/4605/3112 2682/5819/3112 2406/5062/3112
f 2476/5199/3113 2819/5820/3113 2818/5821/3113 2475/5200/3113
f 2818/5821/3114 2913/5822/3114 2562/5258/3114 2475/5200/3114
f 2586/5264/3115 2914/5823/3115 2819/5824/3115 2476/5203/3115
f 2769/5825/3116 2846/5826/3116 2820/5827/3116 2720/5828/3116
f 2820/5827/3117 2846/5826/3117 2770/5829/3117 2721/5830/3117
f 2723/5471/3118 2624/5474/3118 2821/5831/3118 2794/5832/3118
f 2822/5833/3119 2659/5374/3119 2724/5532/3119 2795/5834/3119
f 2823/5835/3120 2952/5836/3120 2663/5288/3120 2517/5287/3120
f 2824/5837/378 2825/5648/378 2521/5647/378 2696/5838/378
f 2826/5605/3121 2953/5839/3121 2696/5603/3121 2695/5292/3121
f 2827/5840/3122 2956/5841/3122 5547/5489/3122 2630/5488/3122
f 2193/5842/3123 5547/5843/3123 2828/5844/3123
f 2193/4622/3124 2828/5845/3124 2746/5701/3124
f 2829/5846/3125 2665/5496/3125 2633/5495/3125
f 2829/5847/3126 2633/5497/3126 2730/5658/3126
f 2830/5848/3127 2829/5847/3127 2730/5658/3127
f 2830/5848/3128 2730/5658/3128 2732/5660/3128
f 2775/5849/3129 2958/5850/3129 2830/5848/3129
f 2775/5849/3130 2830/5848/3130 2732/5660/3130
f 2634/5498/3131 2665/5496/3131 2831/5851/3131
f 2634/5499/3132 2831/5794/3132 2702/5610/3132
f 2832/5852/3133 2858/5853/3133 2777/5750/3133
f 2832/5854/3134 2777/5710/3134 2754/5709/3134
f 2707/5617/3135 2959/5855/3135 2833/5614/3135 2706/5613/3135
f 2533/5664/378 2835/5663/378 2834/5856/378 2707/5857/378
f 2836/5620/3136 2907/5755/3136 2780/5754/3136 2669/5313/3136
f 2734/5671/3137 2760/5670/3137 2838/5672/3137
f 2737/5675/3138 2839/5678/3138 2762/5676/3138
f 2842/5858/3139 2860/5687/3139 2741/5684/3139
f 2842/5858/3003 2741/5684/3003 2742/5685/3003
f 2742/5859/3140 2790/5860/3140 2843/5861/3140 2842/5862/3140
f 2841/5863/3141 2809/5864/3141 2675/5561/3141 2674/5560/3141
f 2718/5638/3098 2656/5529/3142 2844/5807/3099
f 2678/5568/3143 2860/5865/3143 2844/5866/3143 2656/5530/3143
f 2811/5808/3144 2938/5867/3144 2815/5570/3144 2676/5565/3144
f 2681/5576/3145 2793/5575/3145 2845/5868/3145
f 2798/5788/3146 2917/5869/3146 2797/5786/3146 2689/5590/3146
f 2847/5870/3147 2919/5871/3147 2772/5741/3147 2771/5742/3147
f 2511/5277/3148 2571/5377/3148 2848/5872/3149
f 2511/5277/3150 2848/5872/3150 2513/5278/3150
f 2849/5873/3151 2589/5410/3151 2513/5279/3151
f 2849/5874/3152 2513/5278/3152 2848/5872/3152
f 2850/5875/3153 2880/5876/3153 2748/5704/3153
f 2850/5875/3154 2748/5704/3154 2749/5705/3154
f 2851/5877/3155 2850/5875/3155 2749/5705/3155
f 2851/5878/3156 2749/5654/3156 2801/5793/3156
f 2751/5707/3157 2853/5879/3157 2852/5880/3157
f 2751/5655/3158 2852/5881/3158 2801/5793/3158
f 2750/5706/3159 2881/5882/3159 2853/5879/3159 2751/5707/3159
f 2854/5883/3160 2856/5884/3160 2701/5885/3160 2699/5886/3160
f 2701/5885/3161 2856/5884/3161 2855/5887/3161 2700/5888/3161
f 2857/5889/3162 2831/5851/3162 2665/5496/3162
f 2857/5889/3163 2665/5496/3163 2829/5846/3163
f 2858/5853/3164 2906/5890/3164 2776/5749/3164
f 2858/5853/3165 2776/5749/3165 2777/5750/3165
f 2641/5383/3166 2778/5751/3166 2836/5891/3166
f 2567/5364/3113 2862/5892/3113 2861/5893/3113 2566/5365/3113
f 2861/5894/3167 2964/5895/3167 2624/5474/3167 2566/5896/3167
f 2659/5374/3168 2965/5897/3168 2862/5898/3168 2567/5375/3168
f 2821/5899/3169 2897/5900/3169 2863/5901/3169 2794/5902/3169
f 2863/5901/3170 2897/5900/3170 2822/5903/3170 2795/5904/3170
f 2866/5905/3171 2868/5906/3171 2864/5907/3171 2865/5908/3171
f 2867/5909/3172 2873/5910/3172 2865/5908/3172 2864/5907/3172
f 2868/5906/3173 2898/5911/3173 2869/5912/3173 2864/5907/3173
f 2864/5913/3174 2869/5914/3174 2870/5915/3174 2867/5916/3174
f 2865/5908/3175 2872/5917/3175 2871/5918/3175 2866/5905/3175
f 2873/5919/3176 2915/5920/3176 2872/5921/3176 2865/5922/3176
f 2866/5905/3177 2874/5923/3177 2868/5906/3177
f 2871/5918/3178 2900/5924/3178 2874/5923/3178 2866/5905/3178
f 2875/5925/506 2876/5926/506 2435/5412/506 2436/5927/506
f 2876/5926/3179 2921/5928/3179 2590/5411/3179
f 2876/5926/2692 2590/5411/2692 2435/5412/2692
f 2592/5413/3180 2922/5929/3180 2875/5930/3180
f 2592/5413/3181 2875/5930/3181 2436/4735/3181
f 2877/5931/3182 2878/5932/3182 2544/5013/3182 2543/5933/3182
f 2543/5326/3183 2590/5411/3183 2877/5934/3183
f 2878/5932/3184 2989/5935/3184 2664/5539/3184 2544/5013/3184
f 2697/5606/3185 2990/5936/3185 2826/5605/3185 2478/5205/3185
f 2800/5792/3186 2746/5490/3186 2879/5937/3186
f 2800/5790/3187 2879/5938/3187 2827/5791/3187
f 2748/5704/3188 2880/5876/3188 2593/5297/3188
f 2596/5300/3189 2881/5882/3189 2750/5706/3189
f 2594/5417/3190 2902/5939/3190 2881/5940/3190 2596/5421/3190
f 2882/5941/3191 2854/5942/3191 2699/5657/3191 2729/5656/3191
f 2883/5943/3192 2903/5944/3192 2851/5877/3192
f 2883/5945/3193 2851/5878/3193 2801/5793/3193
f 2700/5659/3194 2855/5946/3194 2884/5947/3194 2731/5428/3194
f 2833/5614/3195 2996/5948/3195 2705/5612/3195 2481/5213/3195
f 2756/5712/3196 3010/5949/3196 2885/5753/3196 2755/5505/3196
f 2552/5047/3197 2887/5950/3197 2886/5951/3197 2551/5344/3197
f 2667/5544/3198 2999/5952/3198 2887/5950/3198 2552/5047/3198
f 2757/5713/3199 2888/5715/3199 2782/5549/3199
f 2889/5953/3200 2759/5954/3200 2758/5716/3200
f 2889/5953/3201 2758/5716/3201 2783/5550/3201
f 2551/5344/3202 2886/5951/3202 2601/5438/3202
f 2443/5955/574 2891/5956/574 2890/5957/574 2444/5958/574
f 2601/5438/3203 2932/5959/3204 2891/5960/3205
f 2601/5438/736 2891/5960/736 2443/4746/736
f 2890/5961/3206 2933/5962/3206 2603/5439/3206
f 2890/5961/3207 2603/5439/3207 2444/4747/3207
f 2805/5963/3208 2908/5964/3208 2806/5758/3208 2736/5757/3208
f 2806/5758/3209 2908/5964/3209 2838/5965/3209 2760/5759/3209
f 2761/5719/3037 2784/5551/3036 2892/5966/3037
f 2892/5966/3210 2930/5967/3210 2713/5968/3210 2761/5719/3210
f 2839/5969/3211 2909/5970/3211 2807/5761/3211 2762/5760/3211
f 2807/5761/3212 2909/5970/3212 2892/5971/3212 2784/5762/3212
f 2763/5720/3213 2893/5972/3213 2785/5553/3213
f 2714/5628/3214 2934/5973/3214 2893/5974/3214 2763/5629/3214
f 2764/5722/3215 2765/5975/3215 2894/5976/3215
f 2764/5722/3040 2894/5976/3040 2786/5723/3041
f 2785/5763/3216 2893/5977/3216 2840/5978/3216 2766/5764/3216
f 2767/5729/3217 2787/5728/3217 2895/5979/3217
f 2895/5980/3218 2935/5981/3218 2715/5982/3218 2767/5983/3218
f 2894/5984/3219 2895/5980/3219 2787/5767/3219 2786/5766/3219
f 2791/5777/3220 2896/5985/3220 2812/5810/3220
f 2814/5812/3221 2912/5986/3221 2896/5987/3221
f 2814/5778/3222 2896/5985/3222 2791/5777/3222
f 2868/5906/3223 2874/5923/3223 2899/5988/3223 2898/5911/3223
f 2871/5989/3224 2872/5990/3224 2900/5991/3224
f 2571/5482/3225 2629/5481/3225 2901/5992/3226
f 2571/5377/3148 2901/5993/3149 2848/5872/3149
f 2880/5994/3227 2902/5939/3227 2594/5417/3227 2593/5415/3227
f 2903/5944/3228 2957/5995/3228 2850/5875/3228 2851/5877/3228
f 2853/5879/3229 2994/5996/3229 2904/5997/3229 2852/5880/3229
f 2905/5998/3230 2883/5945/3230 2852/5881/3230
f 2905/5999/3231 2852/5880/3231 2904/5997/3231
f 2776/5749/3232 2906/5890/3232 2804/5546/3232
f 2888/6000/3233 2929/6001/3233 2837/5801/3233 2782/5800/3233
f 2837/5801/3234 2929/6001/3234 2889/6002/3234 2783/5802/3234
f 2788/5770/3071 2809/6003/3235 2910/5771/3072
f 2911/6004/3236 2938/5867/3236 2811/5808/3236
f 2911/6004/3237 2811/5808/3237 2812/5809/3237
f 2896/6005/3238 3031/6006/3238 2911/6004/3238
f 2896/6005/3239 2911/6004/3239 2812/5809/3239
f 2813/5811/3240 2939/6007/3240 2912/5986/3240 2814/5812/3240
f 2913/6008/3241 3040/6009/3241 2769/5579/3241 2562/5359/3241
f 2770/5739/3242 3041/6010/3242 2914/5823/3242 2586/5264/3242
f 2916/6011/3243 2900/5991/3243 2872/5990/3243 2915/6012/3243
f 2797/6013/3244 2917/6014/3244 2796/6015/3244
f 2796/6015/3245 2917/6014/3245 2918/6016/3245 2799/6017/3245
f 2918/6016/3246 2919/6018/3246 2847/6019/3246 2799/6017/3246
f 2875/5930/3247 2922/5929/3247 2920/6020/3247
f 2875/6021/21 2920/6022/21 2876/6023/21
f 2920/6024/3248 2922/6025/3248 2921/6026/3248
f 2920/6027/3249 2921/6028/3249 2876/6029/3249
f 2923/6030/3250 2955/6031/3250 2827/5791/3250 2879/5938/3250
f 2879/5937/3251 2746/5490/3251 2923/6032/3251
f 2924/6033/3252 2882/5941/3252 2729/5656/3252 2698/5423/3252
f 2731/5428/3253 2884/5947/3253 2925/6034/3253 2704/5432/3253
f 2802/5795/3254 2831/5794/3254 2926/5796/3254
f 2906/6035/3255 3000/6036/3255 2859/5799/3255 2804/5798/3255
f 2885/6037/3256 2907/6038/3256 2836/5891/3256 2778/5751/3256
f 2927/6039/3257 2929/6001/3257 2888/6000/3257
f 2927/6040/3258 2888/5715/3258 2710/5714/3258
f 2928/6041/3259 2908/5964/3259 2805/5963/3259 2712/6042/3259
f 2931/6043/3260 2933/5962/3260 2890/5961/3260
f 2931/6044/3261 2890/6045/3261 2891/6046/3261
f 2932/6047/3262 2933/6048/3262 2931/6049/3262
f 2932/5959/3263 2931/6050/3263 2891/5960/3263
f 2808/5803/3264 2936/6051/3264 2841/5683/3264
f 2768/6052/3265 3001/6053/3265 2936/6051/3265 2808/5803/3265
f 2841/5863/3266 2936/6054/3266 2910/6055/3266 2809/5864/3266
f 2844/5866/3267 2860/5865/3267 2937/6056/3267
f 2844/5807/3268 2937/6057/3268 2810/5774/3268
f 2810/5774/3269 2937/6057/3269 2790/5775/3269
f 2792/5779/3270 2815/5813/3270 2939/6058/3270
f 2792/5780/3271 2939/6007/3271 2813/5811/3271
f 2940/6059/3272 2942/5817/3272 2816/5574/3272
f 2940/6059/3273 2816/5574/3274 2817/5816/3275
f 2845/5814/3276 2962/6060/3276 2941/6061/3276 2817/5815/3276
f 2817/5816/3275 2941/6062/3277 2940/6059/3273
f 2793/5575/3278 2943/5781/3279 2944/6063/3280
f 2793/5575/3145 2944/6063/3145 2845/5868/3145
f 2819/5820/3281 2946/6064/3281 2945/6065/3281 2818/5821/3281
f 2945/6065/3282 3037/6066/3282 2913/5822/3282 2818/5821/3282
f 2914/5823/3283 3038/6067/3283 2946/6068/3283 2819/5824/3283
f 2942/6069/3284 2963/6070/3284 2657/5465/3284 2559/5464/3284
f 2657/5465/3285 2963/6070/3285 2943/6071/3285 2560/5468/3285
f 2947/6072/3286 2948/6073/3286 2584/6074/3286 2583/5578/3286
f 2949/6075/3287 2951/6076/3287 2873/6077/3287 2867/5916/3287
f 2950/6078/3288 2949/6075/3288 2867/5916/3288 2870/5915/3288
f 2898/6079/3289 2899/6080/3289 2869/5914/3289
f 2951/6081/3290 3007/6082/3290 2915/5920/3290 2873/5919/3290
f 2952/6083/3291 3085/6084/3291 2075/4605/3291
f 2952/6083/3292 2075/4605/3292 2663/5130/3292
f 2696/5838/3293 2953/6085/3293 2954/6086/3293
f 2954/6086/3294 3149/6087/3294 2824/5837/3294 2696/5838/3294
f 2955/6088/3295 3026/6089/3296 2956/5841/3297 2827/5840/3297
f 2850/5875/3298 2957/5995/3298 2880/5876/3298
f 2830/5848/3127 2958/5850/3127 2829/5847/3127
f 2958/6090/3299 2995/6091/3299 2857/5889/3299 2829/5846/3299
f 2857/5889/3300 2995/6091/3300 2926/6092/3300 2831/5851/3300
f 2707/5857/3301 2960/6093/3301 2959/6094/3301
f 2834/5856/3302 3161/6095/3302 2960/6093/3302 2707/5857/3302
f 2908/5964/3303 2928/6041/3303 2735/6096/3303 2838/5965/3303
f 2738/6097/3304 2930/6098/3304 2909/5970/3304 2839/5969/3304
f 2893/5977/3305 2934/6099/3305 2740/6100/3305 2840/5978/3305
f 2961/6101/3306 2937/6056/3306 2860/5865/3306
f 2961/6102/3307 2860/5687/3307 2842/5858/3307
f 2843/6103/3308 3002/6104/3308 2961/6105/3308
f 2843/6106/3309 2961/6102/3309 2842/5858/3309
f 2815/5813/3310 2938/6107/3310 2939/6058/3310
f 2845/5868/3311 2944/6063/3311 2962/6108/3312
f 2964/5895/3313 3110/6109/3313 2821/5831/3313 2624/5474/3313
f 2822/5833/3314 3112/6110/3314 2965/5897/3314 2659/5374/3314
f 2967/6111/3315 2971/6112/3315 2968/6113/3315 2966/6114/3315
f 2966/6114/3316 2968/6113/3316 2969/6115/3316
f 2966/6114/3317 2969/6115/3317 2970/6116/3317 2967/6111/3317
f 2971/6117/3318 3005/6118/3318 2972/6119/3318 2968/6120/3318
f 2972/6119/3319 3043/6121/3319 2969/6122/3319 2968/6120/3319
f 2973/6123/3320 3006/6124/3320 2971/6125/3320 2967/6126/3320
f 2970/6127/3321 3045/6128/3321 2973/6129/3321 2967/6130/3321
f 2976/6131/5 2978/6132/5 2974/6133/5 2975/6134/5
f 2977/6135/3322 2983/6136/3322 2975/6134/3322 2974/6133/3322
f 2978/6132/3323 2985/6137/3323 2979/6138/3323 2974/6133/3323
f 2974/6139/3324 2979/6140/3324 2980/6141/3324 2977/6142/3324
f 2975/6134/3325 2982/6143/3326 2981/6144/3326 2976/6131/3326
f 2983/6136/3327 3051/6145/3327 2982/6143/3327 2975/6134/3327
f 2984/6146/3328 2986/6147/3328 2978/6132/3328 2976/6131/3328
f 2986/6148/3329 2979/6149/3329 2985/6150/3329
f 2986/6147/3330 2985/6137/3330 2978/6132/3330
f 2981/6144/3331 3020/6151/3331 2984/6146/3331 2976/6131/3331
f 2869/5914/3332 2899/6080/3332 2987/6152/3332 2870/5915/3332
f 2848/5872/3333 2901/5993/3334 2988/6153/3334
f 2848/5872/3335 2988/6153/3335 2849/5874/3335
f 2664/5539/3336 2989/5935/3336 2924/6154/3336 2698/5540/3336
f 2826/5605/3337 2990/5936/3337 2991/6155/3337 2953/5839/3337
f 2746/6156/3338 2993/6157/3338 2992/6158/3338
f 2746/6159/3339 2992/6160/3339 2923/6030/3339
f 5547/5697/3340 3082/6161/3340 2993/6162/3340
f 5547/5697/3341 2993/6162/3341 2746/5698/3341
f 2923/6030/2782 2992/6160/2782 2955/6031/2782
f 2881/5940/3342 2902/5939/3342 2994/6163/3342
f 2881/5882/3343 2994/5996/3343 2853/5879/3343
f 2925/6164/3344 2999/5952/3344 2667/5544/3344 2704/5543/3344
f 2997/6165/3345 2996/5948/3345 2833/5614/3345 2959/5855/3345
f 2998/6166/3346 3000/6036/3346 2906/6035/3346
f 2998/6167/3347 2906/5890/3347 2858/5853/3347
f 2858/5853/3348 2832/5852/3348 2998/6167/3348
f 2929/6001/3349 2927/6039/3349 2759/6168/3349 2889/6002/3349
f 2909/5970/3350 2930/6098/3350 2892/5971/3350
f 2765/6169/3351 2935/5981/3351 2895/5980/3351 2894/5984/3351
f 2937/6056/3352 2961/6101/3352 3002/6170/3352 2790/6171/3352
f 2862/5892/3353 3004/6172/3353 3003/6173/3353 2861/5893/3353
f 3003/6174/3354 3108/6175/3355 2964/5895/3356 2861/5894/3356
f 2965/5897/3357 3111/6176/3357 3004/6177/3357 2862/5898/3357
f 3006/6124/3358 3139/6178/3358 3005/6179/3358 2971/6125/3358
f 3007/6082/3359 3077/6180/3359 2916/6181/3359 2915/5920/3359
f 2589/5410/3360 2849/5873/3360 3008/6182/3360
f 3008/6182/3361 3142/6183/3361 2745/5538/3361 2589/5410/3361
f 3009/6184/3362 3008/6182/3362 2849/5873/3362
f 3009/6185/3335 2849/5874/3335 2988/6153/3335
f 2956/6186/3363 3056/6187/3363 2828/5844/3363 5547/5843/3363
f 2747/5703/3364 3058/6188/3364 2990/5936/3364 2697/5606/3364
f 2957/6189/3365 3028/6190/3365 2902/5939/3365 2880/5994/3365
f 2996/5948/3366 3061/6191/3366 2752/5708/3366 2705/5612/3366
f 3010/6192/3367 2781/6193/3367 2907/6038/3367
f 3010/6192/3368 2907/6038/3368 2885/6037/3368
f 2936/6054/3369 3001/6194/3369 2789/6195/3369 2910/6055/3369
f 3011/6196/3370 2947/6072/3370 2583/5578/3370 2682/5577/3370
f 3013/6197/3371 3016/6198/3371 3014/6199/3371 3012/6200/3371
f 3015/6201/3372 3018/6202/3372 3013/6197/3372 3012/6200/3372
f 3012/6203/3373 3014/6204/3373 3015/6205/3373
f 3017/6206/3374 3046/6207/3374 3016/6198/3374 3013/6197/3374
f 3018/6208/3375 3074/6209/3375 3017/6210/3375
f 3018/6202/3376 3017/6206/3376 3013/6197/3376
f 3016/6211/3377 3047/6212/3377 3019/6213/3377 3014/6214/3377
f 3019/6215/3378 3114/6216/3378 3015/6205/3378 3014/6204/3378
f 2981/6217/3379 2982/6218/3379 3020/6219/3379
f 2987/6152/3380 3076/6220/3380 2950/6078/3380 2870/5915/3380
f 3021/6221/3381 3055/6222/3381 2726/5599/3381 2693/5598/3381
f 2743/5600/3382 3078/6223/3382 3021/6221/3382 2693/5598/3382
f 2901/5992/3226 2629/5481/3225 3022/6224/3383
f 2901/5992/3226 3022/6224/3383 3023/6225/3384
f 2901/5993/3334 3023/6226/3334 2988/6153/3334
f 3024/6227/3385 3025/6228/3385 2955/6031/3385 2992/6160/3385
f 3025/6229/3386 3129/6230/3386 3026/6089/3296 2955/6088/3295
f 2903/5944/3387 2883/5943/3387 3027/6231/3387
f 3027/6232/3388 3028/6190/3388 2957/6189/3388
f 3027/6231/3389 2957/5995/3389 2903/5944/3389
f 2992/6158/3390 2993/6157/3390 3024/6233/3390
f 2902/5939/3391 3028/6190/3391 2994/6163/3391
f 3029/6234/3392 3060/6235/3392 2905/5999/3392 2904/5997/3392
f 2994/6163/3393 3028/6190/3393 3029/6236/3393
f 2994/5996/3394 3029/6234/3394 2904/5997/3394
f 3030/6237/3395 2995/6091/3395 2958/6090/3395
f 3030/6238/3396 2958/5850/3396 2775/5849/3396
f 3031/6239/3397 3032/6240/3397 2938/6107/3397
f 3031/6006/3398 2938/5867/3398 2911/6004/3398
f 2939/6058/3399 2938/6107/3399 3032/6240/3399
f 2939/6058/3400 3032/6240/3400 2912/6241/3400
f 3032/6240/3401 3031/6239/3401 2896/6242/3401
f 3032/6243/3402 2896/5987/3402 2912/5986/3402
f 3033/6244/3403 3035/6245/3403 2940/6059/3403
f 3033/6246/3404 2940/6247/3404 2941/6061/3404
f 2962/6108/3312 3064/6248/3405 3034/6249/3406
f 2962/6060/3407 3034/6250/3407 2941/6061/3407
f 2941/6061/3408 3034/6250/3408 3033/6246/3408
f 2940/6059/3403 3035/6245/3403 2942/5817/3403
f 2946/6064/3409 3039/6251/3410 3036/6252/3411 2945/6065/3409
f 3036/6252/3412 3131/6253/3412 3037/6066/3412 2945/6065/3412
f 3038/6067/3413 3132/6254/3413 3039/6255/3413 2946/6068/3413
f 3037/6256/3414 3166/6257/3414 3040/6009/3414 2913/6008/3414
f 3041/6010/3415 3167/6258/3415 3038/6067/3415 2914/5823/3415
f 3005/6118/3416 3137/6259/3416 3042/6260/3416 2972/6119/3416
f 3042/6260/3417 3137/6259/3417 3043/6121/3417
f 3042/6260/3418 3043/6121/3418 2972/6119/3418
f 3044/6261/3419 3140/6262/3419 3006/6263/3419 2973/6129/3419
f 3045/6128/3420 3140/6262/3420 3044/6261/3420
f 3045/6128/3421 3044/6261/3421 2973/6129/3421
f 3046/6264/3422 3171/6265/3422 3047/6266/3422 3016/6267/3422
f 3048/6268/3423 3052/6269/3423 2983/6270/3423 2977/6142/3423
f 3049/6271/3424 3048/6268/3424 2977/6142/3424 2980/6141/3424
f 2979/6149/3425 2986/6148/3425 3050/6272/3425 2980/6273/3425
f 3052/6274/3426 3124/6275/3426 3051/6276/3426 2983/6277/3426
f 3053/6278/3427 3020/6219/3427 2982/6218/3427 3051/6279/3427
f 3054/6280/3428 3175/6281/3428 2823/6282/3428 2744/6283/3428
f 3055/6284/3429 3188/6285/3430 2798/5788/3431 2726/5645/3431
f 2774/5602/3432 3178/6286/3432 3022/6224/3432 2629/5481/3432
f 2993/6157/3433 3082/6287/3433 3057/6288/3433
f 2993/6157/3434 3057/6288/3434 3024/6233/3434
f 3024/6227/3435 3057/6289/3435 3025/6228/3435
f 2753/5702/3436 3104/6290/3436 3058/6188/3436 2747/5703/3436
f 2854/5883/3437 3083/6291/3437 3059/6292/3437 2856/5884/3437
f 3059/6292/3438 3105/6293/3438 2855/5887/3438 2856/5884/3438
f 3060/6294/3439 3154/6295/3439 3027/6232/3439 2883/6296/3439
f 3061/6191/3440 3104/6290/3440 2753/5702/3440 2752/5708/3440
f 2926/6092/3441 2995/6091/3441 3030/6237/3441 2803/6297/3441
f 3062/6298/3442 3063/6299/3442 2998/6166/3442 2832/6300/3442
f 3063/6301/3443 2779/6302/3443 3000/6303/3443
f 3063/6299/3444 3000/6036/3444 2998/6166/3444
f 2944/6063/3445 3065/6304/3445 3064/6248/3445
f 2944/6063/3311 3064/6248/3405 2962/6108/3312
f 2944/6063/3280 2943/5781/3279 3065/6304/3446
f 3040/6305/3447 3136/6306/3447 2846/5826/3447 2769/5825/3447
f 2846/5826/3448 3136/6306/3448 3041/6307/3448 2770/5829/3448
f 3067/6308/3449 3070/6309/3449 3068/6310/3449 3066/6311/3449
f 3069/6312/3450 3072/6313/3450 3067/6308/3450 3066/6311/3450
f 3066/6311/3451 3068/6310/3451 3069/6312/3451
f 3071/6314/3452 3115/6315/3452 3070/6309/3452 3067/6308/3452
f 3072/6316/3453 3138/6317/3453 3071/6318/3453
f 3072/6313/3454 3071/6314/3454 3067/6308/3454
f 3070/6319/3455 3116/6320/3455 3073/6321/3455 3068/6322/3455
f 3073/6323/3456 3169/6324/3456 3069/6325/3456 3068/6326/3456
f 3074/6209/3457 3170/6327/3457 3046/6328/3457 3017/6210/3457
f 2949/6329/3458 3076/6330/3458 3075/6331/3458 2951/6332/3458
f 2949/6329/3459 2950/6333/3459 3076/6330/3459
f 3075/6331/3460 3077/6334/3460 3007/6335/3460 2951/6332/3460
f 2772/5741/3461 3222/6336/3461 3078/6337/3461 2743/5690/3461
f 2988/6153/3462 3023/6226/3462 3079/6338/3463
f 2988/6153/3464 3079/6338/3464 3009/6185/3464
f 2953/6339/3465 3081/6340/3465 3080/6341/3465 2954/6342/3465
f 2991/6343/3466 3151/6344/3466 3081/6340/3466 2953/6339/3466
f 2882/5941/3467 3153/6345/3467 3083/6346/3467 2854/5942/3467
f 2075/4377/2792 2948/5404/2791 3084/6347/3468
f 3086/6348/3469 3175/6281/3469 3054/6280/3469
f 3086/6349/3470 3054/5693/3009 2075/4377/3008
f 3084/6350/3471 3548/6351/3471 3087/6352/3471
f 3084/6347/3472 3087/6353/3473 2075/4377/3474
f 3085/6354/3475 3489/6355/3475 3088/6356/3475
f 3085/6084/3476 3088/6357/3476 2075/4605/3476
f 3090/6358/3477 3086/6349/3477 2075/4377/3477
f 3090/6358/3478 2075/4377/3478 3089/6359/3478
f 3091/6360/3479 3092/6361/3480 2075/4377/3480
f 3091/6360/3481 2075/4377/3474 3087/6353/3473
f 2075/6362/3482 3095/6363/3482 3093/6364/3482
f 2075/4377/3483 3093/6365/3483 3089/6359/3483
f 3092/6366/3484 4084/6367/3484 3094/6368/3484
f 3092/6361/3480 3094/6369/3485 2075/4377/3480
f 2075/4377/3486 3094/6369/3486 3096/6370/3486
f 3097/6371/3487 3099/6372/3488 2075/4377/3489
f 3097/6371/3490 2075/4377/3490 3096/6370/3490
f 2075/4377/3491 3100/6373/3491 3098/6374/3491
f 2075/4377/3492 3098/6374/3492 3095/6375/3492
f 5548/6376/3493 5549/6377/3494 2075/4377/3489
f 5548/6376/3493 2075/4377/3489 3099/6372/3488
f 2075/4377/3495 3102/6378/3496 3101/6379/3497
f 2075/4377/3495 3101/6379/3497 3100/6373/3498
f 5549/6380/3499 4818/6381/3499 3103/6382/3499
f 5549/6377/3500 3103/6383/3500 2075/4377/3500
f 2075/4377/3501 3103/6383/3501 3102/6378/3501
f 3105/6384/3502 3156/6385/3502 2884/5947/3502 2855/5946/3502
f 3106/6386/3503 3158/6387/3503 2997/6388/3503 2959/6389/3503
f 2959/6389/3504 2960/6390/3504 3107/6391/3504 3106/6386/3504
f 3004/6172/3505 3134/6392/3506 3109/6393/3506 3003/6173/3505
f 3003/6174/3354 3109/6394/3507 3108/6175/3355
f 3035/6395/3508 3135/6396/3508 2963/6070/3508 2942/6069/3508
f 2963/6070/3509 3135/6396/3509 3065/6397/3509 2943/6071/3509
f 3108/6175/3510 3202/6398/3511 3110/6109/3512 2964/5895/3512
f 2965/5897/3513 3112/6110/3514 3111/6176/3515
f 3047/6212/3516 3172/6399/3516 3113/6400/3516 3019/6213/3516
f 3113/6400/3517 3172/6399/3517 3114/6401/3517
f 3113/6400/3518 3114/6401/3518 3019/6213/3518
f 3115/6402/3519 3206/6403/3519 3116/6404/3519 3070/6405/3519
f 3050/6406/3520 3183/6407/3520 3049/6271/3520 2980/6141/3520
f 3118/6408/3521 3122/6409/3521 3119/6410/3521 3117/6411/3521
f 3120/6412/3522 3121/6413/3522 3117/6411/3522 3119/6410/3522
f 3117/6411/3523 3121/6413/3523 3118/6408/3523
f 3122/6414/3524 3173/6415/3524 3123/6416/3524 3119/6417/3524
f 3123/6418/3525 3187/6419/3525 3120/6420/3525 3119/6421/3525
f 3124/6275/3526 3185/6422/3526 3053/6423/3526 3051/6276/3526
f 3125/6424/3527 3142/6183/3528 3008/6182/3528
f 3125/6424/3529 3008/6182/3529 3009/6184/3529
f 3126/6425/3530 3125/6424/3531 3009/6184/3532
f 3126/6426/3464 3009/6185/3464 3079/6338/3464
f 3127/6427/3533 3128/6428/3533 3025/6228/3533 3057/6289/3533
f 3128/6429/3534 3194/6430/3534 3129/6230/3534 3025/6229/3534
f 3057/6288/3535 3082/6287/3535 3127/6431/3535
f 3039/6251/3410 3133/6432/3536 3130/6433/3537 3036/6252/3411
f 3130/6433/3538 3198/6434/3538 3131/6253/3538 3036/6252/3538
f 3132/6254/3539 3199/6435/3539 3133/6436/3539 3039/6255/3539
f 3111/6176/3540 3232/6437/3540 3134/6438/3540 3004/6177/3540
f 3138/6317/3541 3205/6439/3541 3115/6440/3541 3071/6318/3541
f 3139/6178/3542 3203/6441/3542 3137/6442/3542 3005/6179/3542
f 3140/6443/2964 3208/6444/2964 3139/6178/2964 3006/6124/2964
f 3141/6445/3543 3174/6446/3543 3122/6447/3543 3118/6448/3543
f 3121/6449/3544 3219/6450/3544 3141/6445/3544 3118/6448/3544
f 3142/6451/3545 3190/6452/3545 2773/5743/3545 2745/5695/3545
f 3143/6453/3546 3224/6454/3546 2877/5934/3546 2590/5411/3546
f 2921/5928/3547 3362/6455/3547 3143/6453/3547 2590/5411/3547
f 2727/5649/3548 3145/6456/3548 3144/6457/3548 2592/5413/3548
f 3144/6457/3549 3361/6458/3549 2922/5929/3549 2592/5413/3549
f 2825/5648/3550 3193/6459/3550 3145/6456/3550 2727/5649/3550
f 3023/6225/3551 3147/6460/3551 3146/6461/3551
f 3023/6226/3462 3146/6462/3552 3079/6338/3463
f 3022/6224/3553 3178/6286/3553 3147/6460/3553 3023/6225/3553
f 3148/6463/3554 3149/6464/3554 2954/6465/3554 3080/6466/3554
f 3081/6467/325 3151/6468/325 3150/6469/325 3080/6470/325
f 3026/6471/3555 3227/6472/3555 3056/6187/3555 2956/6186/3555
f 2990/6473/3556 3152/6474/3556 2991/6475/3556
f 3058/6476/3557 3247/6477/3557 3152/6474/3557 2990/6473/3557
f 2924/6033/3558 3284/6478/3558 3153/6345/3558 2882/5941/3558
f 3154/6295/3559 3029/6236/3559 3028/6190/3559
f 3154/6295/3560 3028/6190/3560 3027/6232/3560
f 3082/6287/3561 3180/6479/3561 3155/6480/3561
f 3082/6287/3562 3155/6480/3562 3127/6431/3562
f 3155/6481/3563 3194/6482/3563 3128/6483/3563
f 3155/6484/3564 3128/6428/3564 3127/6427/3564
f 3156/6385/3565 3289/6485/3565 2925/6034/3565 2884/5947/3565
f 2996/6486/3566 2997/6487/3566 3157/6488/3566
f 3157/6488/3567 3248/6489/3567 3061/6490/3567 2996/6486/3567
f 3159/6491/325 3158/6492/325 3106/6493/325 3107/6494/325
f 2960/6390/3568 3161/6495/3568 3160/6496/3568 3107/6391/3568
f 3162/6497/3569 3163/6498/3569 2733/5668/3569 2603/5667/3569
f 3163/6499/3570 3196/6500/3570 2835/5663/3570 2733/5662/3570
f 2886/5951/3571 3228/6501/3571 3164/6502/3571 2601/5438/3571
f 3164/6502/3572 3367/6503/3572 2932/5959/3204 2601/5438/3203
f 2933/5962/3573 3366/6504/3573 3162/6505/3573 2603/5439/3573
f 3033/6244/3403 3165/6506/3403 3035/6245/3403
f 3034/6507/3574 3250/6508/3574 3165/6506/3574 3033/6244/3574
f 3131/6509/3575 3230/6510/3575 3166/6257/3575 3037/6256/3575
f 3167/6258/3576 3231/6511/3576 3132/6254/3576 3038/6067/3576
f 3110/6512/3577 3182/6513/3577 2897/5900/3577 2821/5899/3577
f 2897/5900/3578 3182/6513/3578 3112/6514/3578 2822/5903/3578
f 3116/6320/3579 3207/6515/3579 3168/6516/3579 3073/6321/3579
f 3168/6516/3580 3207/6515/3580 3169/6517/3580
f 3168/6516/3581 3169/6517/3581 3073/6321/3581
f 3018/6208/3582 3236/6518/3582 3170/6327/3582 3074/6209/3582
f 3171/6265/3583 3237/6519/3583 3172/6520/3583 3047/6266/3583
f 3170/6521/3584 3235/6522/3584 3171/6265/3584 3046/6264/3584
f 3174/6523/3585 3241/6524/3585 3173/6415/3585 3122/6414/3585
f 3175/6281/3586 3085/6354/3586 2952/6525/3586 2823/6282/3586
f 3176/6526/3587 3220/6527/3587 2899/5988/3587 2874/5923/3587
f 2900/5924/3588 3221/6528/3588 3176/6526/3588 2874/5923/3588
f 3177/6529/3589 3189/6530/3589 3055/6222/3589 3021/6221/3589
f 3021/6221/3590 3078/6223/3590 3177/6529/3590
f 2773/5743/3591 3190/6452/3591 3178/6531/3591 2774/5745/3591
f 3179/6532/3592 3191/6533/3592 3126/6425/3592
f 3179/6534/3593 3126/6426/3593 3079/6338/3593
f 3146/6461/3594 3225/6535/3594 3179/6536/3594
f 3146/6462/3552 3179/6534/3595 3079/6338/3463
f 3029/6236/3596 3154/6295/3596 3060/6294/3596
f 3064/6248/3597 3065/6304/3597 3181/6537/3597
f 3181/6537/3598 3250/6538/3598 3034/6249/3598
f 3181/6537/3599 3034/6249/3599 3064/6248/3599
f 3049/6539/3600 3183/6540/3600 3048/6541/3600
f 3048/6541/3601 3183/6540/3601 3184/6542/3601 3052/6543/3601
f 3184/6542/3602 3185/6544/3602 3124/6545/3602 3052/6543/3602
f 3173/6415/736 3240/6546/736 3186/6547/736 3123/6416/736
f 3186/6548/3603 3240/6549/3603 3187/6419/3603
f 3186/6548/3604 3187/6419/3604 3123/6418/3604
f 3189/6550/3605 3280/6551/3605 3188/6285/3430 3055/6284/3429
f 3126/6425/3530 3191/6533/3530 3125/6424/3531
f 3192/6552/3606 3193/6459/3606 2825/5648/3606 2824/5837/3606
f 3150/6469/3607 3318/6553/3607 3148/6554/3607 3080/6470/3607
f 3152/6555/3608 3244/6556/3608 3151/6557/3608 2991/6558/3608
f 3158/6559/3609 3249/6560/3609 3157/6561/3609 2997/6562/3609
f 3160/6563/3610 3320/6564/3610 3159/6491/3610 3107/6494/3610
f 2835/5663/3611 3196/6500/3611 3195/6565/3611 2834/5856/3611
f 3197/6566/3612 3198/6567/3612 3130/6568/3612
f 3197/6569/3613 3130/6433/3537 3133/6432/3536
f 3199/6435/3614 3292/6570/3614 3197/6571/3614
f 3199/6435/3615 3197/6571/3615 3133/6436/3615
f 3200/6572/3616 3202/6398/3511 3108/6175/3510
f 3200/6572/3617 3108/6175/3618 3109/6394/3619
f 3134/6438/3620 3232/6437/3620 3201/6573/3620
f 3134/6392/3506 3201/6574/3621 3109/6393/3506
f 3109/6394/3619 3201/6575/3622 3200/6572/3617
f 3165/6576/3623 3251/6577/3623 3135/6396/3623 3035/6395/3623
f 3204/6578/3624 3043/6121/3624 3137/6259/3624 3203/6579/3624
f 3072/6316/3625 3262/6580/3625 3205/6439/3625 3138/6317/3625
f 3206/6403/3626 3264/6581/3626 3207/6582/3626 3116/6404/3626
f 3205/6583/3627 3261/6584/3627 3206/6403/3627 3115/6402/3627
f 3208/6444/3628 3253/6585/3628 3203/6441/3628 3139/6178/3628
f 3209/6586/3629 3213/6587/3629 3210/6588/3629 3211/6589/3629
f 3211/6589/3630 3217/6590/3630 3212/6591/3630 3209/6586/3630
f 3214/6592/3631 3215/6593/3631 3209/6586/3631 3212/6591/3631
f 3215/6594/3632 3255/6595/3632 3213/6596/3632 3209/6597/3632
f 3210/6598/3633 3238/6599/3633 3216/6600/3633 3211/6601/3633
f 3211/6601/3634 3216/6600/3634 3217/6602/3634
f 3218/6603/3635 3277/6604/3635 3174/6446/3635 3141/6445/3635
f 3141/6445/3636 3219/6450/3636 3218/6603/3636
f 3220/6605/3637 3310/6606/3637 2987/6152/3637 2899/6080/3637
f 2916/6011/3638 3332/6607/3638 3221/6608/3638 2900/5991/3638
f 3188/6285/3639 3312/6609/3639 2917/5869/3639 2798/5788/3639
f 2919/5871/3640 3313/6610/3640 3222/6336/3640 2772/5741/3640
f 3078/6223/3641 3222/6611/3641 3223/6612/3641 3177/6529/3641
f 3224/6613/3642 3226/6614/3642 2878/5932/3642 2877/5931/3642
f 3147/6460/3643 3283/6615/3643 3225/6535/3643 3146/6461/3643
f 3226/6614/3644 3285/6616/3644 2989/5935/3644 2878/5932/3644
f 3149/6087/3645 3319/6617/3645 3192/6552/3645 2824/5837/3645
f 3129/6618/3646 3245/6619/3646 3227/6472/3646 3026/6471/3646
f 3195/6565/3647 3321/6620/3647 3161/6095/3647 2834/5856/3647
f 2887/5950/3648 3229/6621/3648 3228/6501/3648 2886/5951/3648
f 2999/5952/3649 3290/6622/3649 3229/6621/3649 2887/5950/3649
f 3198/6567/3650 3291/6623/3650 3230/6510/3650 3131/6509/3650
f 3231/6511/3651 3292/6570/3651 3199/6435/3651 3132/6254/3651
f 3135/6396/3652 3251/6577/3652 3181/6624/3652 3065/6397/3652
f 3112/6514/3653 3182/6513/3653 3233/6625/3653
f 3112/6110/3514 3233/6626/3654 3111/6176/3515
f 3233/6626/3655 3322/6627/3655 3232/6437/3655 3111/6176/3655
f 3166/6628/3656 3258/6629/3656 3136/6306/3656 3040/6305/3656
f 3136/6306/3657 3258/6629/3657 3167/6630/3657 3041/6307/3657
f 3140/6262/3658 3045/6128/3658 3234/6631/3658 3208/6632/3658
f 3170/6327/3659 3236/6518/3659 3235/6633/3659
f 3235/6522/3660 3263/6634/3660 3237/6519/3660 3171/6265/3660
f 3213/6635/3661 3256/6636/3661 3238/6637/3661 3210/6638/3661
f 3217/6590/3662 3216/6639/3662 3239/6640/3662 3212/6591/3662
f 3239/6641/3663 3265/6642/3663 3214/6643/3663 3212/6644/3663
f 3241/6524/3664 3308/6645/3664 3240/6546/3664 3173/6415/3664
f 3177/6529/3665 3242/6646/3665 3189/6530/3665
f 3223/6612/3666 3281/6647/3667 3242/6646/3668 3177/6529/3666
f 3125/6424/3527 3243/6648/3527 3142/6183/3528
f 3191/6533/3669 3315/6649/3669 3243/6648/3669 3125/6424/3669
f 3244/6650/325 3383/6651/325 3150/6469/325 3151/6468/325
f 3194/6652/3670 3257/6653/3670 3245/6619/3670 3129/6618/3670
f 3246/6654/3671 3247/6655/3671 3058/6656/3671 3104/6657/3671
f 3061/6658/3672 3248/6659/3672 3246/6654/3672 3104/6657/3672
f 3158/6492/325 3159/6491/325 3249/6660/325
f 3252/6661/3673 3084/6350/3673 2948/6073/3673 2947/6072/3673
f 3253/6662/3674 3305/6663/3674 3204/6664/3674 3203/6665/3674
f 3254/6666/3675 3114/6401/3675 3172/6399/3675
f 3254/6667/3676 3172/6668/3676 3237/6669/3676
f 3255/6595/3677 3353/6670/3677 3256/6671/3677 3213/6596/3677
f 3202/6672/3678 3323/6673/3678 3182/6513/3678 3110/6512/3678
f 2969/6115/3679 3260/6674/3679 3259/6675/3679 2970/6116/3679
f 3043/6121/3680 3403/6676/3680 3260/6677/3680 2969/6122/3680
f 3259/6678/3681 3369/6679/3681 3045/6128/3681 2970/6127/3681
f 3234/6680/3682 3305/6663/3682 3253/6662/3682 3208/6681/3682
f 3205/6439/3683 3262/6580/3683 3261/6682/3683
f 3236/6683/3684 3325/6684/3684 3263/6685/3684 3235/6686/3684
f 3261/6584/3685 3324/6687/3685 3264/6581/3685 3206/6403/3685
f 3265/6688/3686 3255/6595/3686 3215/6594/3686
f 3265/6642/3687 3215/6689/3687 3214/6643/3687
f 3268/6690/3688 3270/6691/3688 3266/6692/3688 3267/6693/3688
f 3269/6694/3689 3275/6695/3689 3267/6693/3689 3266/6692/3689
f 3270/6691/3690 3306/6696/3690 3271/6697/3690 3266/6692/3690
f 3266/6698/3691 3271/6699/3691 3272/6700/3691 3269/6701/3691
f 3267/6693/3692 3274/6702/3692 3273/6703/3692 3268/6690/3692
f 3275/6695/3693 3328/6704/3693 3274/6702/3693 3267/6693/3693
f 3276/6705/3694 3307/6706/3694 3270/6691/3694 3268/6690/3694
f 3273/6703/3695 3327/6707/3695 3276/6705/3695 3268/6690/3695
f 3277/6708/3696 3330/6709/3696 3241/6710/3696 3174/6711/3696
f 3278/6712/3697 3311/6713/3697 3220/6527/3697 3176/6526/3697
f 3221/6528/3698 3333/6714/3699 3278/6712/3700 3176/6526/3698
f 3279/6715/3701 3280/6551/3701 3189/6550/3701
f 3279/6716/3702 3189/6530/3702 3242/6646/3702
f 3223/6717/3703 3222/6336/3704 3282/6718/3703
f 3282/6718/3703 3363/6719/3705 3281/6720/3705 3223/6717/3703
f 3243/6721/3706 3335/6722/3706 3190/6452/3706 3142/6451/3706
f 3147/6460/3707 3178/6286/3707 3283/6615/3707
f 2989/5935/3708 3285/6616/3708 3284/6723/3708 2924/6154/3708
f 3083/6291/3709 3287/6724/3709 3286/6725/3709 3059/6292/3709
f 3083/6346/3710 3153/6345/3710 3287/6726/3710
f 3286/6725/3711 3288/6727/3711 3105/6293/3711 3059/6292/3711
f 3105/6384/3712 3288/6728/3712 3156/6385/3712
f 3289/6729/3713 3290/6622/3713 2999/5952/3713 2925/6164/3713
f 3197/6566/3714 3388/6730/3714 3291/6623/3714 3198/6567/3714
f 3250/6731/3715 3181/6624/3715 3251/6577/3715
f 3250/6731/3716 3251/6577/3716 3165/6576/3716
f 3294/6732/5 3300/6733/5 3295/6734/5 3293/6735/5
f 3293/6735/3717 3299/6736/3717 3296/6737/3717 3294/6732/3717
f 3297/6738/3718 3298/6739/3718 3293/6735/3718 3295/6734/3718
f 3298/6740/3719 3389/6741/3719 3299/6742/3719 3293/6743/3719
f 3301/6744/3720 3295/6734/3720 3300/6733/3720
f 3301/6744/3721 3300/6733/3721 3294/6732/3721
f 3296/6737/3722 3339/6745/3722 3301/6744/3722 3294/6732/3722
f 3295/6734/3723 3301/6744/3723 3302/6746/3723 3297/6738/3723
f 3200/6572/3724 3303/6747/3724 3202/6398/3724
f 3201/6748/3725 3419/6749/3725 3303/6750/3725
f 3201/6575/3726 3303/6747/3726 3200/6572/3726
f 3304/6751/3727 3169/6517/3727 3207/6515/3727 3264/6752/3727
f 3263/6685/3728 3325/6684/3728 3254/6667/3728 3237/6669/3728
f 3307/6753/3729 3271/6754/3729 3306/6755/3729
f 3307/6706/3730 3306/6696/3730 3270/6691/3730
f 3219/6756/3731 3330/6709/3731 3277/6708/3731
f 3219/6756/3732 3277/6708/3732 3218/6757/3732
f 3240/6546/3733 3308/6645/3733 3187/6758/3733
f 3309/6759/3734 3331/6760/3734 2986/6147/3734 2984/6146/3734
f 3020/6151/3735 3358/6761/3735 3309/6759/3735 2984/6146/3735
f 3311/6762/3736 3379/6763/3736 3310/6606/3736 3220/6605/3736
f 3312/6764/3737 3360/6765/3737 2918/6016/3737 2917/6014/3737
f 2918/6016/3738 3360/6765/3738 3313/6766/3738 2919/6018/3738
f 3314/6767/3739 3334/6768/3739 3279/6715/3739
f 3314/6769/3740 3279/6716/3740 3242/6646/3740
f 3242/6646/3668 3281/6647/3667 3314/6769/3741
f 3190/6452/3742 3335/6722/3742 3283/6770/3742 3178/6531/3742
f 3179/6532/3743 3317/6771/3743 3315/6649/3743 3191/6533/3743
f 3316/6772/3744 3317/6773/3744 3179/6536/3744
f 3316/6772/3745 3179/6536/3745 3225/6535/3745
f 3318/6774/3746 3319/6775/3746 3149/6464/3746 3148/6463/3746
f 3161/6776/3747 3321/6777/3747 3320/6778/3747 3160/6779/3747
f 3322/6780/3748 3419/6749/3748 3201/6748/3748
f 3322/6627/3749 3201/6573/3749 3232/6437/3749
f 3230/6781/3750 3368/6782/3750 3258/6629/3750 3166/6628/3750
f 3258/6629/3751 3368/6782/3751 3231/6783/3751 3167/6630/3751
f 3182/6513/3752 3323/6673/3752 3233/6625/3752
f 3262/6784/3753 3374/6785/3753 3324/6687/3753 3261/6584/3753
f 3326/6786/3754 3216/6600/3754 3238/6599/3754
f 3326/6787/3755 3238/6637/3755 3256/6636/3755
f 3274/6702/3756 3327/6707/3756 3273/6703/3756
f 3329/6788/3757 3327/6789/3757 3274/6790/3757 3328/6791/3757
f 3330/6709/3758 3357/6792/3758 3308/6793/3758 3241/6710/3758
f 3331/6794/3759 3445/6795/3759 3050/6272/3759 2986/6148/3759
f 3077/6180/3760 3449/6796/3760 3332/6797/3760 2916/6181/3760
f 3221/6608/3761 3332/6607/3761 3333/6798/3761
f 3280/6551/3762 3412/6799/3762 3312/6609/3762 3188/6285/3762
f 3313/6610/3763 3413/6800/3763 3282/6718/3763 3222/6336/3763
f 3334/6768/3764 3412/6799/3764 3280/6551/3764 3279/6715/3764
f 3336/6801/3765 3480/6802/3765 3287/6726/3765
f 3336/6801/3766 3287/6726/3766 3153/6345/3766
f 3284/6478/3767 3521/6803/3767 3336/6801/3767
f 3284/6478/3768 3336/6801/3768 3153/6345/3768
f 3288/6728/3769 3481/6804/3769 3337/6805/3769
f 3288/6728/3770 3337/6805/3770 3156/6385/3770
f 3337/6805/3771 3527/6806/3771 3289/6485/3771
f 3337/6805/3772 3289/6485/3772 3156/6385/3772
f 3338/6807/3773 3298/6808/3773 3297/6809/3773 3302/6810/3773
f 3299/6742/3774 3390/6811/3774 3340/6812/3774 3296/6813/3774
f 3340/6814/3775 3402/6815/3775 3339/6816/3775 3296/6817/3775
f 3301/6744/3776 3339/6745/3776 3341/6818/3776 3302/6746/3776
f 3341/6819/3777 3342/6820/3777 3338/6807/3777 3302/6810/3777
f 3339/6821/3778 3402/6822/3778 3342/6823/3778 3341/6824/3778
f 3343/6825/3779 3252/6661/3779 2947/6072/3779 3011/6196/3779
f 3345/6826/3780 3349/6827/3780 3346/6828/3780 3344/6829/3780
f 3347/6830/3781 3351/6831/3781 3345/6826/3781 3344/6829/3781
f 3348/6832/3782 3347/6830/3782 3344/6829/3782 3346/6828/3782
f 3350/6833/3783 3372/6834/3783 3349/6827/3783 3345/6826/3783
f 3345/6826/3784 3351/6831/3784 3350/6833/3784
f 3349/6835/3785 3373/6836/3785 3352/6837/3785 3346/6838/3785
f 3352/6839/3786 3423/6840/3786 3348/6841/3786 3346/6842/3786
f 3324/6843/3787 3374/6844/3787 3304/6845/3787 3264/6846/3787
f 3265/6688/3788 3424/6847/3788 3353/6670/3788 3255/6595/3788
f 3354/6848/3789 3356/6849/3789 3275/6850/3789 3269/6701/3789
f 3355/6851/3790 3354/6848/3790 3269/6701/3790 3272/6700/3790
f 3356/6852/689 3407/6853/689 3328/6854/689 3275/6855/689
f 3357/6856/3791 3408/6857/3791 3187/6419/3791 3308/6858/3791
f 3053/6278/3792 3464/6859/3792 3358/6860/3792 3020/6219/3792
f 3310/6606/3793 3448/6861/3793 3076/6220/3793 2987/6152/3793
f 3359/6862/3794 3378/6863/3794 3311/6713/3697 3278/6712/3697
f 3333/6714/3699 3410/6864/3795 3359/6862/3795 3278/6712/3700
f 3361/6865/506 3362/6455/506 2921/5928/506 2922/6866/506
f 3363/6719/3796 3452/6867/3796 3314/6868/3796
f 3363/6719/3797 3314/6868/3797 3281/6720/3797
f 3225/6535/3798 3283/6615/3798 3316/6772/3798
f 3364/6869/3799 3383/6870/3799 3244/6556/3799 3152/6555/3799
f 3247/6477/3800 3416/6871/3800 3364/6872/3800 3152/6474/3800
f 3249/6560/3801 3384/6873/3801 3365/6874/3801 3157/6561/3801
f 3365/6875/3802 3417/6876/3802 3248/6489/3802 3157/6488/3802
f 2932/6877/574 3367/6878/574 3366/6879/574 2933/6880/574
f 3369/6679/3803 3473/6881/3803 3234/6631/3803 3045/6128/3803
f 3015/6201/3804 3371/6882/3804 3370/6883/3804 3018/6202/3804
f 3114/6401/3805 3474/6884/3805 3371/6885/3805 3015/6886/3805
f 3372/6887/3806 3458/6888/3806 3373/6836/3806 3349/6835/3806
f 3375/6889/3807 3326/6787/3807 3256/6636/3807 3353/6890/3807
f 3271/6754/3808 3307/6753/3808 3376/6891/3808 3272/6892/3808
f 3219/6756/3809 3409/6893/3809 3357/6792/3809 3330/6709/3809
f 3377/6894/3810 3219/6895/3810 3121/6896/3810
f 3377/6894/3811 3121/6896/3811 3120/6897/3811
f 3187/6419/3812 3447/6898/3812 3377/6899/3812 3120/6420/3812
f 3378/6900/3813 3450/6901/3813 3379/6763/3813 3311/6762/3813
f 3380/6902/3814 3381/6903/3814 3362/6904/3814
f 3380/6905/3815 3362/6906/3815 3361/6907/3815
f 3381/6908/3816 3508/6909/3816 3143/6453/3816 3362/6455/3816
f 3144/6457/3817 3510/6910/3817 3382/6911/3817 3361/6458/3817
f 3382/6912/3818 3381/6913/3818 3380/6914/3818
f 3382/6911/3819 3380/6915/3819 3361/6458/3819
f 3315/6916/3820 3414/6917/3820 3335/6722/3820 3243/6721/3820
f 3335/6722/3821 3414/6917/3821 3316/6918/3821 3283/6770/3821
f 3159/6491/325 3530/6919/325 3384/6920/325 3249/6660/325
f 3367/6503/3822 3386/6921/3822 3385/6922/3822
f 3367/6923/3823 3385/6924/3823 3366/6925/3823
f 3164/6502/3824 3542/6926/3825 3386/6921/3826 3367/6503/3826
f 3387/6927/3827 3543/6928/3827 3162/6497/3827 3366/6929/3827
f 3385/6930/3828 3386/6931/3828 3387/6932/3828
f 3385/6933/3829 3387/6934/3829 3366/6935/3829
f 3292/6936/3830 3437/6937/3830 3388/6938/3830
f 3292/6939/3831 3388/6940/3831 3197/6941/3831
f 3389/6741/3832 3438/6942/3832 3390/6811/3832 3299/6742/3832
f 3338/6807/3833 3421/6943/3833 3389/6944/3833 3298/6808/3833
f 3392/6945/5 3398/6946/5 3393/6947/5 3391/6948/5
f 3391/6948/3834 3397/6949/3834 3394/6950/3834 3392/6945/3834
f 3395/6951/3835 3396/6952/3835 3391/6948/3835 3393/6947/3835
f 3396/6953/3836 3454/6954/3836 3397/6955/3836 3391/6956/3836
f 3394/6950/3837 3400/6957/3837 3398/6946/3837 3392/6945/3837
f 3398/6946/3838 3400/6957/3838 3399/6958/3838
f 3398/6946/3839 3399/6958/3839 3393/6947/3839
f 3399/6958/3840 3439/6959/3840 3395/6951/3840 3393/6947/3840
f 3303/6750/3841 3419/6749/3841 3323/6673/3841 3202/6672/3841
f 3323/6673/3842 3419/6749/3842 3322/6780/3842 3233/6625/3842
f 3260/6674/3843 3420/6960/3843 3401/6961/3843 3259/6675/3843
f 3401/6962/3844 3470/6963/3844 3369/6679/3844 3259/6678/3844
f 3204/6578/3845 3487/6964/3845 3403/6676/3845 3043/6121/3845
f 3069/6312/3846 3405/6965/3846 3404/6966/3846 3072/6313/3846
f 3169/6517/3805 3488/6967/3805 3405/6968/3805 3069/6969/3805
f 3370/6970/3847 3497/6971/3847 3236/6518/3847 3018/6208/3847
f 3406/6972/3848 3457/6973/3848 3372/6974/3848 3350/6975/3848
f 3351/6976/3849 3457/6973/3849 3406/6972/3849
f 3351/6976/3850 3406/6972/3850 3350/6975/3850
f 3407/6853/3851 3463/6977/3851 3329/6978/3851 3328/6854/3851
f 3409/6979/3852 3490/6980/3852 3408/6981/3852
f 3409/6893/3853 3408/6982/3853 3357/6792/3853
f 3332/6607/3854 3449/6983/3854 3411/6984/3854 3333/6798/3854
f 3333/6798/3855 3411/6984/3855 3410/6985/3855
f 3282/6718/3856 3413/6800/3856 3363/6719/3856
f 3317/6986/3857 3316/6918/3857 3414/6917/3857
f 3317/6986/3858 3414/6917/3858 3315/6916/3858
f 3415/6987/3859 3416/6988/3859 3247/6655/3859 3246/6654/3859
f 3248/6659/3860 3417/6989/3860 3415/6987/3860 3246/6654/3860
f 3340/6814/3861 3418/6990/3861 3402/6815/3861
f 3390/6991/3862 3469/6992/3862 3418/6990/3862 3340/6814/3862
f 3291/6993/3863 3437/6937/3863 3368/6782/3863 3230/6781/3863
f 3368/6782/3864 3437/6937/3864 3292/6936/3864 3231/6783/3864
f 3403/6676/3865 3485/6994/3865 3420/6995/3865 3260/6677/3865
f 3342/6820/3866 3443/6996/3866 3421/6943/3866 3338/6807/3866
f 3404/6997/3867 3570/6998/3867 3262/6580/3867 3072/6316/3867
f 3373/6999/3868 3459/7000/3868 3422/7001/3868 3352/6839/3868
f 3352/6839/3869 3422/7001/3869 3423/6840/3869
f 3353/7002/3870 3424/7003/3870 3375/7004/3870
f 3426/7005/5 3431/7006/5 3427/7007/5 3425/7008/5
f 3425/7008/3871 3428/7009/3871 3426/7005/3871
f 3427/7007/3872 3431/7006/3872 3429/7010/3872
f 3427/7011/3873 3429/7012/3873 3425/7013/3873
f 3430/7014/3874 3444/7015/3874 3428/7016/3874 3425/7017/3874
f 3429/7012/3875 3476/7018/3875 3430/7019/3875 3425/7013/3875
f 3432/7020/3876 3434/7021/3876 3431/7006/3876 3426/7005/3876
f 3433/7022/3877 3432/7020/3877 3426/7005/3877 3428/7009/3877
f 3434/7021/3878 3461/7023/3878 3429/7010/3878 3431/7006/3878
f 3376/7024/3879 3478/7025/3879 3355/6851/3879 3272/6700/3879
f 3435/7026/3880 3446/7027/3880 3331/6760/3880 3309/6759/3880
f 3358/6761/3881 3465/7028/3881 3435/7026/3881 3309/6759/3881
f 3436/7029/3882 3450/6901/3882 3378/6900/3882
f 3436/7030/3883 3378/6863/3883 3359/6862/3883
f 3359/6862/3884 3410/6864/3884 3436/7030/3884
f 3388/6938/3885 3437/6937/3885 3291/6993/3885
f 3421/6943/3886 3472/7031/3886 3438/7032/3886 3389/6944/3886
f 3395/7033/3887 3439/7034/3887 3396/7035/3887
f 3440/7036/3888 3441/7037/3888 3400/7038/3888 3394/7039/3888
f 3397/7040/3889 3468/7041/3889 3440/7036/3889 3394/7039/3889
f 3442/7042/3890 3399/6958/3890 3400/6957/3890
f 3442/7043/3891 3400/7044/3891 3441/7045/3891
f 3402/6822/3892 3455/7046/3892 3443/7047/3892 3342/6823/3892
f 3444/7015/3893 3502/7048/3893 3433/7049/3893 3428/7016/3893
f 3050/6406/3894 3445/7050/3895 3183/6407/3896
f 3446/7051/3897 3504/7052/3897 3445/6795/3897 3331/6794/3897
f 3447/7053/3898 3409/6893/3898 3219/6756/3898 3377/7054/3898
f 3187/6419/3899 3408/6857/3899 3447/6898/3899
f 3448/7055/3900 3479/7056/3900 3075/6331/3900 3076/6330/3900
f 3075/6331/3901 3479/7056/3901 3449/7057/3901 3077/6334/3901
f 3379/6763/3902 3492/7058/3902 3448/6861/3902 3310/6606/3902
f 3412/7059/3903 3467/7060/3903 3360/6765/3903 3312/6764/3903
f 3360/6765/3904 3467/7060/3904 3413/7061/3904 3313/6766/3904
f 3314/6767/3905 3453/7062/3905 3451/7063/3905 3334/6768/3905
f 3451/7064/3906 3467/7060/3906 3412/7059/3906
f 3451/7063/3907 3412/6799/3907 3334/6768/3907
f 3452/7065/3908 3506/7066/3908 3453/7067/3908
f 3452/6867/3909 3453/7068/3909 3314/6868/3909
f 3439/7034/3910 3494/7069/3910 3454/7070/3910 3396/7035/3910
f 3418/6990/3911 3469/6992/3911 3455/7071/3911 3402/6815/3911
f 3011/7072/3912 3456/7073/3912 3343/7074/3912
f 3457/7075/3913 3499/7076/3913 3458/6888/3913 3372/6887/3913
f 3458/6888/3914 3501/7077/3914 3459/7078/3914 3373/6836/3914
f 3432/7079/3915 3477/7080/3915 3460/7081/3915 3434/7082/3915
f 3460/7081/3916 3477/7080/3916 3461/7083/3916
f 3460/7084/3917 3461/7085/3917 3434/7086/3917
f 3354/7087/3918 3462/7088/3918 3356/7089/3918
f 3355/7090/3919 3478/7091/3919 3462/7088/3919 3354/7087/3919
f 3462/7088/3920 3463/7092/3920 3407/7093/3920 3356/7089/3920
f 3464/6859/3921 3564/7094/3921 3465/7095/3921 3358/6860/3921
f 3411/6984/3922 3493/7096/3922 3466/7097/3922
f 3411/6984/3923 3466/7097/3923 3410/6985/3923
f 3466/7097/3924 3566/7098/3924 3436/7099/3924
f 3466/7097/3925 3436/7099/3925 3410/6985/3925
f 3413/7061/3926 3467/7060/3926 3452/7065/3926 3363/7100/3926
f 3454/6954/3927 3494/7101/3927 3468/7102/3927 3397/6955/3927
f 3438/7103/3928 3483/7104/3928 3469/7105/3928 3390/7106/3928
f 3420/6960/3929 3486/7107/3929 3471/7108/3929 3401/6961/3929
f 3471/7109/3930 3545/7110/3930 3470/6963/3930 3401/6962/3930
f 3443/7111/3931 3498/7112/3931 3472/7113/3931 3421/7114/3931
f 3470/6963/3932 3569/7115/3932 3473/6881/3932 3369/6679/3932
f 3254/6666/3933 3608/7116/3933 3474/6884/3933 3114/6401/3933
f 3475/7117/3934 3561/7118/3934 3444/7015/3934 3430/7014/3934
f 3476/7119/3935 3561/7118/3935 3475/7117/3935
f 3476/7018/3936 3475/7120/3936 3430/7019/3936
f 3433/7121/689 3503/7122/689 3477/7080/689 3432/7079/689
f 3185/6422/3937 3576/7123/3937 3464/7124/3937 3053/6423/3937
f 3480/7125/3938 3482/7126/3938 3286/6725/3938 3287/6724/3938
f 3286/6725/3939 3482/7126/3939 3481/7127/3939 3288/6727/3939
f 3472/7113/3940 3498/7112/3940 3483/7104/3940 3438/7103/3940
f 3440/7036/3941 3468/7041/3941 3484/7128/3941 3441/7037/3941
f 3441/7037/3942 3484/7128/3942 3442/7129/3942
f 3485/6994/3943 3568/7130/3943 3486/7131/3943 3420/6995/3943
f 3487/6964/3944 3580/7132/3944 3485/6994/3944 3403/6676/3944
f 3304/6751/3945 3626/7133/3946 3488/6967/3947 3169/6517/3945
f 3459/7000/3948 3549/7134/3948 3423/6840/3948 3422/7001/3948
f 3175/6281/3949 3086/6348/3949 3489/6355/3949
f 3175/6281/3950 3489/6355/3950 3085/6354/3950
f 3490/7135/3951 3409/6893/3951 3447/7053/3951
f 3490/7136/1588 3447/6898/1588 3408/6857/1588
f 3491/7137/3952 3505/7138/3953 3446/7027/3954 3435/7026/3954
f 3465/7028/3955 3563/7139/3955 3491/7137/3955 3435/7026/3955
f 3450/6901/3956 3565/7140/3956 3492/7058/3956 3379/6763/3956
f 3411/6984/3957 3449/6983/3957 3493/7096/3957
f 3483/7104/3958 3498/7112/3958 3455/7141/3958 3469/7105/3958
f 3371/6882/3959 3496/7142/3959 3495/7143/3959 3370/6883/3959
f 3474/6884/3960 3590/7144/3960 3496/7145/3960 3371/6885/3960
f 3495/7146/3961 3592/7147/3961 3497/6971/3961 3370/6970/3961
f 3455/7141/3962 3498/7112/3962 3443/7111/3962
f 3457/6973/3963 3351/6976/3963 3500/7148/3963 3499/7149/3963
f 3499/7076/3964 3581/7150/3964 3501/7077/3964 3458/6888/3964
f 3502/7151/3965 3583/7152/3965 3503/7122/3965 3433/7121/3965
f 3505/7153/3966 3587/7154/3966 3504/7155/3966 3446/7156/3966
f 3506/7066/3967 3452/7065/3967 3467/7060/3967
f 3506/7066/3968 3467/7060/3968 3451/7064/3968
f 3143/6453/3969 3508/6909/3969 3507/7157/3969 3224/6454/3969
f 3509/7158/3970 3510/6910/3970 3144/6457/3970 3145/6456/3970
f 3453/7067/3971 3506/7066/3971 3451/7064/3971
f 3224/6613/3972 3507/7159/3972 3511/7160/3972 3226/6614/3972
f 3193/6459/3973 3512/7161/3973 3509/7158/3973 3145/6456/3973
f 3192/6552/325 3514/7162/325 3512/7161/325 3193/6459/325
f 3513/7163/3974 3514/7162/3974 3192/6552/3974 3319/6617/3974
f 3226/6614/3975 3511/7160/3975 3515/7164/3975 3285/6616/3975
f 3516/7165/3976 3513/7166/3976 3319/6775/3976 3318/6774/3976
f 3150/6469/3977 3519/7167/3977 3516/7168/3977 3318/6553/3977
f 3515/7164/3978 3521/7169/3978 3284/6723/3978 3285/6616/3978
f 3517/7170/325 3518/7171/325 3150/6469/325 3383/6651/325
f 3520/7172/3979 3519/7167/3979 3150/6469/3979 3518/7171/3979
f 3522/7173/3980 3517/7174/3980 3383/6870/3980 3364/6869/3980
f 3523/7175/3981 3522/7176/3981 3364/6872/3981 3416/6871/3981
f 3524/7177/3982 3480/6802/3982 3336/6801/3982 3521/6803/3982
f 3525/7178/3983 3523/7179/3983 3416/6988/3983 3415/6987/3983
f 3417/6989/3984 3526/7180/3984 3525/7178/3984 3415/6987/3984
f 3365/6875/3985 3529/7181/3985 3526/7182/3985 3417/6876/3985
f 3337/6805/3986 3481/6804/3986 3528/7183/3986 3527/6806/3986
f 3384/6873/3987 3530/7184/3987 3529/7185/3987 3365/6874/3987
f 3289/6729/3988 3527/7186/3988 3531/7187/3988 3290/6622/3988
f 3532/7188/3989 3534/7189/3989 3159/6491/3989 3320/6564/3989
f 3159/6491/325 3533/7190/325 3530/6919/325
f 3159/6491/3990 3534/7189/3990 3535/7191/3990 3533/7190/3990
f 3531/7187/3991 3537/7192/3991 3229/6621/3991 3290/6622/3991
f 3321/6777/3992 3536/7193/3992 3532/7194/3992 3320/6778/3992
f 3195/6565/3993 3539/7195/3993 3536/7196/3993 3321/6620/3993
f 3537/7192/3994 3541/7197/3994 3228/6501/3994 3229/6621/3994
f 3538/7198/325 3539/7195/325 3195/6565/325 3196/6500/325
f 3540/7199/3995 3538/7198/3995 3196/6500/3995 3163/6499/3995
f 3541/7197/3996 3542/6926/3825 3164/6502/3824 3228/6501/3996
f 3162/6497/3997 3543/6928/3997 3540/7200/3997 3163/6498/3997
f 3544/7201/3998 3545/7110/3998 3471/7109/3998
f 3544/7202/3999 3471/7108/3999 3486/7107/3999
f 3405/6965/4000 3547/7203/4000 3546/7204/4000 3404/6966/4000
f 3488/6967/4001 3623/7205/4001 3547/7206/4001 3405/6968/4001
f 3252/6661/4002 3593/7207/4002 3548/6351/4002 3084/6350/4002
f 3305/6663/4003 3571/7208/4003 3487/7209/4003 3204/6664/4003
f 3473/7210/4004 3571/7208/4004 3305/6663/4004 3234/6680/4004
f 3459/7211/4005 3501/7212/4005 3549/7213/4005
f 3552/7214/4006 3554/7215/4006 3550/7216/4006 3551/7217/4006
f 3553/7218/4007 3559/7219/4007 3551/7217/4007 3550/7216/4007
f 3554/7215/4008 3572/7220/4008 3555/7221/4008 3550/7216/4008
f 3556/7222/4009 3553/7223/4009 3550/7224/4009 3555/7225/4009
f 3551/7217/4010 3558/7226/4010 3557/7227/4010 3552/7214/4010
f 3559/7219/4011 3582/7228/4011 3558/7226/4011 3551/7217/4011
f 3552/7214/4012 3557/7227/4012 3560/7229/4012
f 3552/7230/4013 3560/7231/4013 3554/7232/4013
f 3561/7118/4014 3584/7233/4014 3502/7048/4014 3444/7015/4014
f 3562/7234/4015 3184/6542/4015 3183/6540/4015
f 3562/7235/4016 3183/6407/3896 3445/7050/3895
f 3504/7155/4017 3620/7236/4017 3562/7235/4017 3445/7050/4017
f 3564/7094/4018 3605/7237/4018 3563/7238/4018 3465/7095/4018
f 3492/7239/4019 3588/7240/4019 3479/7056/4019 3448/7055/4019
f 3479/7056/4020 3588/7240/4020 3493/7241/4020 3449/7057/4020
f 3436/7029/4021 3567/7242/4021 3565/7140/4021 3450/6901/4021
f 3566/7243/4022 3621/7244/4022 3567/7245/4022
f 3566/7098/4023 3567/7246/4023 3436/7099/4023
f 3486/7131/4024 3568/7130/4024 3544/7247/4024
f 3545/7110/4025 3607/7248/4025 3569/7115/4025 3470/6963/4025
f 3546/7249/4026 3635/7250/4026 3570/6998/4026 3404/6997/4026
f 3554/7232/4027 3560/7231/4027 3573/7251/4027 3572/7252/4027
f 3574/7253/4028 3560/7229/4028 3557/7227/4028 3558/7226/4028
f 3575/7254/4029 3461/7255/4029 3477/7256/4029
f 3575/7257/4030 3477/7080/4030 3503/7122/4030
f 3184/6542/4031 3586/7258/4031 3576/7259/4031 3185/6544/4031
f 3577/7260/4032 3587/7261/4032 3505/7262/4032
f 3577/7263/4033 3505/7138/3953 3491/7137/3952
f 3563/7238/4034 3605/7237/4034 3577/7264/4034
f 3563/7139/4035 3577/7263/4035 3491/7137/4035
f 3466/7097/4036 3493/7096/4036 3566/7098/4036
f 3494/7101/4037 3578/7265/4037 3468/7102/4037
f 3439/7266/4038 3579/7267/4038 3578/7268/4038 3494/7269/4038
f 3578/7270/4039 3579/7271/4039 3484/7128/4039 3468/7041/4039
f 3579/7271/4040 3606/7272/4040 3442/7129/4040
f 3579/7271/4041 3442/7129/4041 3484/7128/4041
f 3485/6994/4042 3580/7132/4043 3568/7130/4044
f 3497/7273/4045 3628/7274/4045 3325/6684/4045 3236/6683/4045
f 3500/7275/4046 3601/7276/4046 3581/7277/4046 3499/7278/4046
f 3581/7277/4047 3601/7276/4047 3549/7213/4047 3501/7212/4047
f 3582/7279/4048 3617/7280/4048 3574/7281/4048 3558/7282/4048
f 3584/7233/4049 3630/7283/4049 3583/7284/4049 3502/7048/4049
f 3585/7285/4050 3604/7286/4050 3307/6706/4050 3276/6705/4050
f 3327/6707/4051 3619/7287/4051 3585/7285/4051 3276/6705/4051
f 3184/6542/4052 3562/7234/4052 3586/7258/4052
f 3576/7123/4053 3642/7288/4053 3564/7289/4053 3464/7124/4053
f 3496/7142/4054 3591/7290/4054 3589/7291/4054 3495/7143/4054
f 3590/7144/4055 3633/7292/4055 3591/7293/4055 3496/7145/4055
f 3589/7294/4056 3634/7295/4056 3592/7147/4056 3495/7146/4056
f 3343/7074/4057 3456/7073/4057 3593/7296/4057
f 3343/6825/4058 3593/7207/4058 3252/6661/4058
f 3595/7297/4059 3598/7298/4059 3596/7299/4059 3594/7300/4059
f 3595/7301/4060 3594/7302/4060 3596/7303/4060
f 3595/7297/4061 3596/7299/4061 3597/7304/4061
f 3599/7305/4062 3612/7306/4062 3598/7298/4062 3595/7297/4062
f 3595/7297/4063 3597/7304/4063 3600/7307/4063 3599/7305/4063
f 3572/7252/4064 3573/7251/4064 3555/7308/4064
f 3602/7309/4065 3603/7310/4065 3559/7311/4065 3553/7312/4065
f 3603/7310/4066 3616/7313/4066 3582/7314/4066 3559/7311/4066
f 3503/7315/4067 3583/7316/4067 3575/7317/4067
f 3604/7318/4068 3683/7319/4068 3376/6891/4068 3307/6753/4068
f 3565/7320/4069 3621/7244/4069 3588/7240/4069 3492/7239/4069
f 3588/7240/4070 3621/7244/4070 3566/7243/4070 3493/7241/4070
f 3579/7267/4071 3439/7266/4071 3606/7321/4071
f 3545/7110/4072 3544/7201/4072 3607/7248/4072
f 3608/7116/4073 3666/7322/4073 3590/7144/4073 3474/6884/4073
f 3348/6832/4074 3610/7323/4074 3609/7324/4074 3347/6830/4074
f 3609/7324/4075 3627/7325/4075 3351/6831/4075 3347/6830/4075
f 3423/6840/4076 3709/7326/4076 3610/7327/4076 3348/6841/4076
f 3570/7328/4077 3655/7329/4077 3374/6844/4077 3262/7330/4077
f 3598/7331/4078 3613/7332/4078 3611/7333/4078 3596/7334/4078
f 3611/7335/4079 3657/7336/4079 3597/7337/4079 3596/7338/4079
f 3612/7339/4080 3670/7340/4080 3613/7332/4080 3598/7331/4080
f 3555/7308/4081 3573/7251/4081 3614/7341/4081 3556/7342/4081
f 3615/7343/4082 3602/7344/4082 3553/7223/4082 3556/7222/4082
f 3616/7313/4083 3603/7310/4083 3617/7345/4083
f 3616/7313/4084 3617/7345/4084 3582/7314/4084
f 3561/7118/4085 3476/7119/4085 3618/7346/4085 3584/7233/4085
f 3329/6788/4086 3685/7347/4086 3619/7348/4086 3327/6789/4086
f 3587/7154/4087 3661/7349/4087 3620/7236/4087 3504/7155/4087
f 3567/7245/4088 3621/7244/4088 3565/7320/4088
f 3622/7350/4089 3607/7351/4089 3544/7352/4089
f 3622/7353/4090 3544/7247/4090 3568/7130/4090
f 3580/7354/4091 3652/7355/4091 3622/7350/4091
f 3580/7132/4043 3622/7353/4092 3568/7130/4044
f 3547/7203/4093 3625/7356/4093 3624/7357/4093 3546/7204/4093
f 3623/7358/4094 3703/7359/4094 3625/7356/4094 3547/7203/4094
f 3626/7133/3946 3706/7360/4095 3623/7205/4095 3488/6967/3947
f 3571/7208/4096 3652/7355/4096 3580/7354/4096 3487/7209/4096
f 3569/7361/4097 3652/7355/4097 3571/7208/4097 3473/7210/4097
f 3627/7362/4098 3726/7363/4098 3500/7148/4098 3351/6976/4098
f 3325/6684/4099 3628/7274/4099 3608/7364/4099 3254/6667/4099
f 3629/7365/4100 3669/7366/4100 3612/7367/4100 3599/7368/4100
f 3600/7369/4101 3669/7366/4102 3629/7365/4103
f 3600/7369/4101 3629/7365/4103 3599/7368/4104
f 3630/7370/4105 3659/7371/4105 3575/7372/4105
f 3630/7370/4106 3575/7372/4106 3583/7373/4106
f 3591/7290/4107 3632/7374/4107 3631/7375/4107 3589/7291/4107
f 3633/7292/4108 3650/7376/4108 3632/7377/4108 3591/7293/4108
f 3631/7378/4109 3651/7379/4109 3634/7295/4109 3589/7294/4109
f 3624/7380/4110 3705/7381/4110 3635/7250/4110 3546/7249/4110
f 3637/7382/4111 3639/7383/4111 3638/7384/4111 3636/7385/4111
f 3636/7385/4112 3638/7384/4112 3399/6958/4112
f 3636/7385/4113 3399/6958/4113 3442/7042/4113 3637/7382/4113
f 3639/7386/4114 3654/7387/4114 3640/7388/4114 3638/7389/4114
f 3638/7384/4115 3640/7390/4115 3439/6959/4115 3399/6958/4115
f 3641/7391/4116 3653/7392/4116 3639/7383/4116 3637/7382/4116
f 3442/7042/4117 3667/7393/4117 3641/7391/4117 3637/7382/4117
f 3374/6844/4118 3655/7329/4118 3626/7394/4118 3304/6845/4118
f 3614/7395/4119 3711/7396/4119 3615/7343/4119 3556/7222/4119
f 3618/7397/4120 3659/7398/4120 3630/7399/4120 3584/7400/4120
f 3620/7401/4121 3687/7402/4121 3586/7258/4121 3562/7234/4121
f 3642/7288/4122 3662/7403/4122 3605/7404/4122 3564/7289/4122
f 3643/7405/4123 3518/7406/4123 3517/7174/4123 3522/7173/4123
f 3525/7178/4124 3646/7407/4124 3644/7408/4124 3523/7179/4124
f 3644/7408/4125 3643/7409/4125 3522/7410/4125 3523/7179/4125
f 3645/7411/4126 3646/7407/4126 3525/7178/4126 3526/7180/4126
f 3529/7412/4127 3647/7413/4127 3645/7411/4127 3526/7180/4127
f 3530/7184/4128 3533/7414/4128 3647/7415/4128 3529/7185/4128
f 3632/7374/4107 3649/7416/4107 3648/7417/4107 3631/7375/4107
f 3650/7376/4108 3664/7418/4108 3649/7419/4108 3632/7377/4108
f 3648/7420/4129 3665/7421/4129 3651/7379/4129 3631/7378/4129
f 3653/7422/4130 3728/7423/4130 3654/7424/4130 3639/7425/4130
f 3613/7426/4131 3710/7427/4131 3656/7428/4131 3611/7335/4131
f 3611/7335/4132 3656/7428/4132 3657/7336/4132
f 3216/6639/4133 3714/7429/4133 3658/7430/4133 3239/6640/4133
f 3658/7431/4134 3753/7432/4134 3265/6642/4134 3239/6641/4134
f 3660/7433/4135 3684/7434/4135 3604/7286/4135 3585/7285/4135
f 3619/7287/4136 3686/7435/4136 3660/7433/4136 3585/7285/4136
f 3586/7258/4137 3687/7402/4137 3642/7436/4137 3576/7259/4137
f 3577/7260/4138 3663/7437/4138 3661/7438/4138 3587/7261/4138
f 3662/7439/4139 3663/7440/4139 3577/7264/4139
f 3662/7439/4140 3577/7264/4140 3605/7237/4140
f 3519/7441/4141 3688/7442/4141 3513/7443/4141 3516/7444/4141
f 3536/7445/4142 3689/7446/4142 3534/7447/4142 3532/7448/4142
f 3666/7322/4143 3722/7449/4143 3633/7292/4143 3590/7144/4143
f 3592/7147/4144 3748/7450/4144 3628/7451/4144 3497/6971/4144
f 3668/7452/4145 3727/7453/4145 3653/7422/4145 3641/7454/4145
f 3667/7455/4146 3727/7456/4146 3668/7457/4146
f 3667/7455/4147 3668/7457/4147 3641/7458/4147
f 3669/7459/4148 3730/7460/4148 3670/7340/4148 3612/7339/4148
f 3671/7461/4149 3617/7345/4149 3603/7310/4149 3602/7309/4149
f 3672/7462/4150 3676/7463/4150 3673/7464/4150 3674/7465/4150
f 3674/7466/4151 3680/7467/4151 3675/7468/4151 3672/7469/4151
f 3677/7470/4152 3713/7471/4152 3676/7472/4152 3672/7473/4152
f 3672/7473/4153 3675/7474/4153 3678/7475/4153 3677/7470/4153
f 3679/7476/4154 3680/7477/4154 3674/7465/4154 3673/7464/4154
f 3676/7463/4155 3712/7478/4155 3681/7479/4155 3673/7464/4155
f 3681/7479/4156 3717/7480/4156 3679/7476/4156 3673/7464/4156
f 3461/7023/4157 3733/7481/4157 3682/7482/4157 3429/7010/4157
f 3682/7483/4158 3755/7484/4158 3476/7018/4158 3429/7012/4158
f 3684/7485/4159 3735/7486/4159 3683/7319/4159 3604/7318/4159
f 3685/7347/4160 3737/7487/4160 3686/7488/4160 3619/7348/4160
f 3513/7163/4161 3688/7489/4161 3514/7162/4161
f 3536/7196/4162 3539/7195/4162 3689/7490/4162
f 3691/7491/5 3697/7492/5 3692/7493/5 3690/7494/5
f 3690/7494/4163 3695/7495/4163 3693/7496/4163 3691/7491/4163
f 3694/7497/4164 3696/7498/4164 3690/7494/4164 3692/7493/4164
f 3696/7499/4165 3745/7500/4165 3695/7501/4165 3690/7502/4165
f 3691/7491/4166 3693/7496/4166 3698/7503/4166 3697/7492/4166
f 3697/7492/4167 3701/7504/4167 3699/7505/4167 3692/7493/4167
f 3700/7506/4168 3694/7507/4168 3692/7508/4168 3699/7509/4168
f 3698/7503/4169 3715/7510/4169 3701/7504/4169 3697/7492/4169
f 3625/7356/4170 3704/7511/4170 3702/7512/4170 3624/7357/4170
f 3703/7513/4171 3720/7514/4171 3704/7515/4171 3625/7516/4171
f 3702/7517/4172 3721/7518/4172 3705/7381/4172 3624/7380/4172
f 3706/7360/4173 3778/7519/4173 3703/7513/4173 3623/7205/4173
f 3607/7351/4174 3622/7350/4174 3652/7355/4174 3569/7361/4174
f 3610/7323/4175 3716/7520/4175 3707/7521/4175 3609/7324/4175
f 3707/7521/4176 3725/7522/4177 3627/7325/4178 3609/7324/4178
f 3640/7388/4179 3708/7523/4179 3439/7524/4179
f 3654/7387/325 3729/7525/325 3708/7523/325 3640/7388/325
f 3423/6840/4180 3549/7134/4180 3709/7326/4180
f 3670/7340/4181 3732/7526/4181 3710/7527/4181 3613/7332/4181
f 3615/7528/4182 3711/7529/4182 3671/7530/4182 3602/7531/4182
f 3713/7532/4183 3752/7533/4183 3712/7534/4183 3676/7535/4183
f 3089/7536/4184 3792/7537/4184 3489/6355/4184 3086/6348/4184
f 3326/6786/4185 3806/7538/4185 3714/7539/4185 3216/6600/4185
f 3683/7540/4186 3807/7541/4186 3478/7025/4186 3376/7024/4186
f 3463/6977/4187 3793/7542/4187 3685/7543/4187 3329/6978/4187
f 3701/7544/4188 3715/7545/4188 3699/7546/4188
f 3709/7326/4189 3780/7547/4189 3716/7548/4189 3610/7327/4189
f 3442/7042/4190 3606/7549/4190 3667/7393/4190
f 3710/7427/4191 3782/7550/4191 3657/7336/4191 3656/7428/4191
f 3681/7551/4192 3712/7552/4192 3717/7553/4192
f 3718/7554/4193 3734/7555/4193 3684/7434/4193 3660/7433/4193
f 3686/7435/4194 3736/7556/4194 3718/7554/4194 3660/7433/4194
f 3661/7557/4195 3738/7558/4195 3687/7402/4195 3620/7401/4195
f 3687/7402/4196 3738/7558/4196 3662/7559/4196 3642/7436/4196
f 3695/7560/4197 3745/7561/4197 3698/7562/4197
f 3695/7560/4198 3698/7562/4198 3693/7563/4198
f 3715/7564/4199 3776/7565/4199 3700/7506/4199
f 3715/7545/4200 3700/7566/4200 3699/7546/4200
f 3704/7515/4201 3720/7514/4201 3719/7567/4201
f 3704/7511/4202 3719/7568/4202 3702/7512/4202
f 3719/7569/4203 3851/7570/4203 3721/7518/4203
f 3719/7569/4204 3721/7518/4204 3702/7517/4204
f 3722/7449/4205 3746/7571/4205 3650/7376/4205 3633/7292/4205
f 3723/7572/4206 3091/7573/4206 3087/6352/4206 3548/6351/4206
f 3708/7523/4207 3729/7525/4207 3724/7574/4207 3439/7524/4207
f 3724/7575/4208 3781/7576/4208 3606/7577/4208 3439/7578/4208
f 3725/7579/4209 3800/7580/4209 3726/7363/4209 3627/7362/4209
f 3628/7274/4210 3748/7581/4210 3666/7582/4210 3608/7364/4210
f 3635/7583/4211 3802/7584/4211 3655/7329/4211 3570/7328/4211
f 3728/7585/4212 3822/7586/4212 3729/7525/4212 3654/7387/4212
f 3727/7453/4213 3803/7587/4213 3728/7423/4213 3653/7422/4213
f 3669/7366/4102 3600/7369/4101 3731/7588/4214
f 3669/7366/4215 3731/7588/4215 3730/7589/4215
f 3730/7460/4216 3804/7590/4216 3732/7526/4216 3670/7340/4216
f 3575/7591/4217 3834/7592/4217 3733/7593/4217 3461/7594/4217
f 3734/7595/4218 3795/7596/4218 3735/7486/4218 3684/7485/4218
f 3737/7487/4219 3797/7597/4219 3736/7598/4219 3686/7488/4219
f 3663/7599/4220 3662/7559/4220 3738/7558/4220
f 3663/7599/4221 3738/7558/4221 3661/7557/4221
f 3739/7600/4222 3740/7601/4222 3381/7602/4222
f 3739/7603/368 3381/7604/368 3382/7605/368
f 3381/6908/4223 3740/7606/4223 3508/6909/4223
f 3741/7607/4224 3739/7608/4224 3382/7609/4224
f 3741/7610/4225 3382/7611/4225 3510/7612/4225
f 3456/7613/4226 3744/7614/4226 3387/7615/4226 3386/7616/4226
f 3742/7617/4227 3456/7618/4227 3386/7619/4227
f 3742/7620/4228 3386/7621/4228 3542/7622/4228
f 3387/7623/4229 3744/7624/4229 3743/7625/4229
f 3387/6927/4230 3743/7626/4230 3543/6928/4230
f 3746/7571/4231 3777/7627/4231 3664/7418/4231 3650/7376/4231
f 3716/7520/4232 3779/7628/4232 3747/7629/4232 3707/7521/4232
f 3747/7629/4233 3799/7630/4233 3725/7522/4177 3707/7521/4176
f 3634/7295/4234 3817/7631/4234 3748/7450/4234 3592/7147/4234
f 3749/7632/4235 3783/7633/4235 3713/7471/4235 3677/7470/4235
f 3750/7634/4236 3749/7632/4236 3677/7470/4236 3678/7475/4236
f 3675/7468/4237 3680/7467/4237 3751/7635/4237 3678/7636/4237
f 3752/7533/4238 3829/7637/4238 3717/7638/4238 3712/7534/4238
f 3753/7639/4239 3876/7640/4239 3424/6847/4239 3265/6688/4239
f 3714/7429/4240 3805/7641/4240 3754/7642/4240 3658/7430/4240
f 3754/7643/4241 3844/7644/4241 3753/7432/4241 3658/7431/4241
f 3733/7481/4242 3833/7645/4242 3756/7646/4242 3682/7482/4242
f 3756/7646/4243 3836/7647/4243 3755/7648/4243 3682/7482/4243
f 3757/7649/4244 3794/7650/4244 3734/7555/4244 3718/7554/4244
f 3718/7554/4245 3736/7556/4245 3757/7649/4245
f 3507/7159/4246 3759/7651/4246 3758/7652/4246 3511/7160/4246
f 3507/7157/4247 3508/6909/4247 3759/7653/4247
f 3760/7654/4248 3761/7655/4248 3509/7158/4248 3512/7161/4248
f 3761/7656/4249 3741/7610/4249 3510/7612/4249 3509/7657/4249
f 3762/7658/4250 3760/7654/4250 3512/7161/4250 3514/7162/4250
f 3511/7160/4251 3758/7652/4251 3763/7659/4251 3515/7164/4251
f 3764/7660/4252 3762/7658/4252 3514/7162/4252 3688/7489/4252
f 3763/7659/4253 3524/7661/4253 3521/7169/4253 3515/7164/4253
f 3765/7662/4254 3520/7663/4254 3518/7664/4254 3643/7665/4254
f 3527/7186/4255 3528/7666/4255 3766/7667/4255 3531/7187/4255
f 3533/7668/4256 3535/7669/4256 3767/7670/4256 3647/7671/4256
f 3766/7667/4257 3770/7672/4257 3537/7192/4257 3531/7187/4257
f 3538/7198/4258 3771/7673/4258 3768/7674/4258 3539/7195/4258
f 3539/7195/4259 3768/7674/4259 3769/7675/4259 3689/7490/4259
f 3770/7672/4260 3772/7676/4260 3541/7197/4260 3537/7192/4260
f 3540/7199/4261 3773/7677/4261 3771/7673/4261 3538/7198/4261
f 3772/7676/4262 3742/7678/4262 3542/6926/4262 3541/7197/4262
f 3543/6928/4263 3743/7626/4263 3773/7679/4263 3540/7200/4263
f 3774/7680/4264 3775/7681/4264 3696/7682/4264 3694/7507/4264
f 3775/7683/4265 3814/7684/4265 3745/7500/4265 3696/7499/4265
f 3776/7565/325 3774/7680/325 3694/7507/325 3700/7506/325
f 3778/7519/4266 3815/7685/4266 3720/7514/4266 3703/7513/4266
f 3780/7547/4267 3841/7686/4267 3779/7687/4267 3716/7548/4267
f 3781/7688/4268 3801/7689/4268 3667/7455/4268 3606/7690/4268
f 3655/7329/4269 3802/7584/4269 3706/7691/4269 3626/7394/4269
f 3710/7692/4270 3732/7693/4270 3782/7694/4270
f 3783/7695/4271 3828/7696/4271 3752/7533/4271 3713/7532/4271
f 3784/7697/4272 3787/7698/4272 3785/7699/4272
f 3784/7697/5 3785/7699/5 3786/7700/5
f 3788/7701/4273 3789/7702/4273 3784/7697/4273
f 3788/7701/4274 3784/7697/4274 3786/7700/4274
f 3789/7703/4275 3825/7704/4275 3787/7705/4275 3784/7706/4275
f 3790/7707/4276 3788/7701/4276 3786/7700/4276 3785/7699/4276
f 3787/7708/4277 3827/7709/4277 3791/7710/4277 3785/7711/4277
f 3785/7699/4278 3791/7712/4278 3790/7707/4278
f 3792/7537/4279 3830/7713/4279 3088/6356/4279 3489/6355/4279
f 3755/7484/4280 3864/7714/4280 3618/7715/4280 3476/7018/4280
f 3462/7088/4281 3832/7716/4281 3793/7717/4281 3463/7092/4281
f 3794/7718/4282 3808/7719/4282 3795/7596/4282 3734/7595/4282
f 3736/7598/4283 3797/7597/4283 3796/7720/4284
f 3736/7556/4285 3796/7721/4285 3757/7649/4285
f 3757/7649/4286 3796/7721/4286 3798/7722/4286
f 3757/7649/4287 3798/7722/4287 3794/7650/4287
f 3520/7663/4288 3765/7662/4288 3688/7442/4288 3519/7441/4288
f 3689/7446/4289 3767/7670/4289 3535/7669/4289 3534/7447/4289
f 3799/7723/4290 3853/7724/4290 3800/7580/4290 3725/7579/4290
f 3801/7689/4291 3803/7725/4291 3727/7456/4291 3667/7455/4291
f 3731/7726/4292 3842/7727/4292 3804/7728/4292 3730/7729/4292
f 3804/7728/4293 3842/7727/4293 3782/7694/4293 3732/7693/4293
f 3806/7730/4294 3863/7731/4294 3805/7732/4294 3714/7733/4294
f 3807/7734/4295 3832/7716/4295 3462/7088/4295 3478/7091/4295
f 3735/7735/4296 3865/7736/4296 3807/7541/4296 3683/7540/4296
f 3793/7542/4297 3867/7737/4297 3737/7738/4297 3685/7543/4297
f 3798/7739/4298 3868/7740/4298 3808/7719/4298 3794/7718/4298
f 3809/7741/4299 3868/7742/4299 3798/7743/4299 3796/7720/4299
f 3796/7720/4284 3797/7597/4283 3809/7741/4284
f 3740/7606/4300 3994/7744/4300 3759/7653/4300 3508/6909/4300
f 3644/7408/4301 3837/7745/4301 3810/7746/4301
f 3644/7408/4302 3810/7746/4302 3643/7409/4302
f 3643/7409/4303 3810/7746/4303 3811/7747/4303 3765/7748/4303
f 3812/7749/4304 3838/7750/4304 3645/7411/4304
f 3812/7749/4305 3645/7411/4305 3647/7413/4305
f 3813/7751/4306 3812/7749/4306 3647/7413/4306 3767/7752/4306
f 3814/7753/4307 3869/7754/4307 3698/7562/4307 3745/7561/4307
f 3815/7685/4308 3851/7755/4308 3719/7567/4308
f 3815/7685/4309 3719/7567/4309 3720/7514/4309
f 3779/7687/4310 3841/7686/4310 3816/7756/4310
f 3779/7628/4311 3816/7757/4311 3747/7629/4311
f 3747/7629/4312 3816/7757/4312 3799/7630/4312
f 3651/7379/4313 3840/7758/4313 3817/7631/4313 3634/7295/4313
f 3818/7759/4314 3723/7572/4314 3548/6351/4314 3593/7207/4314
f 3549/7213/4315 3601/7276/4315 3819/7760/4315
f 3549/7134/4180 3819/7761/4180 3709/7326/4180
f 3709/7326/4316 3819/7761/4316 3780/7547/4316
f 3597/7304/4317 3821/7762/4317 3820/7763/4317 3600/7307/4317
f 3657/7336/4318 3884/7764/4318 3821/7765/4318 3597/7337/4318
f 3820/7766/4319 3886/7767/4319 3731/7588/4319 3600/7369/4319
f 3729/7525/4320 3822/7586/4320 3823/7768/4320 3724/7574/4320
f 3803/7769/4321 3854/7770/4321 3822/7771/4321 3728/7772/4321
f 3726/7773/4322 3855/7774/4322 3601/7276/4322 3500/7275/4322
f 3678/7636/4323 3751/7635/4323 3824/7775/4323 3750/7776/4323
f 3788/7777/4324 3846/7778/4324 3826/7779/4324 3789/7780/4324
f 3826/7781/506 3858/7782/506 3825/7704/506 3789/7703/506
f 3825/7783/544 3872/7784/544 3827/7709/544 3787/7708/544
f 3828/7696/4325 3873/7785/4325 3829/7637/4325 3752/7533/4325
f 3827/7709/4326 3847/7786/4326 3790/7787/4326 3791/7710/4326
f 3089/7788/4327 3086/7789/4327 3831/7790/4327
f 3089/6359/4328 3831/7791/4328 3090/6358/4328
f 3834/7592/4329 3866/7792/4329 3833/7793/4329 3733/7593/4329
f 3833/7645/4330 3848/7794/4330 3835/7795/4330 3756/7646/4330
f 3835/7795/4331 3850/7796/4331 3836/7647/4331 3756/7646/4331
f 3688/7489/4332 3765/7748/4332 3764/7660/4332
f 3646/7407/4333 3839/7797/4333 3837/7745/4333 3644/7408/4333
f 3838/7750/4334 3839/7797/4334 3646/7407/4334 3645/7411/4334
f 3689/7490/4332 3769/7675/4332 3767/7752/4332
f 3665/7798/4335 3852/7799/4335 3840/7800/4335 3651/7801/4335
f 3748/7581/4336 3817/7802/4336 3722/7803/4336 3666/7582/4336
f 3705/7804/4337 3882/7805/4337 3802/7584/4337 3635/7583/4337
f 3805/7641/4338 3862/7806/4338 3843/7807/4338 3754/7642/4338
f 3843/7808/4339 3878/7809/4339 3844/7644/4339 3754/7643/4339
f 3845/7810/4340 3846/7778/4340 3788/7777/4340
f 3845/7811/4341 3788/7701/4341 3790/7707/4341
f 3847/7812/4342 3891/7813/4342 3845/7814/4342 3790/7815/4342
f 3849/7816/4343 3850/7796/4343 3835/7795/4343
f 3849/7816/4344 3835/7795/4344 3848/7794/4344
f 3776/7817/4345 3715/7818/4345 3774/7819/4345
f 3816/7820/4346 3910/7821/4346 3853/7724/4346 3799/7723/4346
f 3724/7575/4347 3823/7822/4347 3781/7576/4347
f 3854/7770/4348 3871/7823/4348 3823/7824/4348 3822/7771/4348
f 3801/7825/4349 3871/7823/4349 3854/7770/4349 3803/7769/4349
f 3601/7276/4350 3855/7774/4350 3819/7760/4350
f 3749/7826/4351 3856/7827/4351 3783/7828/4351
f 3750/7634/4352 3824/7829/4352 3856/7830/4352 3749/7632/4352
f 3783/7828/4353 3856/7827/4353 3857/7831/4353 3828/7832/4353
f 3826/7779/4354 3846/7778/4354 3859/7833/4354
f 3859/7834/4355 3888/7835/4355 3858/7782/4355 3826/7781/4355
f 3574/7253/4356 3875/7836/4356 3860/7837/4356 3560/7229/4356
f 3560/7229/4357 3860/7837/4357 3861/7838/4357 3573/7839/4357
f 3375/6889/4358 3956/7840/4358 3806/7730/4358 3326/6787/4358
f 3863/7731/4359 3894/7841/4359 3862/7842/4359 3805/7732/4359
f 3836/7843/4360 3897/7844/4360 3864/7714/4360 3755/7484/4360
f 3795/7845/4361 3898/7846/4361 3865/7736/4361 3735/7735/4361
f 3866/7792/4362 3879/7847/4362 3848/7848/4362 3833/7793/4362
f 3867/7737/4363 3899/7849/4363 3797/7850/4363 3737/7738/4363
f 3811/7747/4364 3998/7851/4364 3764/7660/4364 3765/7748/4364
f 3769/7675/4365 4007/7852/4365 3813/7751/4365 3767/7752/4365
f 3814/7853/4366 3775/7854/4366 3869/7855/4366
f 3774/7819/4367 3715/7818/4367 3869/7855/4367 3775/7854/4367
f 3870/7856/4368 3901/7857/4368 3841/7686/4368 3780/7547/4368
f 3819/7760/4369 3855/7774/4369 3870/7858/4369
f 3819/7761/4370 3870/7856/4370 3780/7547/4370
f 3802/7584/4371 3882/7805/4371 3778/7859/4371 3706/7691/4371
f 3858/7782/4372 3930/7860/4372 3872/7861/4372 3825/7704/4372
f 3828/7832/4373 3857/7831/4373 3873/7862/4373
f 3827/7709/4374 3874/7863/4374 3847/7786/4374
f 3872/7784/4375 3902/7864/4375 3874/7863/4375 3827/7709/4375
f 3617/7280/4376 3954/7865/4376 3875/7866/4376 3574/7281/4376
f 3844/7867/4377 3957/7868/4377 3876/7869/4377 3753/7870/4377
f 3659/7398/4378 3931/7871/4378 3834/7872/4378 3575/7873/4378
f 3862/7806/4379 3893/7874/4380 3877/7875/4381 3843/7807/4379
f 3877/7876/4382 3896/7877/4382 3878/7809/4382 3843/7808/4382
f 3879/7847/4383 3881/7878/4383 3849/7879/4383 3848/7848/4383
f 3849/7880/4384 3881/7881/4384 3880/7882/4384 3850/7883/4384
f 3817/7802/4385 3840/7800/4386 3746/7884/4387 3722/7803/4385
f 3721/7885/4388 3900/7886/4388 3882/7805/4388 3705/7804/4388
f 3821/7762/4389 3885/7887/4389 3883/7888/4389 3820/7763/4389
f 3884/7764/4390 3947/7889/4390 3885/7890/4390 3821/7765/4390
f 3883/7891/4391 3949/7892/4391 3886/7767/4391 3820/7766/4391
f 3887/7893/4392 3614/7341/4392 3573/7251/4392 3861/7894/4392
f 3846/7778/4393 3903/7895/4393 3888/7896/4393 3859/7833/4393
f 3679/7476/4394 3889/7897/4394 3680/7477/4394
f 3890/7898/4395 3889/7897/4395 3679/7476/4395
f 3890/7898/4396 3679/7476/4397 3717/7480/4398
f 3874/7863/4399 3902/7864/4399 3892/7899/4399
f 3874/7863/4400 3892/7899/4400 3847/7786/4400
f 3892/7900/4401 3958/7901/4401 3891/7813/4401 3847/7812/4401
f 3891/7902/4402 3903/7903/4402 3846/7904/4402 3845/7905/4402
f 3894/7841/4403 3905/7906/4403 3893/7907/4403 3862/7842/4403
f 3877/7875/4381 3893/7874/4380 3895/7908/4404
f 3895/7909/4405 3907/7910/4405 3896/7877/4405 3877/7876/4405
f 3865/7911/4406 3932/7912/4406 3832/7716/4406 3807/7734/4406
f 3850/7883/4407 3880/7882/4407 3897/7844/4407 3836/7843/4407
f 3832/7716/4408 3932/7912/4408 3867/7913/4408 3793/7717/4408
f 3795/7845/4409 3808/7914/4409 3898/7846/4409
f 3899/7849/4410 3909/7915/4410 3809/7916/4410 3797/7850/4410
f 3851/7917/4411 3815/7918/4411 3900/7886/4411
f 3851/7917/4412 3900/7886/4412 3721/7885/4412
f 3840/7800/4386 3852/7799/4413 3777/7919/4413 3746/7884/4387
f 3901/7857/4414 3910/7920/4414 3816/7756/4414 3841/7686/4414
f 3456/7073/4415 3744/7921/4415 3818/7922/4415 3593/7296/4415
f 3782/7550/4416 3976/7923/4416 3884/7764/4416 3657/7336/4416
f 3800/7924/4417 3966/7925/4417 3855/7774/4417 3726/7773/4417
f 3889/7926/4418 3969/7927/4418 3751/7635/4418 3680/7467/4418
f 3876/7869/4419 3956/7928/4419 3375/7004/4419 3424/7003/4419
f 3864/7929/4420 3931/7871/4420 3659/7398/4420 3618/7397/4420
f 3904/7930/4421 3906/7931/4421 3895/7908/4404 3893/7874/4380
f 3905/7906/4422 3933/7932/4422 3904/7933/4422 3893/7907/4422
f 3906/7934/4423 3934/7935/4423 3907/7910/4423 3895/7909/4423
f 3868/7936/4424 3909/7937/4424 3908/7938/4424
f 3868/7740/4425 3908/7939/4425 3808/7719/4425
f 3908/7938/4426 3982/7940/4426 3898/7941/4426
f 3908/7939/4427 3898/7942/4427 3808/7719/4427
f 3809/7741/4428 3909/7943/4428 3868/7742/4428
f 3912/7944/4429 3916/7945/4429 3913/7946/4429 3911/7947/4429
f 3914/7948/4430 3918/7949/4430 3912/7944/4430 3911/7947/4430
f 3911/7947/4431 3913/7946/4431 3915/7950/4431
f 3915/7951/4432 3964/7952/4432 3914/7953/4432
f 3915/7950/4433 3914/7948/4433 3911/7947/4433
f 3917/7954/4434 3948/7955/4434 3916/7945/4434 3912/7944/4434
f 3918/7956/4435 3948/7957/4435 3917/7958/4435
f 3918/7949/4436 3917/7954/4436 3912/7944/4436
f 3916/7959/4437 3950/7960/4437 3919/7961/4437 3913/7962/4437
f 3919/7963/4438 3964/7964/4438 3915/7965/4438 3913/7966/4438
f 3882/7805/4439 3900/7886/4439 3815/7918/4439 3778/7859/4439
f 3920/7967/4440 3871/7823/4440 3801/7825/4440
f 3920/7968/4441 3801/7689/4441 3781/7688/4441
f 3823/7824/4442 3871/7823/4442 3920/7967/4442
f 3823/7822/4443 3920/7969/4443 3781/7576/4443
f 3922/7970/3449 3926/7971/3449 3923/7972/3449 3921/7973/3449
f 3924/7974/4444 3928/7975/4444 3922/7970/4444 3921/7973/4444
f 3925/7976/4445 3924/7974/4445 3921/7973/4445
f 3925/7976/4446 3921/7973/4446 3923/7972/4446
f 3927/7977/4447 3952/7978/4447 3926/7979/4447 3922/7980/4447
f 3928/7981/4448 3965/7982/4448 3927/7983/4448
f 3928/7975/4449 3927/7984/4449 3922/7970/4449
f 3929/7985/4450 3951/7986/4450 3925/7987/4450 3923/7988/4450
f 3926/7979/4451 3953/7989/4451 3929/7990/4451 3923/7991/4451
f 3888/7992/4452 3967/7993/4452 3930/7994/4452 3858/7995/4452
f 3930/7994/4453 3968/7996/4453 3902/7997/4453 3872/7998/4453
f 3936/7999/4454 3941/8000/4454 3937/8001/4454 3935/8002/4454
f 3935/8002/4455 3940/8003/4455 3938/8004/4455 3936/7999/4455
f 3939/8005/4456 3940/8003/4456 3935/8002/4456 3937/8001/4456
f 3942/8006/4457 3960/8007/4457 3941/8000/4457 3936/7999/4457
f 3936/7999/4458 3938/8004/4458 3942/8006/4458
f 3941/8000/4459 3961/8008/4459 3943/8009/4459 3937/8001/4459
f 3937/8010/4460 3943/8011/4460 3939/8012/4460
f 3944/8013/4461 3092/6366/4461 3091/8014/4461 3723/8015/4461
f 3885/7887/4462 3946/8016/4462 3945/8017/4462 3883/7888/4462
f 3947/7889/4463 3975/8018/4463 3946/8019/4463 3885/7890/4463
f 3945/8020/4464 3963/8021/4464 3949/7892/4464 3883/7891/4464
f 3948/8022/4465 3988/8023/4465 3950/7960/4465 3916/7959/4465
f 3951/8024/4466 3978/8025/4466 3924/8026/4466 3925/8027/4466
f 3952/7978/4467 4019/8028/4467 3953/7989/4467 3926/7979/4467
f 3093/8029/4468 4020/8030/4468 3792/7537/4468 3089/7536/4468
f 3717/7480/4398 3955/8031/4396 3890/7898/4396
f 3829/7637/4469 4023/8032/4469 3955/8033/4469 3717/7638/4469
f 3878/8034/4470 3980/8035/4470 3957/7868/4470 3844/7867/4470
f 3902/7864/4471 3968/8036/4471 3958/8037/4471 3892/7899/4471
f 3958/8038/4472 3972/8039/4472 3903/7903/4472 3891/7902/4472
f 3931/7871/4473 3981/8040/4473 3866/8041/4473 3834/7872/4473
f 3932/7912/4474 3982/7940/4474 3899/8042/4474 3867/7913/4474
f 3959/8043/4475 3880/8044/4475 3881/8045/4475
f 3959/8043/4476 3881/8045/4476 3879/8046/4476
f 3942/8006/4477 3938/8004/4477 5550/8047/4477
f 3942/8006/4478 5550/8047/4478 3960/8007/4478
f 3960/8048/4479 4013/8049/4479 3961/8050/4479 3941/8051/4479
f 3945/8017/4480 3946/8016/4480 3962/8052/4480
f 3962/8053/4481 4012/8054/4481 3963/8055/4481
f 3962/8056/4482 3963/8021/4482 3945/8020/4482
f 3965/7982/4483 4018/8057/4483 3952/8058/4483
f 3965/7982/4483 3952/8058/4483 3927/7983/4483
f 3855/7774/4484 3966/7925/4484 3870/7858/4484
f 3903/7903/4485 3972/8039/4485 3967/7993/4485 3888/7992/4485
f 3671/7461/4486 4021/8059/4486 3954/8060/4486 3617/7345/4486
f 3969/7927/4487 4037/8061/4487 3824/7775/4487 3751/7635/4487
f 3890/7898/4488 3971/8062/4488 3970/8063/4488 3889/7897/4488
f 3970/8064/4489 4025/8065/4489 3969/7927/4489 3889/7926/4489
f 3955/8031/4490 4022/8066/4490 3971/8062/4490 3890/7898/4490
f 3956/7840/4491 4027/8067/4491 3863/7731/4491 3806/7730/4491
f 3898/7941/4492 3982/7940/4492 3932/7912/4492 3865/7911/4492
f 3973/8068/4493 4031/8069/4493 3715/7510/4493 3698/7503/4493
f 3698/7562/4494 3869/7754/4494 3973/8070/4494
f 3939/8012/4495 3983/8071/4495 3974/8072/4495 3940/8073/4495
f 3974/8074/4496 4030/8075/4496 3938/8076/4496 3940/8077/4496
f 3975/8018/4497 4012/8078/4497 3962/8079/4497 3946/8019/4497
f 3853/8080/4498 3984/8081/4498 3966/7925/4498 3800/7924/4498
f 3976/7923/4499 4033/8082/4499 3947/7889/4499 3884/7764/4499
f 3929/7985/4500 3990/8083/4500 3977/8084/4500 3951/7986/4500
f 3951/8024/4501 3977/8085/4501 3978/8025/4501
f 3886/8086/4502 4035/8087/4502 3842/7727/4502 3731/7726/4502
f 3967/7993/4503 3991/8088/4503 3968/7996/4503 3930/7994/4503
f 3887/7893/4504 3979/8089/4504 3614/7341/4504
f 3896/7877/4505 3992/8090/4505 3980/8091/4505 3878/7809/4505
f 3897/8092/4506 3981/8040/4506 3931/7871/4506 3864/7929/4506
f 3981/8040/4507 3959/8043/4507 3879/8046/4507 3866/8041/4507
f 3982/7940/4508 3908/7938/4508 3909/7937/4508 3899/8042/4508
f 3943/8011/4509 4015/8093/4509 3983/8071/4509 3939/8012/4509
f 3910/8094/4510 3901/8095/4510 3984/8081/4510
f 3910/8094/4511 3984/8081/4511 3853/8080/4511
f 3919/7963/4512 3987/8096/4512 3985/8097/4512 3964/7964/4512
f 3986/8098/4513 3914/7953/4513 3964/7952/4513 3985/8099/4513
f 3950/8100/4514 4017/8101/4514 3987/8096/4514 3919/7963/4514
f 3948/7957/4515 3918/7956/4515 3989/8102/4515 3988/8103/4515
f 3953/8104/4516 4036/8105/4516 3990/8083/4516 3929/7985/4516
f 3972/8039/4517 3958/8038/4517 3991/8088/4517 3967/7993/4517
f 3968/7996/4518 3991/8088/4518 3958/8038/4518
f 3907/7910/4519 4028/8106/4519 3992/8090/4519 3896/7877/4519
f 3759/7651/4520 3994/8107/4520 3993/8108/4520 3758/7652/4520
f 3760/7654/4521 3762/7658/4521 3995/8109/4521
f 3760/7654/4522 3995/8109/4522 3761/7655/4522
f 3761/7656/4523 3996/8110/4523 3741/7610/4523
f 3995/8109/4524 4172/8111/4524 3996/8112/4524 3761/7655/4524
f 3758/7652/4525 3993/8108/4525 3997/8113/4525 3763/7659/4525
f 3998/7851/4526 3995/8109/4526 3762/7658/4526 3764/7660/4526
f 3763/7659/4527 3997/8113/4527 3999/8114/4527 3524/7661/4527
f 3837/7745/4528 4001/8115/4528 4000/8116/4528 3810/7746/4528
f 3810/7746/4124 4000/8116/4124 3811/7747/4124
f 3999/8117/4529 4005/8118/4529 3480/8119/4529
f 3999/8120/4530 3480/6802/4530 3524/7177/4530
f 3839/7797/4531 4003/8121/4531 4001/8115/4531 3837/7745/4531
f 4002/8122/4532 4003/8121/4532 3839/7797/4532 3838/7750/4532
f 4004/8123/4533 4002/8122/4533 3838/7750/4533 3812/7749/4533
f 4005/8124/4534 4006/8125/4534 3766/7667/4534 3528/7666/4534
f 3481/8126/4535 3482/8127/4536 4005/8118/4537
f 3481/6804/4538 4005/8128/4538 3528/7183/4538
f 3812/7749/4126 3813/7751/4126 4004/8123/4126
f 4006/8125/4539 4010/8129/4539 3770/7672/4539 3766/7667/4539
f 3768/7674/4540 4008/8130/4540 4007/7852/4540 3769/7675/4540
f 3771/7673/4541 3773/7677/4541 4008/8130/4541
f 3771/7673/4542 4008/8130/4542 3768/7674/4542
f 3770/7672/4543 4010/8129/4543 4009/8131/4543 3772/7676/4543
f 3772/8132/4544 4009/8133/4544 3742/8134/4544
f 3743/7626/4545 4059/8135/4545 4011/8136/4545
f 3743/7626/4546 4011/8136/4546 3773/7679/4546
f 4011/8136/4547 4184/8137/4547 4008/8138/4547 3773/7679/4547
f 3960/8007/4548 5550/8047/4548 4014/8139/4548
f 3960/8048/4549 4014/8140/4549 4013/8049/4549
f 3961/8050/4550 4032/8141/4550 4015/8142/4550 3943/8143/4550
f 4016/8144/4551 3944/8013/4551 3723/8015/4551 3818/8145/4551
f 3988/8023/4552 4049/8146/4552 4017/8147/4552 3950/7960/4552
f 3966/7925/4553 3984/8081/4553 3901/8095/4553 3870/7858/4553
f 3928/7981/4554 4068/8148/4554 4018/8057/4554 3965/7982/4554
f 4018/8149/4555 4067/8150/4555 4019/8028/4555 3952/7978/4555
f 3842/7727/4556 4035/8087/4556 3976/8151/4556 3782/7694/4556
f 4020/8030/4557 4081/8152/4557 3830/7713/4557 3792/7537/4557
f 3979/8153/4558 4069/8154/4558 3711/7396/4558 3614/7395/4558
f 4023/8032/4559 4071/8155/4559 4022/8156/4559 3955/8033/4559
f 3957/7868/4560 4027/8157/4560 3956/7928/4560 3876/7869/4560
f 3971/8062/4561 4026/8158/4561 4024/8159/4561 3970/8063/4561
f 4024/8160/4562 4051/8161/4562 4025/8065/4562 3970/8064/4562
f 4022/8066/4563 4052/8162/4564 4026/8158/4565 3971/8062/4563
f 4027/8067/4566 4054/8163/4566 3894/7841/4566 3863/7731/4566
f 3880/8044/4567 3959/8043/4567 3981/8040/4567 3897/8092/4567
f 3934/7935/4568 4038/8164/4568 4028/8106/4568 3907/7910/4568
f 3983/8071/4569 4063/8165/4569 4029/8166/4569 3974/8072/4569
f 3974/8074/4570 4029/8167/4570 4030/8075/4570
f 3869/8168/4571 3715/8169/4571 4031/8170/4571
f 3869/8171/4572 4031/8172/4572 3973/8173/4572
f 4013/8049/4573 4065/8174/4573 4032/8141/4573 3961/8050/4573
f 4033/8082/4574 4064/8175/4574 3975/8018/4574 3947/7889/4574
f 3990/8083/4575 4066/8176/4575 4034/8177/4575 3977/8084/4575
f 4034/8178/4576 4066/8179/4576 3978/8180/4576
f 4034/8181/4577 3978/8025/4577 3977/8085/4577
f 3949/8182/4578 4079/8183/4578 4035/8087/4578 3886/8086/4578
f 4019/8028/4579 4080/8184/4579 4036/8185/4579 3953/7989/4579
f 4037/8061/4580 4090/8186/4580 3856/8187/4580 3824/7775/4580
f 4025/8065/4581 4070/8188/4582 4037/8061/4583 3969/7927/4583
f 4040/8189/4454 4044/8190/4454 4041/8191/4454 4039/8192/4454
f 4042/8193/4584 4046/8194/4584 4040/8189/4584 4039/8192/4584
f 4039/8192/4585 4041/8191/4585 4043/8195/4585
f 4043/8196/4586 4060/8197/4586 4042/8198/4586
f 4043/8195/4587 4042/8193/4587 4039/8192/4587
f 4045/8199/4588 4061/8200/4588 4044/8190/4588 4040/8189/4588
f 4040/8189/4589 4046/8194/4589 4045/8199/4589
f 4047/8201/4590 4060/8202/4590 4043/8203/4590 4041/8204/4590
f 4044/8205/4591 4062/8206/4591 4047/8207/4591 4041/8208/4591
f 3987/8096/4592 4076/8209/4592 4048/8210/4592 3985/8097/4592
f 3985/8099/4593 4048/8211/4593 3986/8098/4593
f 3988/8023/4594 3989/8212/4594 4049/8146/4594
f 3873/7785/4595 4109/8213/4595 4023/8032/4595 3829/7637/4595
f 4024/8159/4596 4026/8158/4596 4050/8214/4596
f 4050/8214/4597 4073/8215/4597 4051/8216/4597 4024/8159/4597
f 4026/8158/4565 4052/8162/4564 4053/8217/4598
f 4026/8158/4599 4053/8217/4600 4050/8214/4601
f 4054/8163/4602 4055/8218/4603 3905/7906/4604 3894/7841/4602
f 4055/8218/4603 4056/8219/4605 3933/7932/4605 3905/7906/4604
f 3740/7606/4606 4057/8220/4606 3994/7744/4606
f 3739/8221/4607 4058/8222/4607 4057/8223/4607
f 3739/7600/4608 4057/8224/4608 3740/7601/4608
f 4058/8225/4609 3739/7608/4609 3741/7607/4609
f 4058/8226/4610 3741/7610/4610 3996/8110/4610
f 3743/7625/4611 3744/7624/4611 4059/8227/4611
f 4046/8228/4612 4096/8229/4612 4061/8230/4612 4045/8231/4612
f 4061/8232/4613 4095/8233/4613 4062/8206/4613 4044/8205/4613
f 4015/8093/4614 4085/8234/4614 4063/8165/4614 3983/8071/4614
f 4064/8235/4615 3963/8055/4615 4012/8054/4615
f 4064/8175/4616 4012/8078/4616 3975/8018/4616
f 4013/8049/4617 4014/8140/4617 4065/8174/4617
f 3990/8236/4618 4036/8237/4618 4066/8238/4618
f 4018/8149/4619 4068/8239/4619 4067/8150/4619
f 4051/8161/4620 4091/8240/4620 4070/8188/4582 4025/8065/4581
f 4071/8155/4621 4092/8241/4621 4052/8242/4621 4022/8156/4621
f 4053/8217/4622 4074/8243/4622 4072/8244/4622
f 4053/8217/4600 4072/8244/4623 4050/8214/4601
f 4053/8217/4598 4052/8162/4564 4074/8243/4598
f 3482/8127/4536 3480/8119/4624 4005/8118/4537
f 4010/8245/4625 4009/8246/4625 4075/8247/4625
f 4075/8247/4626 4093/8248/4626 4006/8249/4626 4010/8245/4626
f 4017/8250/4627 4087/8251/4627 4076/8252/4627 3987/8253/4627
f 3924/7974/4628 4078/8254/4628 4077/8255/4628 3928/7975/4628
f 3978/8256/4629 4105/8257/4629 4078/8254/4629 3924/7974/4629
f 3963/8055/4630 4064/8235/4630 4079/8183/4630 3949/8182/4630
f 4035/8087/4631 4079/8183/4631 4033/8258/4631 3976/8151/4631
f 4067/8259/4632 4106/8260/4632 4080/8261/4632 4019/8262/4632
f 3980/8035/4633 4054/8263/4633 4027/8157/4633 3957/7868/4633
f 4047/8201/4634 4094/8264/4634 4082/8265/4634 4060/8202/4634
f 4083/8266/4635 4042/8198/4635 4060/8197/4635 4082/8267/4635
f 3944/8013/4636 4148/8268/4636 4084/6367/4636 3092/6366/4636
f 4063/8269/4637 4114/8270/4637 4030/8075/4637 4029/8167/4637
f 4032/8271/4638 4086/8272/4638 4085/8273/4638 4015/8274/4638
f 4032/8271/4639 4065/8275/4639 4086/8272/4639
f 3818/7922/4640 3744/7921/4640 4016/8276/4640
f 4049/8277/4641 4087/8251/4641 4017/8250/4641
f 3989/8278/4642 4120/8279/4642 4087/8251/4642 4049/8277/4642
f 4077/8280/4643 4118/8281/4643 4068/8148/4643 3928/7981/4643
f 4036/8237/4644 4080/8261/4644 4088/8282/4644 4066/8238/4644
f 3671/7461/4645 4107/8283/4645 4089/8284/4645 4021/8059/4645
f 4070/8188/4646 4136/8285/4646 4090/8186/4646 4037/8061/4646
f 4073/8286/4647 4110/8287/4647 4091/8240/4647 4051/8161/4647
f 4092/8241/4648 4111/8288/4648 4074/8289/4648 4052/8242/4648
f 4000/8116/4649 4175/8290/4649 3998/7851/4649 3811/7747/4649
f 4007/7852/4650 4183/8291/4650 4004/8123/4650 3813/7751/4650
f 4093/8248/4651 4125/8292/4651 4005/8293/4651 4006/8249/4651
f 4062/8206/4652 4113/8294/4652 4094/8295/4652 4047/8207/4652
f 4096/8296/4653 4146/8297/4653 4095/8233/4653
f 4096/8296/4654 4095/8233/4654 4061/8232/4654
f 4065/8174/4655 4014/8140/4655 4097/8298/4655 4086/8299/4655
f 5550/8300/4656 4163/8301/4656 4098/8302/4656 4031/8303/4656
f 4099/8304/4657 4100/8305/4657 4031/8306/4657
f 4099/8307/4658 4031/8303/4658 4098/8302/4658
f 4100/8308/4659 4014/8309/4659 5550/8310/4659 4031/8311/4659
f 3914/7948/4660 4102/8312/4660 4101/8313/4660 3918/7949/4660
f 3986/8098/4661 4133/8314/4661 4102/8315/4661 3914/7953/4661
f 4101/8316/4662 4134/8317/4662 3989/8318/4662 3918/8319/4662
f 4104/8320/4663 4077/8255/4663 4078/8254/4663 4103/8321/4663
f 4105/8322/4664 4117/8323/4664 4103/8324/4664 4078/8325/4664
f 4076/8326/4665 4121/8327/4665 3986/8098/4665
f 4076/8328/4666 3986/8329/4666 4048/8330/4666
f 4033/8258/4667 4079/8183/4667 4064/8235/4667
f 4088/8331/4668 4123/8332/4668 3978/8333/4668 4066/8334/4668
f 4068/8335/4669 4122/8336/4669 4106/8260/4669 4067/8259/4669
f 4080/8261/4670 4106/8260/4670 4088/8282/4670
f 3711/7529/4671 4108/8337/4671 4107/8338/4671 3671/7530/4671
f 3711/7396/4672 4069/8154/4672 4108/8339/4672
f 4090/8340/4673 4124/8341/4673 3857/7831/4673 3856/7827/4673
f 3857/7831/4674 4124/8341/4674 4109/8342/4674 3873/7862/4674
f 4109/8213/4675 4154/8343/4675 4071/8155/4675 4023/8032/4675
f 3992/8344/337 4055/8345/337 4054/8263/337 3980/8035/337
f 4111/8288/4676 4112/8346/4676 4072/8347/4676 4074/8289/4676
f 3992/8344/337 4028/8348/337 4055/8345/337
f 4028/8348/337 4038/8349/337 4056/8350/337 4055/8345/337
f 4059/8351/4677 4148/8352/4677 4016/8276/4677 3744/7921/4677
f 4095/8233/4678 4146/8297/4678 4113/8294/4678 4062/8206/4678
f 4063/8353/4679 4085/8273/4679 4114/8354/4679
f 4103/8321/4680 4116/8355/4680 4115/8356/4680 4104/8320/4680
f 4117/8357/4681 4129/8358/4681 4116/8355/4681 4103/8321/4681
f 4104/8359/4682 4119/8360/4682 4118/8361/4682 4077/8362/4682
f 4115/8363/4683 4130/8364/4683 4119/8365/4683 4104/8366/4683
f 4120/8279/4684 4121/8367/4684 4076/8252/4684 4087/8251/4684
f 4122/8336/4685 4123/8368/4685 4088/8282/4685 4106/8260/4685
f 4125/8292/4686 4155/8369/4686 3999/8370/4686 4005/8293/4686
f 4094/8264/4687 4159/8371/4687 4126/8372/4687 4082/8265/4687
f 4082/8267/4688 4126/8373/4688 4083/8266/4688
f 4127/8374/4689 4114/8354/4689 4085/8273/4689 4086/8272/4689
f 4086/8272/4690 4097/8375/4690 4127/8374/4690
f 4128/8376/4691 4130/8364/4691 4115/8363/4691
f 4128/8377/4692 4115/8356/4692 4116/8355/4692
f 4129/8378/4693 4147/8379/4693 4128/8380/4693
f 4129/8358/4694 4128/8377/4694 4116/8355/4694
f 4102/8312/4695 4132/8381/4696 4131/8382/4697 4101/8313/4695
f 4133/8314/4698 4151/8383/4698 4132/8384/4698 4102/8315/4698
f 4131/8385/4699 4152/8386/4699 4134/8317/4699 4101/8316/4699
f 4135/8387/4700 4167/8388/4700 4108/8339/4700 4069/8154/4700
f 4091/8240/4701 4168/8389/4701 4136/8285/4701 4070/8188/4701
f 4138/8390/4702 4142/8391/4702 4139/8392/4702 4137/8393/4702
f 4140/8394/4703 4141/8395/4703 4137/8393/4703
f 4140/8394/4704 4137/8393/4704 4139/8392/4704
f 4141/8395/4705 4145/8396/4705 4138/8390/4705 4137/8393/4705
f 4143/8397/4706 4156/8398/4706 4140/8399/4706 4139/8400/4706
f 4142/8401/4707 4158/8402/4707 4143/8397/4707 4139/8400/4707
f 4144/8403/4708 4157/8404/4708 4142/8391/4708 4138/8390/4708
f 4138/8390/4709 4145/8396/4709 4144/8403/4709
f 4128/8376/4710 4147/8405/4710 4130/8364/4710
f 3944/8013/4711 4016/8144/4711 4148/8268/4711
f 4132/8381/4696 4150/8406/4712 4149/8407/4713 4131/8382/4697
f 4151/8383/4714 4161/8408/4714 4150/8409/4714 4132/8384/4714
f 4149/8410/4715 4162/8411/4715 4152/8386/4715 4131/8385/4715
f 4123/8412/4716 4189/8413/4716 4105/8322/4716 3978/8414/4716
f 4107/8283/4717 4190/8415/4717 4153/8416/4717 4089/8284/4717
f 4154/8343/4718 4194/8417/4718 4092/8241/4718 4071/8155/4718
f 4156/8418/4719 4197/8419/4719 4141/8420/4719 4140/8421/4719
f 4145/8422/4720 4212/8423/4720 4157/8424/4720 4144/8425/4720
f 4157/8424/4721 4211/8426/4721 4158/8427/4721 4142/8428/4721
f 4113/8429/4722 4200/8430/4722 4159/8431/4722 4094/8432/4722
f 4150/8406/4712 4160/8433/4723 4149/8407/4713
f 4161/8408/4724 4199/8434/4724 4160/8435/4724
f 4161/8408/4725 4160/8435/4725 4150/8409/4725
f 4160/8436/4726 4199/8437/4726 4162/8411/4726 4149/8410/4726
f 4163/8438/4727 4231/8439/4727 4164/8440/4727 4098/8441/4727
f 4098/8302/4728 4164/8442/4728 4099/8307/4728
f 3093/8443/4729 3095/8444/4729 4165/8445/4729
f 3093/8029/4730 4165/8446/4730 4020/8030/4730
f 4166/8447/4731 4193/8448/4731 4167/8449/4731 4135/8450/4731
f 4136/8451/4732 4203/8452/4732 4124/8341/4732 4090/8340/4732
f 4124/8341/4733 4203/8452/4733 4154/8453/4733 4109/8342/4733
f 4110/8287/4734 4195/8454/4734 4168/8389/4734 4091/8240/4734
f 4169/8455/4735 4170/8456/4735 4112/8457/4735 4111/8458/4735
f 3994/8459/4736 4057/8223/4736 4171/8460/4736 3993/8461/4736
f 4172/8462/4737 4309/8463/4737 4058/8222/4737
f 4172/8462/4738 4058/8222/4738 3996/8464/4738
f 3993/8108/4739 4174/8465/4739 4173/8466/4739 3997/8113/4739
f 3993/8108/4740 4171/8467/4740 4174/8465/4740
f 4175/8290/4741 4176/8468/4741 3995/8109/4741 3998/7851/4741
f 3995/8109/4742 4176/8468/4742 4172/8111/4742
f 3997/8113/4743 4173/8466/4743 4177/8469/4743
f 3997/8113/4744 4177/8469/4744 3999/8114/4744
f 4001/8470/4745 4179/8471/4745 4178/8472/4745 4000/8473/4745
f 4000/8473/4746 4178/8472/4746 4175/8474/4746
f 4155/8369/4747 4209/8475/4747 4177/8476/4747 3999/8370/4747
f 4003/8477/4748 4181/8478/4748 4179/8471/4748 4001/8470/4748
f 4180/8479/4749 4181/8478/4749 4003/8477/4749 4002/8480/4749
f 4182/8481/4750 4180/8479/4750 4002/8480/4750 4004/8482/4750
f 4004/8482/4751 4183/8483/4751 4182/8481/4751
f 4008/8130/4752 4185/8484/4752 4183/8291/4752 4007/7852/4752
f 4184/8485/4753 4323/8486/4753 4185/8487/4753
f 4184/8137/4754 4185/8488/4754 4008/8138/4754
f 4011/8489/4755 4059/8351/4755 4184/8485/4755
f 3938/8004/4756 4186/8490/4756 5550/8047/4756
f 3938/8004/4756 4187/8491/4757 4186/8490/4756
f 4030/8075/4758 4248/8492/4758 4187/8493/4758 3938/8076/4758
f 4188/8494/4759 4130/8495/4759 4147/8496/4759
f 4188/8497/4760 4147/8379/4760 4129/8378/4760
f 5550/8047/4761 4186/8490/4761 4014/8139/4761
f 4189/8413/4762 4202/8498/4762 4117/8323/4762 4105/8322/4762
f 4190/8415/4763 4204/8499/4763 4191/8500/4763 4153/8416/4763
f 4192/8501/4764 4207/8502/4764 4193/8448/4764 4166/8447/4764
f 4194/8417/4765 4169/8503/4765 4111/8288/4765 4092/8241/4765
f 4143/8397/4766 4210/8504/4766 4196/8505/4766 4156/8398/4766
f 4196/8506/4767 4210/8507/4767 4197/8508/4767
f 4196/8509/4768 4197/8419/4768 4156/8418/4768
f 4198/8510/4769 3096/8511/4769 3094/6368/4769 4084/6367/4769
f 4159/8512/4770 4223/8513/4770 4083/8266/4770 4126/8373/4770
f 4146/8514/4771 4201/8515/4771 4200/8430/4771 4113/8429/4771
f 4146/8297/4772 4096/8296/4772 4201/8516/4772
f 4202/8498/4773 4188/8497/4773 4129/8378/4773 4117/8323/4773
f 4121/8327/4774 4226/8517/4774 4133/8314/4774 3986/8098/4774
f 4167/8518/4775 4190/8519/4775 4107/8338/4775 4108/8337/4775
f 4204/8499/4776 4213/8520/4776 4205/8521/4776 4191/8500/4776
f 4206/8522/4777 4216/8523/4777 4207/8502/4777 4192/8501/4777
f 4169/8455/4778 4221/8524/4778 4208/8525/4778 4170/8456/4778
f 4158/8402/4779 4222/8526/4779 4210/8504/4779 4143/8397/4779
f 4157/8424/4780 4212/8423/4780 4211/8426/4780
f 4134/8527/4781 4232/8528/4781 4120/8279/4781 3989/8278/4781
f 4118/8529/4782 4233/8530/4782 4122/8336/4782 4068/8335/4782
f 4213/8520/4783 4217/8531/4783 4214/8532/4783 4205/8521/4783
f 4215/8533/4784 4219/8534/4784 4216/8523/4784 4206/8522/4784
f 4217/8531/4785 4220/8535/4785 4218/8536/4785 4214/8532/4785
f 4195/8454/4786 4110/8287/4786 4208/8537/4786
f 4195/8538/4787 4208/8525/4787 4221/8524/4787
f 4211/8426/4788 4243/8539/4788 4222/8540/4788 4158/8427/4788
f 4200/8430/4789 4224/8541/4789 4223/8542/4789 4159/8431/4789
f 4201/8516/4790 4096/8296/4790 4224/8543/4790 4200/8544/4790
f 4225/8545/4791 4251/8546/4791 4014/8547/4791 4100/8548/4791
f 4100/8305/4792 4099/8304/4792 4225/8549/4792
f 4226/8517/4793 4230/8550/4793 4151/8383/4793 4133/8314/4793
f 4020/8030/4794 4165/8446/4794 4227/8551/4794 4081/8152/4794
f 4168/8552/4795 4242/8553/4795 4203/8452/4795 4136/8451/4795
f 4203/8452/4796 4242/8553/4796 4194/8554/4796 4154/8453/4796
f 4199/8434/4797 4161/8408/4797 4228/8555/4797
f 4199/8556/4798 4228/8557/4798 4229/8558/4798
f 4199/8559/4799 4229/8560/4799 4162/8561/4799
f 4230/8550/4800 4228/8555/4800 4161/8408/4800 4151/8383/4800
f 4014/8562/4801 4251/8563/4801 4231/8564/4801 4163/8565/4801
f 4152/8386/4802 4252/8566/4802 4232/8567/4802 4134/8317/4802
f 4119/8568/4803 4253/8569/4803 4233/8530/4803 4118/8529/4803
f 4234/8570/5 4235/8571/5 4236/8572/5
f 4234/8570/4804 4240/8573/4804 4237/8574/4804 4235/8571/4804
f 4238/8575/4805 4239/8576/4805 4234/8570/4805 4236/8572/4805
f 4239/8577/4806 4257/8578/4806 4240/8579/4806 4234/8580/4806
f 4241/8581/4807 4238/8575/4807 4236/8572/4807
f 4241/8581/4808 4236/8572/4808 4235/8571/4808
f 4235/8571/4809 4237/8574/4809 4241/8581/4809
f 4212/8423/4810 4266/8582/4810 4243/8539/4810 4211/8426/4810
f 4244/8583/4811 4198/8510/4811 4084/6367/4811 4148/8268/4811
f 4042/8193/4812 4246/8584/4812 4245/8585/4812 4046/8194/4812
f 4083/8266/4813 4296/8586/4813 4246/8587/4813 4042/8198/4813
f 4245/8585/4814 4287/8588/4814 4096/8589/4814 4046/8194/4814
f 4187/8491/4815 4249/8590/4815 4247/8591/4815 4186/8490/4815
f 4248/8492/4816 4280/8592/4816 4249/8593/4816 4187/8493/4816
f 4186/8490/4817 4250/8594/4817 4014/8139/4817
f 4247/8591/4818 4281/8595/4818 4250/8594/4818 4186/8490/4818
f 4250/8596/4819 4300/8597/4819 4097/8298/4819 4014/8140/4819
f 4162/8411/4820 4229/8598/4820 4252/8566/4820 4152/8386/4820
f 4130/8495/4821 4188/8494/4821 4253/8569/4821 4119/8568/4821
f 4122/8336/4822 4233/8530/4822 4189/8599/4822 4123/8368/4822
f 4254/8600/4823 4258/8601/4823 4239/8602/4823 4238/8603/4823
f 4241/8604/4824 4284/8605/4824 4254/8600/4824 4238/8603/4824
f 4193/8606/4825 4204/8607/4825 4190/8519/4825 4167/8518/4825
f 4195/8538/337 4221/8524/337 4242/8553/337
f 4195/8538/4826 4242/8553/4826 4168/8552/4826
f 4242/8553/4827 4221/8524/4827 4169/8455/4827 4194/8554/4827
f 4220/8608/4828 4217/8609/4828 4216/8610/4828 4219/8611/4828
f 4173/8612/4829 4174/8613/4829 4177/8614/4829
f 4178/8472/1762 4310/8615/1762 4176/8616/1762 4175/8474/1762
f 4209/8475/4830 4265/8617/4830 4174/8618/4830 4177/8476/4830
f 4185/8487/1762 4323/8486/1762 4182/8481/1762 4183/8483/1762
f 4255/8619/4831 4197/8419/4831 4210/8620/4831
f 4255/8621/4832 4210/8622/4832 4222/8623/4832
f 4059/8351/4833 4184/8485/4833 4244/8624/4833 4148/8352/4833
f 4256/8625/4834 4262/8626/4834 4099/8307/4834 4164/8442/4834
f 4231/8627/4835 4282/8628/4835 4256/8625/4835 4164/8442/4835
f 4258/8629/4836 4304/8630/4836 4257/8578/4836 4239/8577/4836
f 4240/8631/4837 4263/8632/4837 4259/8633/4837 4237/8634/4837
f 4260/8635/4838 4241/8581/4838 4237/8574/4838 4259/8636/4838
f 4195/8637/4839 4221/8638/4839 4261/8639/4839
f 4243/8640/4840 4266/8641/4840 4255/8621/4840
f 4243/8640/4841 4255/8621/4841 4222/8623/4841
f 4030/8075/4842 4114/8270/4842 4248/8492/4842
f 4188/8494/4843 4202/8642/4844 4253/8569/4845
f 4262/8643/4846 4343/8644/4846 4225/8549/4846 4099/8304/4846
f 4233/8530/4847 4253/8569/4845 4202/8642/4844 4189/8599/4847
f 4120/8279/4848 4232/8528/4848 4226/8645/4848 4121/8367/4848
f 4257/8578/4849 4305/8646/4849 4263/8647/4849 4240/8579/4849
f 4081/8152/4850 4227/8551/4850 4264/8648/4850
f 4207/8649/4851 4213/8650/4851 4204/8607/4851 4193/8606/4851
f 4217/8609/4852 4213/8650/4852 4207/8649/4852 4216/8610/4852
f 4268/8651/5 4272/8652/5 4269/8653/5 4267/8654/5
f 4270/8655/4853 4274/8656/4853 4268/8651/4853 4267/8654/4853
f 4269/8657/4854 4275/8658/4854 4271/8659/4854
f 4269/8653/4855 4271/8660/4855 4267/8654/4855
f 4271/8661/4856 4285/8662/4856 4270/8663/4856
f 4271/8660/4857 4270/8655/4857 4267/8654/4857
f 4273/8664/4858 4276/8665/4858 4272/8652/4858 4268/8651/4858
f 4274/8656/4859 4276/8665/4859 4273/8664/4859
f 4274/8656/4860 4273/8664/4860 4268/8651/4860
f 4272/8666/4861 4277/8667/4861 4275/8668/4861 4269/8669/4861
f 4276/8670/4862 4337/8671/4862 4277/8667/4862 4272/8666/4862
f 4249/8590/4863 4279/8672/4864 4278/8673/4864 4247/8591/4863
f 4280/8592/4865 4290/8674/4865 4279/8675/4865 4249/8593/4865
f 4278/8673/4866 4291/8676/4866 4281/8595/4866 4247/8591/4866
f 4231/8564/4867 4251/8563/4867 4282/8677/4867
f 4282/8628/4868 4292/8678/4868 4283/8679/4868 4256/8625/4868
f 4283/8679/4869 4294/8680/4869 4262/8626/4869 4256/8625/4869
f 4284/8605/4870 4304/8681/4870 4258/8601/4870
f 4284/8605/4871 4258/8601/4871 4254/8600/4871
f 4271/8659/112 4275/8658/112 4285/8682/112
f 4246/8584/4872 4297/8683/4872 4286/8684/4872 4245/8585/4872
f 4286/8684/4873 4354/8685/4873 4287/8588/4873 4245/8585/4873
f 4279/8672/4864 4289/8686/4874 4288/8687/4874 4278/8673/4864
f 4290/8674/4875 4298/8688/4875 4289/8689/4875 4279/8675/4875
f 4288/8690/4876 4299/8691/4876 4291/8692/4876 4278/8693/4876
f 4228/8557/4877 4230/8694/4877 4252/8695/4877 4229/8558/4877
f 4292/8678/4878 4301/8696/4878 4293/8697/4878 4283/8679/4878
f 4293/8697/4879 4303/8698/4879 4294/8680/4879 4283/8679/4879
f 4232/8528/4880 4252/8695/4880 4230/8694/4880 4226/8645/4880
f 4263/8632/4881 4361/8699/4881 4295/8700/4881 4259/8633/4881
f 4259/8633/4882 4295/8700/4882 4260/8701/4882
f 4296/8586/4883 4353/8702/4883 4297/8703/4883 4246/8587/4883
f 4083/8266/4884 4223/8513/4884 4296/8586/4884
f 4281/8704/4885 4380/8705/4885 4300/8597/4885 4250/8596/4885
f 4301/8696/4886 4339/8706/4886 4302/8707/4886 4293/8697/4886
f 4302/8707/4887 4341/8708/4887 4303/8698/4887 4293/8697/4887
f 4304/8630/4888 4383/8709/4888 4305/8646/4888 4257/8578/4888
f 4260/8635/4889 4344/8710/4889 4306/8711/4889 4241/8581/4889
f 4306/8712/4890 4346/8713/4890 4284/8605/4890 4241/8604/4890
f 4307/8714/4891 4308/8715/4891 4057/8223/4891
f 4307/8714/4452 4057/8223/4452 4058/8222/4452
f 4057/8223/4892 4308/8715/4892 4171/8460/4892
f 4058/8222/4893 4309/8463/4893 4307/8714/4893
f 4308/8715/4894 4265/8716/4894 4174/8717/4894 4171/8460/4894
f 4310/8615/4895 4309/8463/4895 4172/8462/4895 4176/8616/4895
f 4311/8718/4896 4310/8615/4896 4178/8472/4896 4179/8471/4896
f 4312/8719/4897 4311/8718/4897 4179/8471/4897 4181/8478/4897
f 4181/8478/4898 4180/8479/4898 4312/8719/4898
f 4182/8481/4899 4323/8486/4899 4313/8720/4899 4180/8479/4899
f 4313/8721/4900 4453/8722/4900 4312/8723/4900
f 4313/8720/4901 4312/8719/4901 4180/8479/4901
f 4315/8724/3449 4319/8725/3449 4316/8726/3449 4314/8727/3449
f 4317/8728/4902 4321/8729/4902 4315/8724/4902 4314/8727/4902
f 4318/8730/4903 4317/8731/4903 4314/8732/4903
f 4318/8733/4904 4314/8727/4904 4316/8726/4904
f 4320/8734/4905 4348/8735/4905 4319/8725/4906 4315/8724/4905
f 4321/8736/4907 4348/8737/4907 4320/8738/4907
f 4321/8729/4908 4320/8734/4908 4315/8724/4908
f 4322/8739/4909 4347/8740/4909 4318/8741/4909 4316/8742/4909
f 4319/8743/4910 4349/8744/4910 4322/8745/4910 4316/8746/4910
f 4325/8747/5 4331/8748/5 4326/8749/5 4324/8750/5
f 4327/8751/4911 4329/8752/4911 4324/8753/4911
f 4327/8754/4912 4324/8750/4912 4326/8749/4912
f 4324/8755/4913 4330/8756/4913 4328/8757/4913 4325/8758/4913
f 4329/8752/4914 4407/8759/4914 4330/8760/4914 4324/8753/4914
f 4331/8748/4915 4334/8761/4915 4332/8762/4915
f 4331/8748/4916 4332/8762/4916 4326/8749/4916
f 4326/8749/4917 4332/8762/4917 4333/8763/4917 4327/8754/4917
f 4328/8764/4918 4334/8761/4918 4331/8748/4918 4325/8747/4918
f 4141/8395/4919 4333/8763/4919 4332/8762/4919 4145/8396/4919
f 4197/8419/4920 4390/8765/4920 4333/8766/4920 4141/8420/4920
f 4332/8767/4921 4391/8768/4921 4212/8423/4921 4145/8422/4921
f 4323/8486/4922 4350/8769/4922 4244/8624/4922 4184/8485/4922
f 4275/8658/4923 4355/8770/4923 4335/8771/4923 4285/8682/4923
f 4336/8772/4924 4270/8663/4924 4285/8662/4924 4335/8773/4924
f 4276/8670/4925 4274/8774/4925 4338/8775/4925 4337/8671/4925
f 4287/8776/4926 4425/8777/4926 4224/8543/4926 4096/8296/4926
f 4339/8706/4927 4357/8778/4927 4340/8779/4927 4302/8707/4927
f 4340/8779/4928 4358/8780/4928 4341/8708/4928 4302/8707/4928
f 4282/8677/4929 4342/8781/4929 4292/8782/4929
f 4251/8546/4930 4343/8783/4930 4342/8784/4930
f 4251/8563/4931 4342/8781/4931 4282/8677/4931
f 4294/8785/4932 4360/8786/4932 4343/8644/4932 4262/8643/4932
f 4344/8710/4933 4374/8787/4933 4345/8788/4933 4306/8711/4933
f 4345/8789/4934 4387/8790/4934 4346/8713/4934 4306/8712/4934
f 4347/8791/4935 4389/8792/4935 4317/8731/4935 4318/8730/4935
f 4348/8737/4936 4420/8793/4936 4349/8744/4936 4319/8743/4936
f 4350/8794/4937 3097/8795/4937 3096/8511/4937 4198/8510/4937
f 4297/8683/4938 4352/8796/4938 4351/8797/4938 4286/8684/4938
f 4353/8702/4939 4393/8798/4939 4352/8799/4939 4297/8703/4939
f 4351/8800/4940 4394/8801/4940 4354/8802/4940 4286/8803/4940
f 4277/8804/4941 4379/8805/4941 4355/8770/4941 4275/8658/4941
f 4114/8354/4942 4127/8374/4942 4356/8806/4942 4248/8807/4942
f 4356/8808/4943 4411/8809/4943 4280/8592/4943 4248/8492/4943
f 4359/8810/4944 4381/8811/4944 4301/8812/4944 4292/8782/4944
f 4342/8784/4945 4360/8813/4945 4359/8814/4945
f 4342/8781/4946 4359/8810/4946 4292/8782/4946
f 4300/8815/4947 4414/8816/4947 4127/8374/4947 4097/8375/4947
f 4303/8817/4948 4382/8818/4948 4360/8786/4948 4294/8785/4948
f 4305/8819/4949 4399/8820/4949 4361/8821/4949 4263/8822/4949
f 4295/8700/4950 4361/8699/4950 4362/8823/4950
f 4295/8700/4951 4362/8823/4951 4260/8701/4951
f 3095/6375/4952 3098/6374/4952 4165/8824/4952
f 4364/8825/4953 4369/8826/4953 4365/8827/4953 4363/8828/4953
f 4363/8828/4954 4368/8829/4954 4366/8830/4954 4364/8825/4954
f 4363/8828/4955 4365/8827/4955 4367/8831/4955
f 4367/8832/4956 4384/8833/4956 4368/8834/4956
f 4367/8831/4957 4368/8829/4957 4363/8828/4957
f 4370/8835/4958 4401/8836/4958 4369/8837/4958 4364/8838/4958
f 4364/8825/4959 4366/8830/4959 4370/8839/4959
f 4372/8840/4960 4375/8841/4960 4373/8842/4960 4371/8843/4960
f 4374/8787/4961 4372/8840/4961 4371/8843/4961 4345/8788/4961
f 4375/8844/4962 4405/8845/4962 4376/8846/4962
f 4375/8841/4963 4376/8847/4963 4373/8842/4963
f 4327/8751/4964 4333/8766/4964 4329/8752/4964
f 4377/8848/4965 4378/8849/4965 4334/8850/4965 4328/8851/4965
f 4330/8756/4966 4408/8852/4966 4377/8853/4966 4328/8757/4966
f 4378/8849/4967 4391/8768/4967 4332/8767/4967 4334/8850/4967
f 4337/8671/4968 4396/8854/4968 4379/8855/4968 4277/8667/4968
f 4291/8692/4969 4397/8856/4969 4380/8705/4969 4281/8704/4969
f 4381/8811/4970 4357/8857/4970 4339/8858/4970
f 4381/8811/4971 4339/8858/4971 4301/8812/4971
f 4341/8859/4972 4398/8860/4972 4382/8818/4972 4303/8817/4972
f 4284/8605/4973 4415/8861/4973 4383/8862/4973 4304/8681/4973
f 4362/8823/4974 4400/8863/4974 4344/8864/4974 4260/8701/4974
f 4365/8865/4975 4385/8866/4975 4384/8833/4975 4367/8832/4975
f 4369/8867/4976 4418/8868/4976 4385/8869/4976 4365/8870/4976
f 4386/8871/4977 4403/8872/4977 4387/8790/4977 4345/8789/4977
f 4322/8739/4978 4406/8873/4978 4388/8874/4978 4347/8740/4978
f 4347/8791/4979 4388/8875/4979 4389/8792/4979
f 4313/8720/4980 4453/8876/4980 4350/8769/4980
f 4313/8720/4981 4350/8769/4981 4323/8486/4981
f 4390/8765/4982 4407/8759/4982 4329/8752/4982 4333/8766/4982
f 4352/8796/4983 4392/8877/4983 4351/8797/4983
f 4393/8878/4984 4437/8879/4984 4392/8880/4984
f 4393/8798/4985 4392/8881/4985 4352/8799/4985
f 4392/8882/4986 4437/8883/4986 4394/8801/4986 4351/8800/4986
f 4355/8770/4987 4439/8884/4987 4395/8885/4987 4335/8771/4987
f 4395/8886/4988 4439/8887/4988 4336/8888/4988
f 4395/8889/4989 4336/8772/4989 4335/8773/4989
f 4337/8671/4990 4338/8775/4990 4396/8854/4990
f 4299/8691/4991 4410/8890/4991 4397/8856/4991 4291/8692/4991
f 4358/8891/4992 4413/8892/4992 4398/8893/4992 4341/8894/4992
f 4225/8545/4993 4343/8783/4993 4251/8546/4993
f 4383/8895/4994 4416/8896/4994 4399/8820/4994 4305/8819/4994
f 3098/8897/4995 4461/8898/4995 4227/8551/4995 4165/8446/4995
f 4400/8863/4996 4419/8899/4996 4374/8900/4996 4344/8864/4996
f 4366/8901/4997 4427/8902/4997 4401/8836/4997 4370/8835/4997
f 4402/8903/4998 4404/8904/4998 4403/8872/4998 4386/8871/4998
f 4349/8905/4999 4422/8906/4999 4406/8873/4999 4322/8739/4999
f 4407/8759/5000 4435/8907/5000 4408/8908/5000 4330/8760/5000
f 4223/8542/5001 4224/8541/5001 4409/8909/5001
f 4223/8513/5002 4409/8910/5002 4296/8586/5002
f 4409/8910/5003 4438/8911/5003 4353/8702/5003 4296/8586/5003
f 4411/8809/488 4423/8912/488 4290/8674/488 4280/8592/488
f 4381/8913/5004 4412/8914/5004 4413/8915/5004
f 4381/8916/5005 4413/8917/5005 4357/8918/5005
f 4127/8374/5006 4414/8816/5006 4356/8806/5006
f 4415/8919/5007 4442/8920/5007 4416/8896/5007 4383/8895/5007
f 4417/8921/5008 4362/8922/5008 4361/8821/5008 4399/8820/5008
f 4346/8713/5009 4429/8923/5009 4415/8861/5009 4284/8605/5009
f 4401/8924/5010 4444/8925/5010 4418/8868/5010 4369/8867/5010
f 4419/8899/5011 4431/8926/5011 4372/8927/5011 4374/8900/5011
f 4348/8737/5012 4321/8736/5012 4421/8928/5012 4420/8793/5012
f 4420/8793/5013 4464/8929/5013 4422/8930/5013 4349/8744/5013
f 4255/8619/5014 4454/8931/5014 4390/8765/5014 4197/8419/5014
f 4198/8510/5015 4244/8583/5015 4350/8794/5015
f 4423/8912/5016 4424/8932/5016 4298/8688/5016 4290/8674/5016
f 4354/8802/5017 4456/8933/5017 4425/8777/5017 4287/8776/5017
f 4366/8830/5018 4368/8829/5018 4426/8934/5018
f 4426/8935/5019 4458/8936/5019 4427/8937/5019 4366/8938/5019
f 4384/8833/5020 4430/8939/5020 4428/8940/5020
f 4384/8941/5021 4428/8942/5021 4368/8943/5021
f 4428/8944/5022 4457/8945/5022 4426/8935/5022 4368/8946/5022
f 4416/8896/5023 4442/8920/5023 4417/8921/5023 4399/8820/5023
f 4387/8790/5024 4446/8947/5024 4429/8923/5024 4346/8713/5024
f 4385/8866/5025 4445/8948/5025 4430/8939/5026 4384/8833/5027
f 4431/8926/5028 4432/8949/5028 4375/8844/5028 4372/8927/5028
f 4432/8949/5029 4433/8950/5029 4405/8845/5029
f 4432/8949/5030 4405/8845/5030 4375/8844/5030
f 4406/8873/4569 4463/8951/4569 4434/8952/4569 4388/8874/4569
f 4434/8953/5031 4463/8954/5031 4389/8955/5031
f 4434/8956/5032 4389/8792/5032 4388/8875/5032
f 4390/8765/5033 4454/8931/5033 4435/8907/5033 4407/8759/5033
f 4408/8852/5034 4436/8957/5034 4378/8958/5034 4377/8853/5034
f 4378/8849/5035 4436/8959/5035 4391/8768/5035
f 4391/8768/5036 4494/8960/5036 4266/8582/5036 4212/8423/5036
f 4438/8911/5037 4484/8961/5037 4393/8798/5037 4353/8702/5037
f 4379/8962/5038 4440/8963/5038 4439/8964/5038 4355/8965/5038
f 4396/8854/5039 4441/8966/5039 4440/8967/5039 4379/8855/5039
f 4338/8775/5040 4502/8968/5040 4441/8966/5040 4396/8854/5040
f 4224/8541/5041 4425/8969/5041 4409/8909/5041
f 4380/8970/5042 4485/8971/5042 4414/8816/5042 4300/8815/5042
f 4427/8902/5043 4460/8972/5043 4443/8973/5043 4401/8836/5043
f 4443/8973/5044 4486/8974/5044 4444/8975/5044 4401/8836/5044
f 4418/8868/5045 4487/8976/5045 4445/8977/5045 4385/8869/5045
f 4403/8872/5046 4447/8978/5046 4446/8947/5046 4387/8790/5046
f 4404/8904/5047 4448/8979/5047 4447/8978/5047 4403/8872/5047
f 4432/8980/5048 4462/8981/5048 4448/8982/5048 4433/8983/5048
f 4449/8984/5049 4450/8985/5049 4308/8986/5049
f 4449/8987/5050 4308/8715/5050 4307/8714/5050
f 4309/8463/5051 4451/8988/5051 4449/8987/5051 4307/8714/5051
f 4309/8463/5052 4310/8615/5052 4451/8988/5052
f 4311/8718/5053 4452/8989/5053 4451/8988/5053 4310/8615/5053
f 4312/8723/325 4453/8722/325 4452/8990/325
f 4312/8719/5054 4452/8989/5054 4311/8718/5054
f 4270/8655/5055 4483/8991/5055 4455/8992/5055 4274/8656/5055
f 4455/8993/5056 4500/8994/5056 4338/8775/5056 4274/8774/5056
f 4394/8801/5057 4498/8995/5057 4456/8933/5057 4354/8802/5057
f 4381/8996/5058 4398/8997/5058 4413/8998/5058 4412/8999/5058
f 4414/8816/5059 4485/8971/5059 4411/9000/5059 4356/8806/5059
f 4343/8783/5060 4360/8813/5060 4342/8784/5060
f 4457/8945/506 4507/9001/506 4458/8936/506 4426/8935/506
f 4430/8939/5061 4445/8948/5061 4459/9002/5061
f 4430/8939/5062 4459/9002/5062 4428/8940/5062
f 4459/9002/5063 4503/9003/5064 4457/9004/5063 4428/8940/5064
f 4458/9005/5065 4508/9006/5065 4460/8972/5065 4427/8902/5065
f 4461/8898/5066 4521/9007/5066 4264/8648/5066 4227/8551/5066
f 4462/8981/5067 4511/9008/5067 4447/9009/5067
f 4462/8981/5068 4447/9009/5068 4448/8982/5068
f 4422/8906/5069 4489/9010/5069 4463/8951/5069 4406/8873/5069
f 4420/8793/5070 4421/8928/5070 4464/8929/5070
f 4435/9011/5071 4490/9012/5071 4436/9013/5071 4408/9014/5071
f 4466/9015/3449 4470/9016/3449 4467/9017/3449 4465/9018/3449
f 4468/9019/5072 4472/9020/5072 4466/9015/5072 4465/9018/5072
f 4467/9021/5073 4473/9022/5073 4469/9023/5073
f 4467/9017/5074 4469/9024/5074 4465/9018/5074
f 4469/9025/5075 4491/9026/5075 4468/9027/5075
f 4469/9024/5076 4468/9019/5076 4465/9018/5076
f 4471/9028/5077 4492/9029/5077 4470/9016/5077 4466/9015/5077
f 4472/9030/5078 4492/9031/5078 4471/9032/5078
f 4472/9020/5079 4471/9028/5079 4466/9015/5079
f 4470/9033/5080 4493/9034/5080 4473/9035/5080 4467/9036/5080
f 4475/9037/3449 4479/9038/3449 4476/9039/3449 4474/9040/3449
f 4477/9041/5081 4481/9042/5082 4475/9037/5082 4474/9040/5083
f 4474/9040/4704 4476/9039/4704 4478/9043/4704
f 4478/9044/5084 4495/9045/5084 4477/9046/5084
f 4478/9043/5085 4477/9041/5081 4474/9040/5083
f 4480/9047/5086 4496/9048/5086 4479/9038/5086 4475/9037/5086
f 4481/9049/5087 4496/9050/5087 4480/9051/5087
f 4481/9042/5088 4480/9047/5088 4475/9037/5088
f 4482/9052/5089 4495/9053/5089 4478/9054/5089 4476/9055/5089
f 4479/9056/5090 4497/9057/5090 4482/9058/5090 4476/9059/5090
f 4336/8772/5091 4506/9060/5091 4483/9061/5091 4270/8663/5091
f 4393/8798/5092 4484/8961/5092 4437/9062/5092
f 4417/9063/5093 4504/9064/5093 4400/8863/5093 4362/8823/5093
f 4460/8972/5094 4508/9006/5094 4486/8974/5094 4443/8973/5094
f 4444/8925/5095 4509/9065/5095 4487/8976/5095 4418/8868/5095
f 4453/8722/325 4488/9066/325 4452/8990/325
f 4488/9067/5096 5551/9068/5096 4350/8769/5096 4453/8876/5096
f 4464/9069/5097 4512/9070/5097 4489/9071/5097 4422/9072/5097
f 4454/9073/5098 4494/9074/5098 4490/9012/5098 4435/9011/5098
f 4469/9023/5099 4473/9022/5099 4491/9075/5099
f 4490/9012/5100 4494/9074/5100 4391/9076/5100 4436/9013/5100
f 4492/9031/5101 4530/9077/5101 4493/9034/5101 4470/9033/5101
f 4496/9050/5101 4533/9078/5101 4497/9057/5101 4479/9056/5101
f 4437/9079/5102 4484/9080/5102 4498/9081/5102
f 4437/8883/5103 4498/8995/5103 4394/8801/5103
f 4483/8991/5104 4505/9082/5104 4499/9083/5104 4455/8992/5104
f 4499/9084/5105 4520/9085/5106 4500/8994/5107 4455/8993/5107
f 4501/9086/5108 4336/8772/5108 4439/9087/5108
f 4501/9088/5109 4439/8964/5109 4440/8963/5109
f 4502/9089/5110 4501/9088/5110 4440/8963/5110 4441/9090/5110
f 4423/9091/5111 4397/9092/5111 4410/9093/5111 4424/9094/5111
f 4485/8971/5112 4397/9092/5112 4423/9091/5112 4411/9000/5112
f 4380/8970/5113 4397/9092/5113 4485/8971/5113
f 4359/8814/337 4382/9095/337 4398/8997/337 4381/8996/337
f 4359/8814/337 4360/8813/337 4382/9095/337
f 4445/9096/5114 4487/9097/5114 4503/9098/5114
f 4445/8948/5115 4503/9003/5115 4459/9002/5115
f 4504/9064/5116 4510/9099/5116 4419/8899/5116 4400/8863/5116
f 4431/9100/5117 4511/9008/5117 4462/8981/5117 4432/8980/5117
f 4506/9060/5118 4519/9101/5118 4505/9102/5118 4483/9061/5118
f 4425/8969/5119 4456/9103/5119 4438/9104/5119 4409/8909/5119
f 4507/9105/5120 4546/9106/5120 4508/9107/5120 4458/9108/5120
f 4503/9098/5121 4547/9109/5121 4507/9105/5121 4457/9110/5121
f 4429/9111/5122 4522/9112/5122 4442/8920/5122 4415/8919/5122
f 4444/9113/5123 4486/9114/5123 4509/9115/5123
f 4510/9116/5124 4511/9008/5124 4431/9100/5124 4419/9117/5124
f 4421/8928/5125 4551/9118/5125 4512/9119/5125 4464/8929/5125
f 4473/9022/5126 4529/9120/5126 4513/9121/5127 4491/9075/5126
f 4514/9122/5128 4468/9027/5128 4491/9026/5128 4513/9123/5128
f 4255/8621/337 4266/8641/337 4494/9074/337 4454/9073/337
f 4482/9052/5129 4532/9124/5129 4515/9125/5129 4495/9053/5129
f 4516/9126/5130 4477/9046/5130 4495/9045/5130 4515/9127/5130
f 4505/9082/5131 4518/9128/5132 4517/9129/5133 4499/9083/5131
f 4519/9101/5134 4536/9130/5134 4518/9131/5134 4505/9102/5134
f 4517/9132/5135 4537/9133/5135 4520/9085/5106 4499/9084/5105
f 4446/9134/5136 4523/9135/5136 4522/9112/5136 4429/9111/5136
f 4508/9107/5137 4546/9106/5137 4509/9115/5137 4486/9114/5137
f 4509/9115/5138 4547/9109/5138 4503/9098/5138 4487/9097/5138
f 4447/9009/5139 4523/9135/5139 4446/9134/5139
f 4511/9008/5140 4510/9116/5140 4523/9135/5140 4447/9009/5140
f 4526/9136/5141 4527/9137/5141 4524/9138/5141 4525/9139/5141
f 4451/9140/5142 4550/9141/5142 4450/8985/5142 4449/8984/5142
f 4488/9066/325 4550/9142/325 4451/9143/325 4452/8990/325
f 4528/9144/5143 4389/8792/5143 4463/9145/5143
f 4528/9146/5144 4463/9147/5144 4489/9071/5144
f 3097/8795/5145 4350/8794/5145 5551/9148/5145
f 3097/8795/5145 5551/9148/5145 3099/9149/5145
f 4493/9034/5146 4552/9150/5146 4529/9151/5146 4473/9035/5146
f 4492/9031/5147 4472/9030/5147 4531/9152/5147 4530/9077/5147
f 4497/9153/5148 4553/9154/5148 4532/9124/5148 4482/9052/5148
f 4496/9050/5149 4481/9049/5149 4534/9155/5149 4533/9078/5149
f 4518/9128/5132 4535/9156/5150 4517/9129/5133
f 4536/9157/5151 4562/9158/5151 4535/9159/5151
f 4536/9130/5152 4535/9160/5152 4518/9131/5152
f 4535/9161/5153 4562/9162/5153 4537/9133/5153 4517/9132/5153
f 4456/9103/5154 4498/9081/5154 4484/9080/5154 4438/9104/5154
f 4538/9163/5 4539/9164/5 4540/9165/5
f 4541/9166/5155 4544/9167/5155 4538/9168/5155 4540/9169/5155
f 4538/9163/5156 4543/9170/5156 4542/9171/5156 4539/9164/5156
f 4544/9167/5157 4584/9172/5157 4543/9173/5157 4538/9168/5157
f 4545/9174/5158 4541/9175/5158 4540/9176/5158
f 4545/9177/5159 4540/9165/5159 4539/9164/5159
f 4539/9164/5160 4542/9171/5160 4545/9177/5160
f 4442/8920/5161 4522/9112/5161 4504/9178/5161 4417/8921/5161
f 4546/9106/3906 4507/9105/3906 4547/9109/3906
f 4546/9106/5162 4547/9109/5162 4509/9115/5162
f 4549/9179/5163 4526/9136/5163 4525/9139/5163 4548/9180/5163
f 4551/9181/5164 4528/9146/5164 4489/9071/5164 4512/9070/5164
f 4530/9077/5165 4582/9182/5165 4552/9150/5165 4493/9034/5165
f 4533/9078/5166 4583/9183/5166 4553/9184/5166 4497/9057/5166
f 4501/9086/5167 4590/9185/5167 4506/9060/5167 4336/8772/5167
f 4542/9186/5168 4555/9187/5168 4554/9188/5168
f 4542/9171/5169 4554/9189/5169 4545/9177/5169
f 4543/9190/5170 4585/9191/5170 4555/9187/5170 4542/9186/5170
f 4522/9112/5171 4523/9135/5171 4510/9116/5171 4504/9178/5171
f 4557/9192/3681 4549/9179/3681 4548/9180/3681 4556/9193/3681
f 4527/9137/5172 4526/9136/5172 4558/9194/5172 4559/9195/5172
f 5548/6376/5173 5549/6377/5173 4550/9196/5173 4488/9197/5173
f 4488/9067/5174 5548/9198/5174 5551/9068/5174
f 4560/9199/5175 4514/9122/5175 4513/9123/5175
f 4560/9200/5176 4513/9121/5176 4529/9120/5176
f 4532/9201/5177 4597/9202/5177 4561/9203/5177 4515/9127/5177
f 4515/9127/5178 4561/9203/5178 4516/9126/5178
f 4500/8994/5179 4591/9204/5179 4502/8968/5179 4338/8775/5179
f 4545/9174/5180 4565/9205/5180 4563/9206/5180 4541/9175/5180
f 4563/9206/5181 4592/9207/5181 4544/9208/5181 4541/9175/5181
f 4554/9189/5 4566/9209/5 4564/9210/5 4545/9177/5
f 4564/9211/5182 4569/9212/5182 4565/9205/5182 4545/9174/5182
f 4567/9213/5183 4570/9214/5183 4566/9215/5183 4554/9188/5183
f 4555/9187/5184 4585/9191/5184 4567/9213/5184 4554/9188/5184
f 4566/9209/5 4556/9216/5 4568/9217/5 4564/9210/5
f 4568/9218/5185 4573/9219/5185 4569/9212/5185 4564/9211/5185
f 4570/9214/5186 4557/9192/5186 4556/9193/5186 4566/9215/5186
f 4556/9216/5 4572/9220/5 4571/9221/5 4568/9217/5
f 4571/9222/5187 4576/9223/5187 4573/9219/5187 4568/9218/5187
f 4572/9220/5 4575/9224/5 4574/9225/5 4571/9221/5
f 4574/9226/5188 4577/9227/5188 4576/9223/5188 4571/9222/5188
f 4578/9228/574 4524/9229/574 4559/9230/574
f 4578/9231/5189 4559/9232/5189 4558/9233/5189
f 4578/9231/5190 4558/9233/5190 4579/9234/5190 4580/9235/5190
f 4550/9196/5191 5549/6377/5191 4581/9236/5191
f 4530/9077/5192 4531/9152/5192 4582/9182/5192
f 4533/9078/5193 4534/9155/5193 4583/9183/5193
f 4584/9237/5194 4626/9238/5194 4585/9191/5194 4543/9190/5194
f 4579/9234/5195 4587/9239/5195 4586/9240/5195 4580/9235/5195
f 4586/9240/5196 4587/9239/5196 4588/9241/5196
f 4529/9242/5197 4552/9243/5197 4589/9244/5197 4560/9245/5197
f 4590/9185/5198 4600/9246/5198 4519/9101/5198 4506/9060/5198
f 4520/9085/5199 4601/9247/5199 4591/9204/5199 4500/8994/5199
f 4592/9248/5200 4627/9249/5200 4584/9172/5200 4544/9167/5200
f 4593/9250/5201 4558/9194/5201 4526/9136/5201 4549/9179/5201
f 4594/9251/5202 4586/9252/5202 4588/9253/5202
f 4594/9254/5203 4588/9241/5203 4587/9239/5203
f 4317/8728/5204 4596/9255/5204 4595/9256/5204 4321/8729/5204
f 4389/8792/5205 4678/9257/5205 4596/9258/5205 4317/8731/5205
f 4595/9259/5206 4659/9260/5206 4421/8928/5206 4321/8736/5206
f 4589/9261/5207 4633/9262/5207 4514/9122/5207 4560/9199/5207
f 4553/9263/5208 4617/9264/5208 4597/9265/5208 4532/9266/5208
f 4562/9267/5209 4536/9130/5209 4598/9268/5209
f 4562/9269/5210 4598/9270/5210 4599/9271/5210
f 4562/9162/5211 4599/9272/5211 4537/9133/5211
f 4600/9246/5212 4598/9268/5212 4536/9130/5212 4519/9101/5212
f 4537/9133/5213 4599/9272/5213 4601/9247/5213 4520/9085/5213
f 4602/9273/5214 4637/9274/5214 4592/9207/5214 4563/9206/5214
f 4565/9205/5215 4637/9274/5215 4602/9273/5215
f 4565/9205/5216 4602/9273/5216 4563/9206/5216
f 3100/9275/5217 4652/9276/5217 4461/8898/5217 3098/8897/5217
f 4603/9277/5218 4593/9250/5219 4549/9179/5219 4557/9192/5220
f 4594/9254/5221 4587/9239/5221 4604/9278/5221
f 4606/9279/3449 4610/9280/3449 4607/9281/3449 4605/9282/3449
f 4608/9283/5222 4612/9284/5222 4606/9279/5222 4605/9282/5222
f 4609/9285/5223 4608/9283/5223 4605/9282/5223
f 4609/9285/4704 4605/9282/4704 4607/9281/4704
f 4611/9286/5224 4623/9287/5224 4610/9280/5224 4606/9279/5224
f 4612/9288/5225 4623/9289/5225 4611/9290/5225
f 4612/9284/5226 4611/9286/5226 4606/9279/5226
f 4613/9291/5227 4622/9292/5227 4609/9293/5227 4607/9294/5227
f 4610/9295/5228 4624/9296/5228 4613/9297/5228 4607/9298/5228
f 4582/9299/5229 4615/9300/5229 4614/9301/5229 4552/9243/5229
f 4614/9301/5230 4633/9302/5230 4589/9244/5230
f 4614/9301/5231 4589/9244/5231 4552/9243/5231
f 4531/9152/5232 4634/9303/5233 4615/9304/5234
f 4531/9152/5232 4615/9304/5234 4582/9182/5235
f 4477/9041/5236 4625/9305/5236 4616/9306/5236 4481/9042/5236
f 4616/9307/5237 4650/9308/5237 4534/9155/5237 4481/9049/5237
f 4597/9202/5238 4635/9309/5238 4516/9126/5238 4561/9203/5238
f 4583/9183/5239 4618/9310/5239 4617/9311/5239 4553/9184/5239
f 4534/9155/5240 4636/9312/5240 4618/9310/5240
f 4534/9155/5241 4618/9310/5241 4583/9183/5241
f 4619/9313/5242 4603/9277/5218 4557/9192/5220 4570/9214/5242
f 4577/9227/5243 4587/9314/5243 4620/9315/5243 4576/9223/5243
f 4621/9316/5244 4655/9317/5244 4604/9318/5244
f 4621/9319/5245 4604/9278/5245 4587/9239/5245
f 4622/9320/5246 4648/9321/5246 4608/9322/5246 4609/9323/5246
f 4623/9324/5247 4656/9325/5247 4624/9296/5247 4610/9295/5247
f 4516/9126/5248 4663/9326/5248 4625/9327/5248 4477/9046/5248
f 4502/9089/5249 4591/9328/5249 4590/9329/5249 4501/9088/5249
f 4627/9330/5250 4664/9331/5250 4626/9332/5250 4584/9333/5250
f 4585/9191/5251 4626/9238/5251 4628/9334/5251 4567/9213/5251
f 4628/9334/5252 4619/9313/5252 4570/9214/5252 4567/9213/5252
f 4576/9223/5253 4620/9315/5253 4629/9335/5253 4573/9219/5253
f 4573/9219/5254 4629/9335/5254 4630/9336/5254 4569/9212/5254
f 4468/9019/5255 4632/9337/5255 4631/9338/5255 4472/9020/5255
f 4514/9122/5256 4719/9339/5256 4632/9340/5256 4468/9027/5256
f 4631/9341/5257 4707/9342/5257 4531/9152/5257 4472/9030/5257
f 4634/9343/5258 4633/9302/5258 4614/9301/5258 4615/9300/5258
f 4597/9265/5259 4617/9264/5259 4635/9344/5259
f 4636/9345/5260 4635/9344/5260 4617/9264/5260 4618/9346/5260
f 4637/9347/5261 4689/9348/5261 4627/9330/5261 4592/9349/5261
f 4638/9350/5 4639/9351/5 4640/9352/5
f 4641/9353/5262 4643/9354/5262 4638/9350/5262 4640/9352/5262
f 4638/9350/5263 4644/9355/5263 4642/9356/5263 4639/9351/5263
f 4643/9357/5264 4690/9358/5264 4644/9359/5264 4638/9360/5264
f 4645/9361/5265 4641/9353/5265 4640/9352/5265
f 4645/9361/5266 4640/9352/5266 4639/9351/5266
f 4639/9351/5267 4642/9356/5267 4645/9361/5267
f 4569/9212/5268 4630/9336/5268 4646/9362/5268 4565/9205/5268
f 4646/9362/5269 4689/9363/5269 4637/9274/5269 4565/9205/5269
f 4593/9364/5270 4653/9365/5270 4579/9234/5270 4558/9233/5270
f 4613/9291/5271 4676/9366/5271 4647/9367/5271 4622/9292/5271
f 4622/9320/5272 4647/9368/5272 4648/9321/5272
f 4625/9305/5273 4660/9369/5274 4649/9370/5275 4616/9306/5273
f 4649/9371/5276 4662/9372/5276 4650/9308/5276 4616/9307/5276
f 4591/9328/5277 4601/9373/5277 4600/9374/5277 4590/9329/5277
f 4645/9375/5278 4668/9376/5278 4651/9377/5278 4641/9378/5278
f 4651/9377/5279 4691/9379/5279 4643/9380/5279 4641/9378/5279
f 4652/9276/5280 4722/9381/5280 4521/9007/5280 4461/8898/5280
f 4653/9365/5281 4620/9382/5281 4587/9239/5281 4579/9234/5281
f 4654/9383/5282 4655/9317/5282 4621/9316/5282
f 4654/9384/5283 4621/9319/5283 4587/9239/5283
f 4623/9289/5284 4612/9288/5284 4657/9385/5284 4656/9386/5284
f 4596/9255/5285 4679/9387/5285 4658/9388/5285 4595/9256/5285
f 4658/9389/5286 4730/9390/5286 4659/9260/5286 4595/9259/5286
f 4660/9369/5274 4685/9391/21 4661/9392/21 4649/9370/5275
f 4661/9392/5287 4687/9393/5287 4662/9394/5287
f 4661/9395/5288 4662/9372/5288 4649/9371/5288
f 4663/9326/5289 4688/9396/5289 4660/9397/5289 4625/9327/5289
f 4598/9270/337 4600/9374/337 4601/9373/337 4599/9271/337
f 4626/9332/5290 4664/9331/5290 4628/9398/5290
f 4642/9399/5291 4666/9400/5291 4665/9401/5291
f 4642/9356/5292 4665/9402/5292 4645/9361/5292
f 4644/9403/5293 4692/9404/5293 4666/9400/5293 4642/9399/5293
f 4665/9402/5294 4669/9405/5294 4667/9406/5294 4645/9361/5294
f 4667/9407/5295 4671/9408/5295 4668/9376/5295 4645/9375/5295
f 4669/9405/5296 4673/9409/5296 4670/9410/5296 4667/9406/5296
f 4670/9411/5297 4696/9412/5297 4671/9408/5297 4667/9407/5297
f 4603/9413/5298 4697/9414/5298 4653/9365/5298 4593/9364/5298
f 4673/9409/5299 4674/9415/5299 4672/9416/5299 4670/9410/5299
f 4674/9415/5300 4702/9417/5300 4675/9418/5300 4672/9416/5300
f 4624/9419/5301 4705/9420/5301 4676/9366/5301 4613/9291/5301
f 4581/9236/5302 3103/6383/5302 4677/9421/5302
f 4581/9236/5303 5549/6377/5303 3103/6383/5303
f 3099/9149/5304 5551/9148/5304 5548/9422/5304
f 4678/9257/5305 4728/9423/5305 4679/9424/5305 4596/9258/5305
f 4528/9144/5306 4777/9425/5306 4678/9257/5306 4389/8792/5306
f 4659/9260/5307 4783/9426/5307 4551/9118/5307 4421/8928/5307
f 4682/9427/5 4686/9428/5 4680/9429/5 4681/9430/5
f 4680/9431/5308 4684/9432/5308 4683/9433/5308 4681/9434/5308
f 4681/9430/5309 4687/9393/5309 4661/9392/5309 4682/9427/5309
f 4686/9428/5310 4682/9427/5310 4661/9392/5310 4685/9391/5310
f 4688/9396/5311 4708/9435/5311 4685/9436/5311 4660/9397/5311
f 4689/9348/5312 4711/9437/5312 4664/9331/5312 4627/9330/5312
f 4691/9438/5313 4767/9439/5313 4690/9358/5313 4643/9357/5313
f 4690/9358/5314 4768/9440/5314 4692/9441/5314 4644/9359/5314
f 4693/9442/5315 4694/9443/5315 4669/9444/5315 4665/9401/5315
f 4666/9400/5316 4721/9445/5316 4693/9442/5316 4665/9401/5316
f 4694/9443/5317 4714/9446/5317 4673/9447/5317 4669/9444/5317
f 4695/9448/5318 4699/9449/5318 4696/9412/5318 4670/9411/5318
f 4619/9450/5319 4713/9451/5319 4697/9414/5319 4603/9413/5319
f 4698/9452/5320 4703/9453/5320 4699/9449/5320 4695/9448/5320
f 4697/9414/5321 4629/9454/5321 4620/9382/5321 4653/9365/5321
f 4700/9455/5322 4716/9456/5322 4655/9457/5322 4654/9384/5322
f 4701/9458/5323 4723/9459/5323 4700/9455/5323 4654/9384/5323
f 4647/9367/5324 4676/9366/5324 4704/9460/5324
f 4704/9461/5325 4756/9462/5325 4648/9463/5325
f 4704/9464/5326 4648/9321/5326 4647/9368/5326
f 4656/9325/5327 4726/9465/5327 4705/9466/5327 4624/9296/5327
f 4632/9337/5328 4718/9467/5328 4706/9468/5328 4631/9338/5328
f 4706/9469/5329 4732/9470/5329 4707/9342/5329 4631/9341/5329
f 4708/9435/5330 4709/9471/5330 4686/9472/5330 4685/9436/5330
f 4683/9433/5331 4710/9473/5331 4687/9474/5331 4681/9434/5331
f 4687/9474/5332 4710/9473/5332 4662/9372/5332
f 4711/9437/5333 4720/9475/5333 4628/9398/5333 4664/9331/5333
f 4712/9476/5334 4769/9477/5334 4691/9379/5334 4651/9377/5334
f 4668/9376/5335 4769/9477/5335 4712/9476/5335
f 4668/9376/5336 4712/9476/5336 4651/9377/5336
f 4628/9398/5337 4720/9475/5337 4713/9451/5337 4619/9450/5337
f 4714/9446/5338 4715/9478/5338 4674/9479/5338 4673/9447/5338
f 4715/9478/5339 4717/9480/5339 4702/9481/5339 4674/9479/5339
f 4719/9339/5340 4760/9482/5340 4718/9483/5340 4632/9340/5340
f 4635/9309/5341 4787/9484/5341 4663/9326/5341 4516/9126/5341
f 4650/9308/5342 4764/9485/5342 4636/9312/5342 4534/9155/5342
f 4646/9486/5343 4720/9475/5343 4711/9437/5343 4689/9348/5343
f 4692/9404/4881 4789/9487/4881 4721/9445/4881 4666/9400/4881
f 4629/9454/5344 4697/9414/5344 4713/9451/5344 4630/9488/5344
f 4724/9489/5345 4744/9490/5345 4723/9459/5345 4701/9458/5345
f 4725/9491/5346 4594/9492/5346 4716/9493/5346
f 4725/9494/5347 4716/9456/5347 4700/9455/5347
f 4723/9459/5348 4745/9495/5348 4725/9494/5348 4700/9455/5348
f 4656/9325/5349 4657/9496/5349 4726/9465/5349
f 4679/9387/5350 4729/9497/5350 4727/9498/5350 4658/9388/5350
f 4728/9423/5351 4805/9499/5351 4729/9500/5351 4679/9424/5351
f 4727/9501/5352 4779/9502/5352 4730/9390/5352 4658/9389/5352
f 4718/9467/21 4757/9503/21 4731/9504/21 4706/9468/21
f 4731/9504/5353 4759/9505/5353 4732/9506/5353 4706/9468/5353
f 4633/9262/5354 4819/9507/5354 4719/9339/5354 4514/9122/5354
f 4734/9508/5355 4683/9433/5355 4684/9432/5355 4733/9509/5355
f 4707/9342/5356 4820/9510/5356 4634/9303/5356 4531/9152/5356
f 4735/9511/5 4736/9512/5 4737/9513/5
f 4738/9514/5357 4741/9515/5358 4735/9511/5357 4737/9513/5358
f 4735/9511/5359 4740/9516/5359 4739/9517/5359 4736/9512/5359
f 4741/9518/5360 4808/9519/5360 4740/9520/5360 4735/9521/5360
f 4742/9522/5361 4738/9523/5361 4737/9524/5361
f 4742/9525/5362 4737/9513/5362 4736/9512/5362
f 4736/9512/5363 4739/9517/5363 4742/9525/5363
f 4630/9488/5364 4713/9451/5364 4720/9475/5364 4646/9486/5364
f 4743/9526/5365 4770/9527/5365 4744/9490/5365 4724/9489/5365
f 4715/9478/5366 4772/9528/5366 4746/9529/5366 4717/9480/5366
f 4747/9530/5367 4751/9531/5367 4748/9532/5367 4749/9533/5367
f 4750/9534/5368 4753/9535/5368 4747/9530/5368 4749/9533/5368
f 4752/9536/5369 4799/9537/5369 4751/9538/5369 4747/9539/5369
f 4753/9535/5370 4800/9540/5370 4752/9541/5370 4747/9530/5370
f 4703/9453/5371 4755/9542/5371 4754/9543/5371 4699/9449/5371
f 4749/9544/5372 4748/9545/5372 4750/9546/5372
f 4676/9547/5373 4705/9548/5373 4756/9462/5373 4704/9461/5373
f 4731/9504/5374 4757/9503/5374 4758/9549/5374
f 4758/9549/5375 4782/9550/5375 4759/9505/5375 4731/9504/5375
f 4760/9482/5376 4780/9551/5376 4757/9552/5376 4718/9483/5376
f 4709/9471/5377 4708/9435/5377 4761/9553/5377 4762/9554/5377
f 4733/9555/5378 4784/9556/5378 4763/9557/5378
f 4733/9555/5379 4763/9557/5379 4734/9558/5379
f 4662/9372/5380 4807/9559/5380 4764/9485/5380 4650/9308/5380
f 4739/9517/5381 4766/9560/5381 4765/9561/5381
f 4739/9517/5382 4765/9561/5382 4742/9525/5382
f 4740/9562/5383 4810/9563/5383 4766/9564/5383 4739/9565/5383
f 4767/9439/5384 4822/9566/5384 4768/9440/5384 4690/9358/5384
f 4769/9567/5385 4823/9568/5385 4767/9569/5385 4691/9570/5385
f 4744/9490/5386 4794/9571/5387 4745/9495/5388 4723/9459/5388
f 4699/9449/5389 4754/9543/5389 4771/9572/5389 4696/9412/5389
f 4772/9573/5390 4796/9574/5390 4773/9575/5390
f 4772/9573/5391 4773/9575/5391 4746/9576/5391
f 4755/9577/5392 4774/9578/5392 4754/9579/5392
f 4751/9580/5393 4816/9581/5393 4775/9582/5393 4748/9583/5393
f 4748/9545/5394 4775/9584/5394 4776/9585/5394 4750/9546/5394
f 4777/9425/5395 4829/9586/5395 4728/9423/5395 4678/9257/5395
f 4727/9498/5396 4729/9497/5396 4778/9587/5396
f 4778/9588/5397 4828/9589/5397 4779/9502/5397 4727/9501/5397
f 4780/9551/5398 4781/9590/5398 4758/9591/5398 4757/9552/5398
f 4730/9390/4573 4851/9592/4573 4783/9426/4573 4659/9260/4573
f 4785/9593/5399 4734/9558/5399 4763/9557/5399 4784/9556/5399
f 4784/9556/5400 4762/9594/5400 4786/9595/5400 4785/9593/5400
f 4787/9484/5401 4806/9596/5401 4688/9396/5401 4663/9326/5401
f 4742/9522/5402 4791/9597/5402 4788/9598/5402 4738/9523/5402
f 4788/9598/5403 4809/9599/5403 4741/9600/5403 4738/9523/5403
f 4768/9601/5404 4824/9602/5404 4789/9603/5404 4692/9604/5404
f 4721/9445/5405 4789/9487/5405 4693/9442/5405
f 4766/9564/5406 4810/9563/5406 4790/9605/5406 4765/9606/5406
f 4671/9408/5407 4793/9607/5407 4792/9608/5407 4668/9376/5407
f 4792/9608/5408 4823/9609/5408 4769/9477/5408 4668/9376/5408
f 4696/9412/5409 4771/9572/5409 4793/9607/5409 4671/9408/5409
f 4770/9527/5410 4812/9610/5410 4794/9571/5387 4744/9490/5386
f 4795/9611/5411 4772/9528/5411 4715/9478/5411 4714/9446/5411
f 4796/9574/5412 4772/9573/5412 4797/9612/5412 4798/9613/5412
f 4752/9536/506 4800/9614/506 4799/9537/506
f 4802/9615/5413 4754/9579/5413 4774/9578/5413 4801/9616/5413
f 4726/9617/5414 4804/9618/5414 4803/9619/5414 4705/9548/5414
f 4705/9548/5415 4803/9619/5415 4756/9462/5415
f 4657/9496/5416 4827/9620/5416 4804/9621/5417
f 4657/9496/5416 4804/9621/5417 4726/9465/5417
f 4805/9499/5418 4828/9622/5418 4778/9623/5418
f 4805/9499/5419 4778/9623/5419 4729/9500/5419
f 4551/9181/5420 4783/9624/5420 4777/9625/5420 4528/9146/5420
f 4762/9594/5421 4761/9626/5421 4786/9595/5421
f 4806/9596/5422 4761/9553/5422 4708/9435/5422 4688/9396/5422
f 4734/9508/5423 4821/9627/5423 4710/9473/5423 4683/9433/5423
f 4710/9473/5424 4821/9627/5424 4807/9559/5424 4662/9372/5424
f 4809/9628/5425 4855/9629/5425 4808/9519/5425 4741/9518/5425
f 4808/9519/5426 4854/9630/5426 4810/9631/5426 4740/9520/5426
f 4811/9632/5427 4813/9633/5427 4694/9443/5427 4693/9442/5427
f 4789/9487/5428 4824/9634/5428 4811/9632/5428 4693/9442/5428
f 4813/9633/5429 4795/9611/5429 4714/9446/5429 4694/9443/5429
f 4797/9612/5430 4841/9635/5430 4814/9636/5430
f 4797/9612/5430 4814/9636/5430 4798/9613/5430
f 4815/9637/5431 4825/9638/5432 4802/9639/5433
f 4815/9640/5434 4802/9641/5434 4801/9642/5434
f 4799/9643/5435 4847/9644/5435 4816/9581/5435 4751/9580/5435
f 4750/9534/5436 4817/9645/5436 4753/9535/5436
f 4776/9646/5437 4869/9647/5437 4817/9645/5437 4750/9534/5437
f 5552/9648/5438 5548/9422/5438 5549/9649/5438
f 5552/9648/5438 5549/9649/5438 4818/9650/5438
f 4819/9507/5439 4852/9651/5439 4760/9482/5439 4719/9339/5439
f 4732/9470/5440 4853/9652/5440 4820/9510/5440 4707/9342/5440
f 4823/9568/5441 4856/9653/5441 4822/9654/5441 4767/9569/5441
f 4822/9654/5442 4856/9653/5442 4824/9602/5442 4768/9601/5442
f 4826/9655/5443 4648/9656/5443 4756/9657/5443
f 4826/9658/5444 4756/9462/5444 4803/9619/5444
f 3103/6383/5445 4840/9659/5445 3100/6373/5445
f 3103/6383/5446 3100/6373/5446 4677/9421/5446
f 4827/9660/5447 4826/9658/5447 4803/9619/5447 4804/9618/5447
f 4829/9586/5448 4883/9661/5448 4805/9499/5448 4728/9423/5448
f 4782/9662/5449 4831/9663/5449 4830/9664/5449
f 4782/9665/5450 4830/9666/5450 4759/9667/5450
f 4782/9668/5451 4781/9669/5451 4780/9670/5451
f 4782/9671/5452 4780/9551/5452 4831/9672/5452
f 4636/9345/5453 4764/9673/5453 4787/9674/5453 4635/9344/5453
f 4833/9675/5454 4838/9676/5454 4834/9677/5454 4832/9678/5454
f 4835/9679/5455 4837/9680/5455 4832/9681/5455 4834/9682/5455
f 4832/9683/5456 4837/9684/5456 4836/9685/5456 4833/9686/5456
f 4839/9687/5457 4886/9688/5457 4809/9599/5457 4788/9598/5457
f 4791/9597/5458 4886/9688/5458 4839/9687/5458
f 4791/9597/5459 4839/9687/5459 4788/9598/5459
f 4840/9689/5460 4912/9690/5460 4652/9276/5460 3100/9275/5460
f 4754/9579/5461 4802/9615/5461 5553/9691/5461 4771/9692/5461
f 4843/9693/5462 4865/9694/5462 4844/9695/5462 4842/9696/5462
f 4845/9697/5463 4843/9693/5463 4842/9696/5463
f 4845/9697/5464 4842/9696/5464 4844/9695/5464
f 4825/9638/5432 4846/9698/5432 4802/9639/5433
f 4800/9614/5465 4903/9699/5465 4847/9700/5465 4799/9537/5465
f 4848/9701/5466 4800/9540/5466 4753/9535/5466 4817/9645/5466
f 4775/9584/5467 4850/9702/5467 4849/9703/5467 4776/9585/5467
f 4816/9581/5468 4893/9704/5468 4850/9705/5468 4775/9582/5468
f 4779/9502/5469 4894/9706/5469 4851/9592/5469 4730/9390/5469
f 4852/9651/5470 4831/9672/5470 4780/9551/5470 4760/9482/5470
f 4759/9667/5471 4830/9666/5471 4853/9652/5471 4732/9470/5471
f 4761/9626/5472 4821/9707/5472 4785/9593/5472 4786/9595/5472
f 4855/9629/5473 4910/9708/5473 4854/9630/5473 4808/9519/5473
f 4810/9563/5474 4854/9709/5474 4790/9605/5474
f 4859/9710/5475 4860/9711/5475 4857/9712/5475 4858/9713/5475
f 4861/9714/5476 4863/9715/5476 4858/9713/5476
f 4861/9714/5477 4858/9713/5477 4857/9712/5477
f 4860/9716/5478 4887/9717/5478 4862/9718/5478 4857/9719/5478
f 4862/9720/5479 4895/9721/5479 4861/9722/5479 4857/9723/5479
f 4792/9724/5480 4889/9725/5480 4856/9653/5480 4823/9568/5480
f 4863/9715/5481 4864/9726/5481 4859/9710/5481 4858/9713/5481
f 4864/9727/5482 4888/9728/5482 4860/9729/5482 4859/9730/5482
f 4856/9653/5483 4889/9725/5483 4811/9731/5483 4824/9602/5483
f 4795/9732/5484 5553/9691/5484 4797/9612/5484 4772/9573/5484
f 4865/9733/5485 4901/9734/5485 4866/9735/5485 4844/9736/5485
f 4866/9737/5486 4915/9738/5486 4845/9697/5486 4844/9695/5486
f 4867/9739/5487 4902/9740/5487 4865/9741/5487 4843/9742/5487
f 4845/9743/5488 4917/9744/5488 4867/9745/5488 4843/9746/5488
f 4868/9747/5489 4892/9748/5489 4802/9615/5489
f 4868/9749/5490 4802/9750/5490 4846/9751/5490
f 4849/9703/5491 4922/9752/5491 4869/9753/5491 4776/9585/5491
f 4608/9283/5492 4871/9754/5492 4870/9755/5492 4612/9284/5492
f 4648/9321/4816 4946/9756/4816 4871/9757/4816 4608/9322/4816
f 4873/9758/5 4877/9759/5 4874/9760/5 4872/9761/5
f 4875/9762/5493 4879/9763/5493 4873/9758/5493 4872/9761/5493
f 4874/9764/5494 4880/9765/5494 4876/9766/5494 4872/9767/5494
f 4876/9768/5495 4906/9769/5495 4875/9770/5495
f 4876/9768/5496 4875/9770/5496 4872/9771/5496
f 4878/9772/5497 4881/9773/5497 4877/9759/5497 4873/9758/5497
f 4879/9763/5498 4881/9773/5498 4878/9772/5498
f 4879/9763/5499 4878/9772/5499 4873/9758/5499
f 4877/9774/5500 4882/9775/5500 4880/9776/5500 4874/9777/5500
f 4881/9778/5501 4924/9779/5501 4882/9775/5501 4877/9774/5501
f 4805/9499/5502 4883/9661/5502 4828/9622/5502
f 4634/9343/5503 4820/9780/5503 4819/9781/5503 4633/9302/5503
f 4734/9558/5504 4785/9593/5504 4821/9707/5504
f 4764/9673/5505 4807/9782/5505 4806/9783/5505 4787/9674/5505
f 4884/9784/5506 4885/9785/5506 4838/9676/5506 4833/9675/5506
f 4833/9786/5507 4836/9787/5507 4884/9788/5507
f 4886/9789/5508 4926/9790/5508 4855/9791/5508 4809/9792/5508
f 4888/9793/5509 4927/9794/5509 4887/9717/5509 4860/9716/5509
f 4771/9692/5510 5553/9691/5510 4890/9795/5510 4793/9796/5510
f 4795/9732/5511 4813/9797/5512 5553/9691/5513
f 5553/9691/5514 4891/9798/5514 4841/9635/5514 4797/9612/5514
f 4892/9748/5515 4900/9799/5515 5553/9691/5515 4802/9615/5515
f 4847/9644/5516 4905/9800/5516 4893/9704/5516 4816/9581/5516
f 4817/9645/5517 4870/9755/5517 4848/9701/5517
f 4869/9647/5518 4923/9801/5518 4870/9755/5518 4817/9645/5518
f 4870/9802/5519 4923/9803/5519 4657/9496/5519 4612/9804/5519
f 4828/9805/5520 4883/9806/5520 4894/9807/5520
f 4828/9589/5521 4894/9706/5521 4779/9502/5521
f 4783/9624/5522 4851/9808/5522 4829/9809/5522 4777/9625/5522
f 4887/9717/5523 4928/9810/5523 4896/9811/5523 4862/9718/5523
f 4896/9812/5524 4928/9813/5524 4895/9721/5524
f 4896/9812/5525 4895/9721/5525 4862/9720/5525
f 4897/9814/5526 4929/9815/5526 4888/9728/5526 4864/9727/5526
f 4864/9727/5527 4863/9816/5527 4897/9814/5527
f 4854/9709/5528 4910/9817/5528 4898/9818/5528 4790/9605/5528
f 4793/9796/5529 4890/9795/5529 4889/9725/5529 4792/9724/5529
f 4811/9731/5530 4889/9725/5530 4890/9795/5530 4813/9797/5530
f 4813/9797/5512 4890/9795/5512 5553/9691/5513
f 5553/9691/5531 4890/9795/5532 4899/9819/5533 4891/9798/5531
f 4902/9740/533 4968/9820/533 4901/9821/533 4865/9741/533
f 4904/9822/5534 4903/9699/5534 4800/9614/5534
f 4904/9822/5535 4800/9614/5535 4848/9823/5535
f 4903/9824/5536 4945/9825/5536 4905/9826/5536 4847/9827/5536
f 4871/9757/5537 4904/9822/5537 4848/9823/5537
f 4871/9754/5538 4848/9701/5538 4870/9755/5538
f 4850/9828/5539 4893/9829/5539 4849/9830/5539
f 4876/9766/5540 4880/9765/5540 4906/9831/5540
f 4807/9782/5541 4821/9707/5541 4761/9626/5541 4806/9783/5541
f 4907/9832/5542 4909/9833/5542 4885/9785/5542 4884/9784/5542
f 4884/9788/5543 4836/9787/5543 4908/9834/5543 4907/9835/5543
f 4911/9836/5544 4926/9790/5544 4886/9789/5544 4791/9837/5544
f 4912/9690/5545 4984/9838/5545 4722/9381/5545 4652/9276/5545
f 4890/9795/5532 4931/9839/5546 4913/9840/5546 4899/9819/5533
f 5553/9691/5547 4900/9799/5547 4890/9795/5547
f 4901/9734/5548 4978/9841/5548 4914/9842/5548 4866/9735/5548
f 4914/9842/5549 4978/9841/5549 4915/9843/5549
f 4914/9842/5550 4915/9843/5550 4866/9735/5550
f 4916/9844/5551 4969/9845/5551 4902/9740/5551 4867/9739/5551
f 4917/9744/5552 4969/9846/5552 4916/9847/5552
f 4917/9744/5553 4916/9847/5553 4867/9745/5553
f 4920/9848/5554 4921/9849/5554 4918/9850/5554
f 4920/9851/5555 4918/9852/5555 4919/9853/5555
f 4922/9752/5556 4986/9854/5556 4923/9803/5556 4869/9753/5556
f 4881/9778/5557 4879/9855/5557 4925/9856/5557 4924/9779/5557
f 4820/9780/5558 4853/9857/5558 4852/9858/5558 4819/9781/5558
f 4926/9790/5559 4975/9859/5559 4910/9860/5559 4855/9791/5559
f 4927/9794/5560 4991/9861/5560 4928/9810/5560 4887/9717/5560
f 4929/9815/5561 4992/9862/5561 4927/9863/5561 4888/9728/5561
f 4930/9864/5562 4929/9815/5562 4897/9814/5562 4863/9816/5562
f 4890/9795/5563 4900/9799/5563 4932/9865/5563
f 4932/9865/5564 4965/9866/5564 4931/9839/5564 4890/9795/5564
f 4934/9867/5565 4920/9851/5565 4919/9853/5565 4933/9868/5565
f 4921/9849/5566 4920/9848/5566 4935/9869/5566 4936/9870/5566
f 4936/9870/5567 4935/9869/5567 4937/9871/5567
f 4937/9871/5568 4935/9869/5568 4938/9872/5568 4939/9873/5568
f 4938/9872/5569 4941/9874/5569 4940/9875/5569
f 4938/9872/5569 4940/9875/5569 4939/9873/5569
f 4938/9872/5569 4943/9876/5569 4942/9877/5569
f 4938/9872/5569 4942/9877/5569 4941/9874/5569
f 4938/9872/5570 4970/9878/5571 4944/9879/5572
f 4938/9872/5573 4944/9879/5573 4943/9876/5573
f 4945/9825/5574 4849/9830/5574 4893/9829/5574 4905/9826/5574
f 4946/9756/5575 4971/9880/5575 4904/9822/5575 4871/9757/5575
f 4945/9825/5576 4987/9881/5576 4922/9882/5576 4849/9830/5576
f 4880/9765/5577 4972/9883/5577 4947/9884/5577 4906/9831/5577
f 4948/9885/5578 4875/9770/5578 4906/9769/5578 4947/9886/5578
f 4949/9887/5579 5555/9888/5579 4950/9889/5579
f 4949/9890/5580 4950/9891/5580 5554/9892/5580
f 5554/9892/5 5555/9893/5 4950/9891/5
f 4951/9894/5581 4953/9895/5581 5554/9896/5581
f 4951/9894/5582 5554/9896/5582 4950/9897/5582
f 5554/9898/5583 4953/9899/5583 4952/9900/5583 5555/9901/5583
f 5555/9893/5 4956/9902/5 4954/9903/5 4950/9891/5
f 4955/9904/5584 4951/9894/5584 4950/9897/5584 4954/9905/5584
f 4956/9902/5585 4960/9906/5585 4957/9907/5585 4954/9903/5585
f 4958/9908/5586 4955/9904/5586 4954/9905/5586 4957/9909/5586
f 5555/9901/5587 4952/9900/5587 4959/9910/5587 4956/9911/5587
f 4956/9911/5588 4959/9910/5588 4961/9912/5588 4960/9913/5588
f 4960/9913/5589 4961/9912/5589 4962/9914/5589
f 4853/9857/5590 4830/9664/5590 4831/9663/5590 4852/9858/5590
f 4907/9832/5591 4964/9915/5591 4963/9916/5591 4909/9833/5591
f 4908/9834/5592 4983/9917/5592 4964/9918/5592 4907/9835/5592
f 4967/9919/5593 4934/9867/5593 4933/9868/5593 4966/9920/5593
f 4969/9845/5594 5012/9921/5594 4968/9820/5594 4902/9740/5594
f 4904/9822/5595 4971/9880/5595 4903/9699/5595
f 4882/9922/5596 4973/9923/5596 4972/9883/5596 4880/9765/5596
f 4924/9779/5597 4980/9924/5597 4973/9925/5597 4882/9775/5597
f 4957/9909/5598 4974/9926/5598 4958/9908/5598
f 4962/9927/5599 4961/9928/5599 4958/9929/5599 4974/9930/5599
f 4851/9808/5600 4894/9807/5600 4883/9806/5600 4829/9809/5600
f 4975/9859/5601 4911/9836/5601 4898/9931/5601 4910/9860/5601
f 4926/9790/5602 4911/9836/5602 4975/9859/5602
f 4977/9932/5603 4967/9919/5603 4966/9920/5603 4976/9933/5603
f 4968/9934/5604 5010/9935/5604 4978/9841/5604 4901/9734/5604
f 4938/9872/5605 5002/9936/5605 4979/9937/5605
f 4938/9872/5570 4979/9937/5606 4970/9878/5571
f 4971/9938/5607 4987/9881/5607 4945/9825/5607 4903/9824/5607
f 4826/9939/5608 5003/9940/5608 4946/9756/5608 4648/9321/5608
f 4924/9779/5609 4925/9856/5609 4980/9924/5609
f 4964/9915/5610 4982/9941/5610 4981/9942/5610 4963/9916/5610
f 4983/9917/5611 5043/9943/5611 4982/9944/5611
f 4983/9917/5612 4982/9944/5612 4964/9918/5612
f 4895/9721/5613 4993/9945/5613 4977/9932/5613 4976/9933/5613
f 4985/9946/5614 5108/9947/5614 4912/9690/5614 4840/9689/5614
f 3103/9948/5615 4845/9949/5615 4985/9946/5615
f 3103/6383/5616 4985/9950/5616 4840/9659/5616
f 4987/9881/5617 5058/9951/5617 4986/9952/5617 4922/9882/5617
f 4986/9854/5618 4827/9620/5618 4657/9496/5618
f 4986/9854/5619 4657/9496/5619 4923/9803/5619
f 4972/9883/5620 5038/9953/5620 4988/9954/5620 4947/9884/5620
f 4947/9886/5621 4988/9955/5621 4948/9885/5621
f 4875/9762/5622 5004/9956/5622 4989/9957/5622 4879/9763/5622
f 4989/9958/5623 5006/9959/5623 4925/9856/5623 4879/9855/5623
f 4990/9960/5624 4952/9900/5624 4953/9899/5624
f 4990/9961/5625 4953/9962/5625 4951/9963/5625
f 4992/9964/5626 5044/9965/5626 4991/9966/5626 4927/9967/5626
f 4928/9813/5627 4991/9968/5627 4993/9945/5627 4895/9721/5627
f 4929/9969/5628 4930/9970/5628 4992/9964/5628
f 4995/9971/5629 4999/9972/5629 4996/9973/5629 4994/9974/5629
f 4994/9974/5630 4998/9975/5630 4997/9976/5630 4995/9971/5630
f 4994/9974/5631 4996/9973/5631 4998/9975/5631
f 5000/9977/5632 5053/9978/5632 4999/9979/5632 4995/9980/5632
f 4997/9981/5633 5055/9982/5633 5000/9977/5633
f 4997/9976/5634 5000/9983/5634 4995/9971/5634
f 4920/9848/5635 4934/9984/5635 5001/9985/5635 4935/9869/5635
f 5003/9986/5636 4987/9881/5636 4971/9938/5636
f 5003/9940/5637 4971/9880/5637 4946/9756/5637
f 4948/9885/5638 5037/9987/5638 5004/9988/5638 4875/9770/5638
f 5004/9956/5639 5034/9989/5639 5005/9990/5639 4989/9957/5639
f 5005/9991/5640 5035/9992/5640 5006/9959/5640 4989/9958/5640
f 4996/9993/5641 5009/9994/5641 5007/9995/5641 4998/9996/5641
f 5008/9997/5642 4997/9976/5642 4998/9975/5642 5007/9998/5642
f 4999/9999/5643 5054/10000/5643 5009/10001/5643 4996/10002/5643
f 5011/10003/5644 4915/9843/5644 4978/9841/5644
f 5011/10003/5645 4978/9841/5645 5010/9935/5645
f 5012/10004/5646 5083/10005/5646 5010/10006/5646 4968/10007/5646
f 5013/10008/5647 5014/10009/5647 5002/9936/5647 4938/9872/5647
f 4969/9846/5648 4917/9744/5648 5015/10010/5648
f 4969/10011/5649 5015/10012/5649 5012/10004/5649
f 5018/10013/5650 5020/10014/5650 5016/10015/5650 5017/10016/5650
f 5016/10015/5651 5021/10017/5651 5019/10018/5651 5017/10016/5651
f 5020/10019/5652 5056/10020/5652 5021/10021/5652 5016/10022/5652
f 5017/10016/5653 5019/10018/5653 5018/10013/5653
f 5022/10023/5654 5057/10024/5654 5020/10025/5654 5018/10026/5654
f 5019/10018/5655 5114/10027/5655 5022/10028/5655 5018/10013/5655
f 5023/10029/5 5557/10030/5 5024/10031/5 5025/10032/5
f 5026/10033/5656 5027/10034/5656 5023/10035/5656 5025/10036/5656
f 5557/10037/5657 5028/10038/5657 5558/10039/5657 5024/10040/5657
f 5024/10031/5658 5031/10041/5659 5029/10042/5660 5025/10032/5658
f 5030/10043/5661 5026/10033/5661 5025/10036/5661 5029/10044/5661
f 5024/10040/5662 5558/10039/5662 5032/10045/5662 5031/10046/5662
f 5034/9989/5663 5036/10047/5663 5033/10048/5663 5005/9990/5663
f 5033/10049/5664 5036/10050/5664 5035/10051/5664
f 5033/10052/5665 5035/9992/5665 5005/9991/5665
f 5037/9987/5666 5067/10053/5666 5034/10054/5666 5004/9988/5666
f 4973/10055/5667 5039/10056/5667 5038/10057/5667 4972/10058/5667
f 4980/9924/5668 5040/10059/5668 5039/10060/5668 4973/9925/5668
f 4925/9856/5669 5124/10061/5669 5040/10059/5669 4980/9924/5669
f 5041/10062/5670 4990/9961/5670 4951/9963/5670 4955/10063/5670
f 4952/9900/5671 4990/9960/5671 5041/10064/5671 4959/9910/5671
f 4982/9941/5672 5043/10065/5672 5042/10066/5672 4981/9942/5672
f 4930/9970/5673 5073/10067/5673 5044/9965/5673 4992/9964/5673
f 5047/10068/5674 5048/10069/5674 5045/10070/5674 5046/10071/5674
f 5049/10072/5675 5051/10073/5675 5046/10071/5675 5045/10070/5675
f 5048/10074/5676 5069/10075/5676 5050/10076/5676 5045/10077/5676
f 5045/10070/5677 5050/10078/5677 5049/10072/5677
f 5047/10068/5678 5046/10071/5678 5051/10073/5678
f 5052/10079/5679 5070/10080/5679 5048/10081/5679 5047/10082/5679
f 5051/10083/5680 5106/10084/5680 5052/10085/5680 5047/10086/5680
f 5053/10087/5681 5133/10088/5681 5054/10000/5681 4999/9999/5681
f 5055/9982/5682 5132/10089/5682 5053/9978/5682 5000/9977/5682
f 5001/9985/5683 5013/10008/5683 4938/9872/5683 4935/9869/5683
f 5057/10024/5684 5137/10090/5684 5056/10091/5684 5020/10025/5684
f 4987/9881/5685 5003/9986/5685 5058/9951/5685
f 5059/10092/5686 5090/10093/5686 5115/10094/5686 5060/10095/5686
f 5059/10096/5687 5060/10097/5687 5061/10098/5687
f 5062/10099/5688 5089/10100/5688 5059/10101/5688
f 5062/10099/5689 5059/10101/5689 5061/10102/5689
f 5031/10041/5659 5065/10103/5690 5063/10104/5690 5029/10042/5660
f 5064/10105/5691 5030/10043/5691 5029/10044/5691 5063/10106/5691
f 5031/10046/5692 5032/10045/5692 5066/10107/5692 5065/10108/5692
f 5034/10054/5693 5067/10053/5693 5036/10109/5693
f 5038/10110/5694 5123/10111/5694 4948/9885/5694 4988/9955/5694
f 4959/10112/5695 5041/10062/5695 5068/10113/5695 4961/10114/5695
f 4961/10115/5696 5068/10116/5696 4958/10117/5696
f 5044/9965/5697 5073/10067/5697 4993/10118/5697 4991/9966/5697
f 5070/10119/5698 5144/10120/5698 5069/10075/5698 5048/10074/5698
f 5050/10078/5699 5072/10121/5699 5071/10122/5699 5049/10072/5699
f 5069/10075/5700 5143/10123/5700 5072/10124/5700 5050/10076/5700
f 5076/10125/5701 5078/10126/5701 5074/10127/5701 5075/10128/5701
f 5074/10127/5702 5079/10129/5702 5077/10130/5702 5075/10128/5702
f 5078/10131/5703 5109/10132/5703 5079/10133/5703 5074/10134/5703
f 5075/10128/5704 5077/10130/5704 5076/10125/5704
f 5080/10135/5705 5110/10136/5705 5078/10137/5705 5076/10138/5705
f 5077/10130/5706 5130/10139/5706 5080/10140/5706 5076/10125/5706
f 5009/9994/5707 5131/10141/5707 5081/10142/5707 5007/9995/5707
f 5081/10142/5708 5147/10143/5708 5008/10144/5708 5007/9995/5708
f 5082/10145/5709 5001/10146/5709 4934/9867/5709 4967/9919/5709
f 5084/10147/5710 5011/10148/5710 5010/10006/5710 5083/10005/5710
f 5015/10012/5711 5084/10147/5711 5083/10005/5711
f 5015/10012/5712 5083/10005/5712 5012/10004/5712
f 5056/10020/5713 5136/10149/5713 5085/10150/5713 5021/10021/5713
f 5021/10021/5714 5085/10150/5714 5019/10151/5714
f 5087/10152/5715 5061/10098/5715 5060/10097/5715 5086/10153/5715
f 4986/9952/5716 5058/9951/5716 4827/9660/5716
f 5062/10099/5717 5061/10102/5717 5088/10154/5717 5089/10100/5717
f 5088/10154/5718 5091/10155/5718 5090/10156/5718 5089/10100/5718
f 5091/10155/5719 5115/10157/5719 5092/10158/5719
f 5091/10155/5720 5092/10158/5720 5090/10156/5720
f 5095/10159/5721 5097/10160/5721 5093/10161/5721 5094/10162/5721
f 5096/10163/5722 5100/10164/5722 5094/10162/5722
f 5096/10163/5722 5094/10162/5722 5093/10161/5722
f 5097/10165/5723 5119/10166/5723 5098/10167/5723 5093/10168/5723
f 5098/10167/5724 5099/10169/5724 5096/10170/5724 5093/10168/5724
f 5065/10103/5725 5103/10171/5725 5096/10163/5725 5063/10104/5725
f 5099/10169/5726 5064/10105/5726 5063/10106/5726 5096/10170/5726
f 5094/10162/5 5100/10164/5 5095/10159/5
f 5101/10172/5727 5102/10173/5727 5095/10174/5727 5100/10175/5727
f 5102/10176/5728 5120/10177/5728 5097/10178/5728 5095/10179/5728
f 5103/10180/5729 5101/10172/5729 5100/10175/5729
f 5103/10171/5730 5100/10164/5730 5096/10163/5730
f 5065/10108/5731 5066/10107/5731 5104/10181/5731 5103/10180/5731
f 5036/10182/5732 5067/10183/5732 5105/10184/5732
f 5036/10185/5733 5105/10186/5733 5035/9992/5733
f 5068/10113/5734 5041/10062/5734 4955/10063/5734 4958/10187/5734
f 5107/10188/5735 5156/10189/5735 5070/10080/5735 5052/10079/5735
f 5106/10084/5736 5156/10190/5736 5107/10191/5736
f 5106/10084/5737 5107/10191/5737 5052/10085/5737
f 5108/9947/5738 5179/10192/5738 4984/9838/5738 4912/9690/5738
f 5110/10136/5739 5173/10193/5739 5109/10194/5739 5078/10137/5739
f 5111/10195/5740 5082/10145/5740 4967/9919/5740 4977/9932/5740
f 4845/9697/5741 4915/9738/5741 5108/10196/5741
f 4845/9949/5742 5108/9947/5742 4985/9946/5742
f 5013/10008/5743 5134/10197/5743 5112/10198/5743
f 5013/10008/5744 5112/10198/5744 5014/10009/5744
f 5113/10199/5745 5151/10200/5745 5057/10024/5745 5022/10023/5745
f 5114/10201/5746 5151/10202/5746 5113/10203/5746
f 5114/10201/5747 5113/10203/5747 5022/10204/5747
f 4826/9658/5748 4827/9660/5748 5058/9951/5748 5003/9986/5748
f 5091/10155/5749 5562/10205/5750 5116/10206/5751
f 5091/10155/5749 5116/10206/5751 5115/10157/5752
f 5027/10034/506 5026/10033/506 5117/10207/506
f 5027/10208/5753 5117/10209/5754 5118/10210/5754
f 5120/10177/5755 5182/10211/5755 5119/10212/5755 5097/10178/5755
f 5122/10213/5756 5558/10039/5756 5028/10038/5756 5121/10214/5756
f 5039/10056/5757 5124/10215/5757 5123/10216/5757 5038/10057/5757
f 5039/10056/5758 5040/10217/5758 5124/10215/5758
f 5043/10065/5759 5126/10218/5759 5125/10219/5759 5042/10066/5759
f 5043/9943/5760 4983/9917/5760 5126/10220/5760
f 5127/10221/5761 5145/10222/5761 5051/10073/5761 5049/10072/5761
f 5071/10122/5762 5158/10223/5762 5127/10221/5762 5049/10072/5762
f 4977/10224/5763 4993/10118/5763 5111/10225/5763
f 5109/10132/5764 5174/10226/5764 5128/10227/5764 5079/10133/5764
f 5079/10133/5765 5128/10227/5765 5077/10228/5765
f 5129/10229/5766 5175/10230/5766 5110/10231/5766 5080/10232/5766
f 5130/10233/5767 5175/10230/5767 5129/10229/5767
f 5130/10233/5768 5129/10229/5768 5080/10232/5768
f 5054/10000/5769 5165/10234/5769 5131/10235/5769 5009/10001/5769
f 5132/10089/5770 5180/10236/5770 5133/10237/5770 5053/9978/5770
f 5055/9982/5771 4997/9981/5771 5135/10238/5771 5132/10089/5771
f 5137/10239/5772 5194/10240/5772 5136/10149/5772 5056/10020/5772
f 5119/10166/5773 5181/10241/5773 5138/10242/5773 5098/10167/5773
f 5098/10167/5774 5138/10242/5774 5099/10169/5774
f 5118/10210/5754 5117/10209/5754 5139/10243/5754
f 5140/10244/5775 5154/10245/5775 5122/10213/5775 5121/10214/5775
f 5104/10181/5776 5141/10246/5776 5101/10172/5776 5103/10180/5776
f 5141/10246/5777 5169/10247/5777 5102/10173/5777 5101/10172/5777
f 5558/10039/5778 5122/10213/5778 5142/10248/5778 5032/10045/5778
f 5006/9959/5779 5155/10249/5779 5124/10061/5779 4925/9856/5779
f 5144/10120/5780 5187/10250/5780 5143/10123/5780 5069/10075/5780
f 5143/10123/5781 5159/10251/5781 5071/10252/5781 5072/10124/5781
f 5073/10067/5782 5157/10253/5782 5111/10225/5782 4993/10118/5782
f 5145/10254/5783 5172/10255/5783 5106/10256/5783 5051/10257/5783
f 5131/10141/5784 5191/10258/5784 5146/10259/5784 5081/10142/5784
f 5146/10259/5785 5191/10258/5785 5147/10143/5785
f 5146/10259/5786 5147/10143/5786 5081/10142/5786
f 5082/10260/5787 5176/10261/5787 5013/10008/5787 5001/9985/5787
f 5148/10262/5788 5019/10018/5788 5085/10263/5788
f 5148/10264/5789 5085/10150/5789 5136/10149/5789
f 5150/10265/5790 5087/10152/5790 5086/10153/5790 5149/10266/5790
f 5151/10200/5791 5196/10267/5791 5137/10090/5791 5057/10024/5791
f 5152/10268/506 5117/10207/506 5026/10033/506 5030/10043/506
f 5139/10243/5792 5117/10209/5792 5153/10269/5792 5140/10270/5792
f 5140/10270/5793 5153/10269/5793 5154/10271/5793
f 5123/10111/5794 5171/10272/5794 5037/9987/5794 4948/9885/5794
f 5035/9992/5795 5105/10186/5795 5155/10249/5795 5006/9959/5795
f 5156/10189/5796 5201/10273/5796 5144/10274/5796 5070/10080/5796
f 5159/10275/5797 5189/10276/5797 5158/10277/5797 5071/10278/5797
f 5160/10279/5798 5162/10280/5798 5145/10222/5798 5127/10221/5798
f 5158/10223/5799 5163/10281/5799 5160/10279/5799 5127/10221/5799
f 5160/10279/5800 5161/10282/5800 5162/10280/5800
f 5163/10281/5801 5164/10283/5801 5161/10282/5801 5160/10279/5801
f 5134/10284/5802 5166/10285/5802 5162/10286/5802
f 5134/10287/5803 5162/10280/5803 5161/10282/5803
f 5133/10088/5804 5192/10288/5804 5165/10234/5804 5054/10000/5804
f 5013/10008/5805 5176/10261/5805 5166/10289/5805 5134/10197/5805
f 5061/10290/5806 5087/10291/5806 5167/10292/5806 5088/10293/5806
f 5168/10294/5750 5562/10205/5750 5091/10155/5749
f 5169/10247/5807 5199/10295/5807 5120/10296/5807 5102/10173/5807
f 5032/10045/5808 5142/10248/5808 5170/10297/5809 5066/10107/5810
f 5171/10298/5811 5105/10184/5811 5067/10183/5811 5037/10299/5811
f 5145/10254/5812 5162/10286/5812 5172/10255/5812
f 5173/10300/5813 5213/10301/5813 5174/10226/5813 5109/10132/5813
f 5175/10302/5814 5215/10303/5814 5173/10193/5814 5110/10136/5814
f 5157/10253/5815 5176/10261/5815 5082/10260/5815 5111/10225/5815
f 5166/10285/5816 5242/10304/5816 5172/10255/5816 5162/10286/5816
f 5177/10305/5817 5178/10306/5817 5164/10307/5817 5163/10308/5817
f 4915/9843/5818 5011/10003/5818 5179/10192/5818 5108/9947/5818
f 5132/10089/5819 5135/10238/5819 5180/10236/5819
f 5181/10241/5820 5184/10309/5821 5099/10169/5822 5138/10242/5820
f 5182/10310/5823 5237/10311/5823 5181/10241/5823 5119/10166/5823
f 5183/10312/5824 5152/10268/5824 5030/10043/5824 5064/10105/5824
f 5184/10309/5821 5183/10312/5825 5064/10105/5825 5099/10169/5822
f 5141/10246/5826 5104/10181/5826 5185/10313/5826
f 5185/10313/5827 5200/10314/5827 5169/10247/5827
f 5185/10313/5828 5169/10247/5828 5141/10246/5828
f 5066/10107/5810 5170/10297/5809 5186/10315/5829 5104/10181/5829
f 5143/10123/5830 5187/10250/5830 5159/10251/5830
f 5188/10316/5831 5201/10317/5831 5156/10190/5831 5106/10084/5831
f 5172/10255/5832 5242/10304/5832 5188/10318/5832 5106/10256/5832
f 5189/10276/5833 5177/10305/5833 5163/10308/5833 5158/10277/5833
f 5190/10319/5834 5077/10228/5834 5128/10227/5834
f 5190/10319/5835 5128/10227/5835 5174/10226/5835
f 5165/10320/5836 5217/10321/5836 5191/10322/5836 5131/10323/5837
f 5180/10324/5838 5218/10325/5838 5192/10326/5838 5133/10327/5838
f 5559/10328/5839 5150/10265/5839 5149/10266/5839 5193/10329/5839
f 5195/10330/5840 5148/10264/5840 5136/10149/5840 5194/10240/5840
f 5196/10331/5841 5220/10332/5841 5194/10333/5841 5137/10334/5841
f 5167/10335/5842 5197/10336/5842 5091/10155/5842 5088/10154/5842
f 5197/10336/5843 5198/10337/5843 5168/10294/5843 5091/10155/5843
f 5199/10338/5844 5238/10339/5844 5182/10340/5844 5120/10341/5844
f 5104/10181/5845 5186/10315/5845 5200/10314/5845 5185/10313/5845
f 5201/10342/5846 5240/10343/5846 5187/10344/5846 5144/10345/5846
f 5157/10253/5847 5202/10346/5847 5176/10261/5847
f 5151/10202/5848 5114/10201/5848 5203/10347/5848
f 5151/10348/5849 5203/10349/5849 5196/10331/5849
f 5204/10350/5850 5208/10351/5850 5205/10352/5850
f 5204/10353/5851 5205/10354/5851 5206/10355/5851
f 5207/10356/5852 5228/10357/5852 5204/10358/5852
f 5207/10356/5853 5204/10358/5853 5206/10359/5853
f 5209/10360/5854 5210/10361/5854 5225/10362/5854
f 5209/10363/5855 5225/10364/5855 5208/10365/5855
f 5208/10366/5856 5212/10367/5856 5211/10368/5856 5209/10369/5856
f 5154/10245/5857 5266/10370/5857 5142/10248/5857 5122/10213/5857
f 5124/10215/5858 5155/10371/5858 5171/10298/5858 5123/10216/5858
f 5214/10372/5859 5190/10319/5859 5174/10226/5859 5213/10301/5859
f 5215/10373/1746 5250/10374/1746 5213/10375/1746 5173/10376/1746
f 5175/10230/5860 5130/10233/5860 5216/10377/5860
f 5175/10378/5861 5216/10379/5861 5215/10373/5861
f 5192/10326/5862 5244/10380/5862 5217/10321/5862 5165/10320/5862
f 5180/10236/5863 5135/10238/5863 5219/10381/5863 5218/10382/5863
f 5220/10332/5864 5246/10383/5864 5195/10384/5864 5194/10333/5864
f 4917/10385/5865 5019/10386/5865 5015/10387/5865
f 5087/10291/5866 5150/10388/5866 5221/10389/5866 5167/10292/5866
f 5203/10349/5867 5246/10383/5867 5220/10332/5867 5196/10331/5867
f 5197/10390/5868 5222/10391/5868 5257/10392/5868
f 5197/10393/5869 5257/10394/5869 5198/10395/5869
f 5224/10396/5870 5206/10355/5870 5205/10354/5870 5223/10397/5870
f 5209/10398/5871 5226/10399/5871 5225/10400/5871 5210/10401/5871
f 5211/10368/5872 5248/10402/5872 5226/10403/5872 5209/10369/5872
f 5207/10356/5873 5206/10359/5873 5227/10404/5873 5228/10357/5873
f 5227/10404/5874 5211/10405/5874 5212/10406/5874 5228/10357/5874
f 5231/10407/5875 5233/10408/5875 5229/10409/5875 5230/10410/5875
f 5232/10411/5876 5231/10407/5876 5230/10410/5876
f 5232/10411/5877 5230/10410/5877 5229/10409/5877
f 5233/10408/5878 5259/10412/5878 5234/10413/5878 5229/10409/5878
f 5234/10413/5879 5260/10414/5879 5232/10411/5879 5229/10409/5879
f 5235/10415/5880 5262/10416/5880 5233/10417/5880 5231/10418/5880
f 5231/10407/5881 5232/10411/5881 5236/10419/5881 5235/10420/5881
f 5181/10421/5882 5237/10422/5882 5184/10423/5882
f 5238/10339/5883 5263/10424/5883 5237/10422/5883 5182/10340/5883
f 5152/10425/5884 5265/10426/5884 5153/10269/5884 5117/10209/5884
f 5200/10427/5885 5264/10428/5885 5199/10338/5885 5169/10429/5885
f 5105/10184/5886 5171/10298/5886 5155/10371/5886
f 5239/10430/5887 5249/10431/5887 5125/10432/5887 5126/10433/5887
f 4983/10434/5888 5249/10435/5888 5239/10436/5888
f 4983/9917/5889 5239/10437/5889 5126/10220/5889
f 5187/10344/5890 5240/10343/5890 5241/10438/5890 5159/10439/5890
f 5243/10440/5891 5147/10143/5891 5191/10258/5891
f 5243/10441/5892 5191/10322/5892 5217/10321/5892
f 5192/10326/5893 5218/10325/5893 5244/10380/5893
f 5559/10442/5894 5193/10443/5894 5149/10444/5894
f 5559/10445/5895 5149/10446/5895 5245/10447/5895
f 5226/10399/5896 5247/10448/5896 5225/10400/5896
f 5248/10402/5897 5277/10449/5897 5247/10450/5897 5226/10403/5897
f 5188/10451/5898 5267/10452/5898 5240/10343/5898 5201/10342/5898
f 5241/10438/5899 5273/10453/5899 5189/10454/5899 5159/10439/5899
f 5250/10374/5900 5268/10455/5900 5214/10456/5900 5213/10375/5900
f 5216/10379/5901 5268/10455/5901 5250/10374/5901 5215/10373/5901
f 5251/10457/5902 5166/10289/5902 5176/10261/5902 5202/10346/5902
f 5177/10458/5903 5306/10459/5903 5252/10460/5903 5178/10461/5903
f 5244/10380/5904 5269/10462/5904 5243/10441/5904 5217/10321/5904
f 5219/10463/5905 5269/10462/5905 5244/10380/5905 5218/10325/5905
f 5008/9997/5906 5254/10464/5906 5253/10465/5906 4997/9976/5906
f 5147/10143/5907 5329/10466/5907 5254/10467/5907 5008/10144/5907
f 5253/10468/5908 5330/10469/5908 5135/10238/5908 4997/9981/5908
f 5256/10470/5909 5224/10396/5909 5223/10397/5909 5255/10471/5909
f 5197/10472/5910 5311/10473/5910 5257/10474/5910 5222/10475/5910
f 5148/10262/5911 5279/10476/5911 5258/10477/5911 5019/10018/5911
f 5258/10477/5912 5281/10478/5912 5114/10027/5912 5019/10018/5912
f 5259/10479/5913 5321/10480/5913 5261/10481/5913 5234/10482/5913
f 5261/10481/5914 5321/10480/5914 5260/10483/5914
f 5261/10481/5915 5260/10483/5915 5234/10482/5915
f 5262/10416/5916 5322/10484/5916 5259/10485/5916 5233/10417/5916
f 5263/10424/5917 5271/10486/5917 5184/10423/5917 5237/10422/5917
f 5264/10428/5918 5263/10424/5918 5238/10339/5918 5199/10338/5918
f 5265/10426/5919 5266/10487/5919 5154/10271/5919 5153/10269/5919
f 5186/10488/5920 5305/10489/5920 5264/10428/5920 5200/10427/5920
f 5266/10487/5921 5272/10490/5922 5170/10491/5923 5142/10492/5921
f 5240/10343/5924 5267/10452/5924 5241/10438/5924
f 5251/10457/5925 5325/10493/5925 5242/10494/5925 5166/10289/5925
f 5221/10495/5926 5311/10496/5926 5197/10336/5926 5167/10335/5926
f 5235/10497/5927 5236/10498/5927 5270/10499/5927
f 5270/10499/5928 5338/10500/5928 5262/10501/5928 5235/10497/5928
f 5183/10502/5929 5304/10503/5929 5265/10426/5929 5152/10425/5929
f 5264/10428/5930 5305/10489/5930 5271/10486/5930 5263/10424/5930
f 5272/10490/5922 5305/10489/5931 5186/10488/5931 5170/10491/5923
f 5273/10453/5932 5306/10459/5932 5177/10458/5932 5189/10454/5932
f 5274/10504/5933 5307/10505/5934 5130/10139/5935
f 5274/10504/5933 5130/10139/5935 5077/10130/5936
f 5190/10319/5937 5308/10506/5937 5274/10507/5937 5077/10228/5937
f 5254/10467/5938 5561/10508/5938 5245/10447/5938
f 5254/10464/5939 5245/10509/5939 5253/10465/5939
f 5245/10447/5940 5561/10508/5940 5559/10445/5940
f 5275/10510/5941 5221/10389/5941 5150/10388/5941 5559/10511/5941
f 5255/10512/5942 5223/10513/5942 5225/10514/5942 5247/10515/5942
f 5247/10515/5943 5276/10516/5943 5255/10512/5943
f 5277/10449/5944 5332/10517/5944 5276/10518/5944 5247/10450/5944
f 5206/10359/5945 5224/10519/5945 5278/10520/5945 5227/10404/5945
f 5279/10476/5946 5312/10521/5946 5280/10522/5946 5258/10477/5946
f 5280/10522/5947 5314/10523/5947 5281/10478/5947 5258/10477/5947
f 5227/10404/5948 5278/10520/5948 5248/10524/5948 5211/10405/5948
f 5284/10525/5949 5286/10526/5949 5282/10527/5949 5283/10528/5949
f 5285/10529/5950 5288/10530/5950 5283/10528/5950
f 5285/10529/5951 5283/10528/5951 5282/10527/5951
f 5286/10531/5952 5333/10532/5952 5287/10533/5952 5282/10534/5952
f 5282/10534/5953 5287/10533/5953 5285/10535/5953
f 5283/10528/2782 5288/10530/2782 5284/10525/2782
f 5289/10536/5954 5318/10537/5954 5284/10538/5954 5288/10539/5954
f 5288/10530/5955 5285/10529/5955 5290/10540/5955 5289/10541/5955
f 5292/10542/5956 5236/10419/5956 5232/10411/5956 5291/10543/5956
f 5260/10483/5957 5295/10544/5957 5291/10545/5957 5232/10546/5957
f 5294/10547/5958 5292/10542/5958 5291/10543/5958 5293/10548/5958
f 5295/10544/5959 5298/10549/5959 5293/10550/5959 5291/10545/5959
f 5297/10551/5960 5294/10547/5960 5293/10548/5960 5296/10552/5960
f 5298/10549/5961 5300/10553/5961 5296/10554/5961 5293/10550/5961
f 5296/10554/5962 5300/10553/5962 5299/10555/5962
f 5296/10552/5 5299/10556/5 5297/10551/5
f 5299/10557/5963 5303/10558/5963 5301/10559/5963
f 5299/10557/5964 5301/10559/5964 5297/10560/5964
f 5297/10560/5965 5301/10559/5965 5302/10561/5965 5294/10562/5965
f 5300/10553/5966 5339/10563/5966 5303/10564/5966 5299/10555/5966
f 5184/10423/5967 5271/10486/5967 5304/10503/5967 5183/10502/5967
f 5304/10503/5968 5272/10490/5968 5266/10487/5968 5265/10426/5968
f 4835/10565/5969 5341/10566/5969 4836/10567/5969 4837/10568/5969
f 5242/10494/5970 5325/10493/5970 5267/10452/5970 5188/10451/5970
f 5308/10506/5971 5326/10569/5971 5307/10570/5971 5274/10507/5971
f 5306/10459/5972 5327/10571/5972 5309/10572/5972 5252/10460/5972
f 5310/10573/5973 5256/10470/5973 5255/10471/5973
f 5310/10574/5974 5255/10512/5974 5276/10516/5974
f 5312/10521/5975 5315/10575/5975 5313/10576/5975 5280/10522/5975
f 5313/10576/5976 5317/10577/5976 5314/10523/5976 5280/10522/5976
f 5315/10575/5977 5319/10578/5977 5316/10579/5977 5313/10576/5977
f 5316/10580/5978 5320/10581/5978 5317/10582/5978 5313/10583/5978
f 5318/10537/5979 5336/10584/5979 5286/10585/5979 5284/10538/5979
f 5322/10586/5980 5362/10587/5980 5321/10480/5980 5259/10479/5980
f 5292/10588/5981 5324/10589/5981 5323/10590/5981 5236/10498/5981
f 5323/10590/5982 5338/10500/5982 5270/10499/5982
f 5323/10590/5983 5270/10499/5983 5236/10498/5983
f 5294/10562/5984 5302/10561/5984 5324/10589/5984 5292/10588/5984
f 5561/10591/5985 5216/10377/5985 5130/10233/5985
f 5561/10592/5986 5130/10139/5986 5307/10505/5986
f 5307/10505/5987 5560/10593/5987 5561/10592/5987
f 5326/10569/5988 5328/10594/5988 5560/10595/5988 5307/10570/5988
f 5559/10596/5989 5275/10597/5989 5561/10598/5989
f 5559/10599/5990 5561/10592/5990 5560/10593/5990
f 5254/10467/5991 5329/10466/5991 5561/10508/5991
f 5253/10465/5992 5245/10509/5992 5257/10600/5992
f 5253/10468/5993 5257/10474/5993 5330/10469/5993
f 5011/10601/5 5310/10574/5 5276/10516/5
f 5084/10602/5994 5331/10603/5994 5310/10573/5994
f 5084/10602/5995 5310/10573/5995 5011/10604/5995
f 5276/10518/5996 5332/10517/5996 5015/10605/5996
f 5276/10516/5997 5015/10606/5997 5011/10601/5997
f 5331/10607/5998 5354/10608/5998 5256/10609/5998
f 5331/10603/5999 5256/10470/5999 5310/10573/5999
f 5195/10330/6000 5355/10610/6000 5279/10611/6000 5148/10264/6000
f 5281/10612/6001 5356/10613/6001 5203/10347/6001 5114/10201/6001
f 5287/10533/6002 5335/10614/6002 5334/10615/6002 5285/10535/6002
f 5333/10532/6003 5367/10616/6003 5335/10614/6003 5287/10533/6003
f 5336/10617/6004 5368/10618/6004 5333/10532/6004 5286/10531/6004
f 5289/10619/6005 5290/10620/6005 5337/10621/6005
f 5337/10621/6006 5370/10622/6006 5318/10623/6006 5289/10619/6006
f 5338/10624/6007 5374/10625/6007 5322/10484/6007 5262/10416/6007
f 5303/10626/6008 5339/10627/6008 5340/10628/6008
f 5303/10558/6009 5340/10629/6009 5301/10559/6009
f 5271/10486/337 5305/10489/337 5272/10490/337 5304/10503/337
f 5342/10630/6010 5410/10631/6010 5341/10632/6010 4835/10633/6010
f 4835/9679/6011 4834/9682/6011 5343/10634/6011
f 4835/10635/6012 5343/10636/6012 5342/10637/6012
f 5267/10452/6013 5325/10493/6013 5273/10453/6013 5241/10438/6013
f 5344/10638/6014 5379/10639/6014 5084/10147/6014 5015/10012/6014
f 5015/10605/6015 5332/10517/6015 5344/10640/6015
f 5278/10520/6016 5354/10608/6016 5277/10641/6016 5248/10524/6016
f 5346/10642/5956 5290/10540/5956 5285/10529/5956 5345/10643/5956
f 5334/10644/6017 5349/10645/6017 5345/10643/6017 5285/10529/6017
f 5348/10646/6018 5346/10642/6018 5345/10643/6018 5347/10647/6018
f 5349/10645/6019 5351/10648/6019 5347/10647/6019 5345/10643/6019
f 5347/10647/6020 5350/10649/6020 5348/10646/6020
f 5351/10650/6021 5353/10651/6021 5350/10652/6021 5347/10653/6021
f 5350/10654/6022 5353/10655/6022 5352/10656/6022
f 5350/10654/6023 5352/10656/6023 5348/10657/6023
f 5325/10493/6024 5327/10571/6024 5306/10459/6024 5273/10453/6024
f 5147/10143/6025 5243/10440/6025 5329/10466/6025
f 5330/10469/6026 5365/10658/6026 5219/10381/6026 5135/10238/6026
f 5275/10659/6027 5392/10660/6027 5311/10496/6027 5221/10495/6027
f 5224/10519/6028 5256/10609/6028 5354/10608/6028 5278/10520/6028
f 5355/10610/6029 5366/10661/6029 5312/10662/6029 5279/10611/6029
f 5314/10663/6030 5369/10664/6030 5356/10613/6030 5281/10612/6030
f 5357/10665/6031 5358/10666/6031 5319/10667/6031 5315/10668/6031
f 5346/10669/6032 5360/10670/6032 5359/10671/6032 5290/10620/6032
f 5359/10671/6033 5372/10672/6033 5337/10621/6033 5290/10620/6033
f 5348/10657/6034 5352/10656/6034 5360/10670/6034 5346/10669/6034
f 5321/10673/6035 5362/10674/6035 5361/10675/6035
f 5321/10480/6036 5361/10676/6036 5260/10483/6036
f 5361/10676/6037 5363/10677/6037 5295/10544/6037 5260/10483/6037
f 5363/10677/6037 5364/10678/6037 5298/10549/6037 5295/10544/6037
f 5364/10678/6038 5339/10563/6038 5300/10553/6038 5298/10549/6038
f 5214/10372/6039 5385/10679/6039 5308/10506/6039 5190/10319/6039
f 5257/10474/6040 5311/10473/6040 5365/10658/6040
f 5257/10474/6041 5365/10658/6041 5330/10469/6041
f 5366/10661/5973 5357/10665/5973 5315/10668/5973 5312/10662/5973
f 5368/10618/6042 5394/10680/6042 5367/10616/6042 5333/10532/6042
f 5367/10616/6043 5380/10681/6043 5334/10615/6043 5335/10614/6043
f 5317/10582/6044 5371/10682/6044 5369/10664/6044 5314/10663/6044
f 5370/10683/6045 5388/10684/6045 5336/10584/6045 5318/10537/6045
f 5320/10581/6046 5373/10685/6046 5371/10682/6046 5317/10582/6046
f 5372/10672/6047 5396/10686/6047 5370/10622/6047 5337/10621/6047
f 5374/10687/6048 5382/10688/6048 5362/10674/6048 5322/10689/6048
f 5353/10651/6049 5351/10650/6049 5375/10690/6049
f 5353/10655/6050 5376/10691/6050 5352/10656/6050
f 5377/10692/6051 5376/10693/6051 5353/10694/6051
f 5377/10692/6052 5353/10694/6052 5375/10695/6052
f 5323/10590/6053 5383/10696/6053 5374/10697/6053 5338/10500/6053
f 5301/10559/6054 5340/10629/6054 5378/10698/6054 5302/10561/6054
f 5561/10592/6055 5564/10699/6055 5329/10700/6055
f 5561/10592/6056 5329/10700/6056 5216/10701/6056
f 5561/10702/6057 5564/10703/6057 5275/10659/6057
f 5379/10639/6058 5393/10704/6058 5331/10607/6058
f 5379/10705/6059 5331/10603/6059 5084/10602/6059
f 5354/10706/6060 5393/10707/6060 5332/10517/6060 5277/10449/6060
f 5380/10681/6061 5381/10708/6061 5349/10709/6061 5334/10615/6061
f 5381/10708/6062 5375/10690/6062 5351/10650/6062 5349/10709/6062
f 5382/10688/6063 5398/10710/6063 5361/10675/6063 5362/10674/6063
f 5324/10589/6064 5384/10711/6064 5383/10696/6064 5323/10590/6064
f 5302/10561/6065 5378/10698/6065 5384/10711/6065 5324/10589/6065
f 5385/10679/6066 5386/10712/6066 5326/10569/6066 5308/10506/6066
f 5386/10712/6067 5387/10713/6067 5328/10594/6067 5326/10569/6067
f 5388/10714/6068 5399/10715/6068 5368/10716/6068 5336/10717/6068
f 5383/10718/6069 5398/10710/6069 5382/10688/6069 5374/10687/6069
f 5216/10719/6070 5329/10720/6070 5389/10721/6070
f 5389/10722/6071 5385/10723/6071 5268/10455/6071
f 5389/10721/6072 5268/10724/6072 5216/10719/6072
f 5243/10441/6073 5269/10462/6073 5390/10725/6073
f 5243/10440/6074 5390/10726/6074 5329/10466/6074
f 5391/10727/6075 5406/10728/6075 5564/10729/6075
f 5391/10730/6076 5564/10699/6076 5329/10700/6076
f 5390/10725/6077 5406/10731/6077 5391/10732/6077
f 5390/10733/6078 5391/10734/6078 5329/10735/6078
f 5564/10703/6079 5406/10731/6079 5392/10660/6079 5275/10659/6079
f 5311/10496/6080 5392/10660/6080 5365/10736/6080
f 5393/10704/6081 5379/10639/6081 5344/10638/6081 5332/10737/6081
f 5246/10383/6082 5401/10738/6082 5355/10739/6082 5195/10384/6082
f 5367/10616/6083 5394/10680/6083 5380/10681/6083
f 5357/10665/6084 5403/10740/6084 5395/10741/6084 5358/10666/6084
f 5396/10742/6085 5405/10743/6085 5388/10714/6085 5370/10744/6085
f 5359/10671/6086 5400/10745/6086 5396/10686/6086 5372/10672/6086
f 5352/10656/6087 5376/10691/6087 5397/10746/6087 5360/10670/6087
f 5339/10627/6088 5364/10747/6088 5378/10748/6088 5340/10628/6088
f 5356/10749/6089 5401/10738/6089 5246/10383/6089 5203/10349/6089
f 5399/10715/6090 5404/10750/6090 5394/10751/6090 5368/10716/6090
f 5395/10752/6091 5403/10753/6091 5371/10754/6091 5373/10755/6091
f 5360/10670/6092 5397/10746/6092 5400/10745/6092 5359/10671/6092
f 5384/10756/6093 5378/10748/6093 5364/10747/6093 5363/10757/6093
f 5214/10456/6094 5268/10455/6094 5385/10723/6094
f 5365/10736/6095 5390/10725/6095 5269/10462/6095 5219/10463/6095
f 5331/10607/6096 5393/10704/6096 5354/10608/6096
f 5401/10738/6097 5402/10758/6097 5366/10759/6097 5355/10739/6097
f 5402/10758/6098 5403/10753/6098 5357/10760/6098 5366/10759/6098
f 5404/10750/6099 5408/10761/6099 5380/10762/6099 5394/10751/6099
f 5405/10743/6100 5407/10763/6100 5399/10715/6100 5388/10714/6100
f 5396/10742/6101 5400/10764/6101 5405/10743/6101
f 5361/10675/6102 5398/10710/6102 5363/10757/6102
f 5363/10757/6103 5398/10710/6103 5383/10718/6103 5384/10756/6103
f 5369/10765/6104 5402/10758/6104 5401/10738/6104 5356/10749/6104
f 5407/10763/6105 5408/10761/6105 5404/10750/6105
f 5407/10763/6106 5404/10750/6106 5399/10715/6106
f 5371/10754/6107 5403/10753/6107 5402/10758/6107 5369/10765/6107
f 5408/10761/6108 5409/10766/6108 5381/10767/6108 5380/10762/6108
f 5400/10764/6109 5408/10761/6109 5407/10763/6109 5405/10743/6109
f 5409/10766/6110 5377/10692/6110 5375/10695/6110 5381/10767/6110
f 5410/10768/6111 5420/10769/6111 4908/9834/6111 4836/9787/6111
f 4836/9787/6112 5341/10770/6112 5410/10768/6112
f 5412/10771/6113 5416/10772/6113 5413/10773/6113 5411/10774/6113
f 5411/10775/6114 5413/10776/6114 5414/10777/6114
f 5411/10775/6114 5414/10777/6114 5415/10778/6114
f 5411/10774/6115 5415/10779/6115 5412/10771/6115
f 5417/10780/6116 5414/10781/6116 5413/10782/6116 5416/10783/6116
f 5386/10784/5 5418/10785/5 5389/10786/5
f 5386/10787/6117 5389/10722/6117 5387/10788/6117
f 5377/10692/6118 5409/10766/6118 5397/10789/6118 5376/10693/6118
f 4908/9834/6119 5420/10769/6119 5419/10790/6119 4983/9917/6119
f 5421/10791/6120 5423/10792/6120 5416/10793/6120 5412/10794/6120
f 5412/10795/6121 5415/10796/6121 5422/10797/6121 5421/10798/6121
f 5389/10722/6122 5386/10787/6122 5385/10723/6122
f 5409/10766/6123 5408/10761/6123 5400/10764/6123 5397/10789/6123
f 5424/10799/6124 5417/10800/6124 5416/10793/6124 5423/10792/6124
f 5406/10731/6125 5390/10725/6125 5365/10736/6125 5392/10660/6125
f 5421/10798/6126 5422/10797/6126 5425/10801/6126
f 5421/10791/574 5425/10802/574 5423/10792/574
f 5423/10792/6127 5425/10802/6127 5424/10799/6127
f 4983/10434/6128 5426/10803/6128 5249/10435/6128
f 5419/10790/6129 5431/10804/6129 5426/10805/6129 4983/9917/6129
f 5427/10806/1090 5428/10807/1090 5415/10778/1090 5414/10777/1090
f 5415/10796/6130 5428/10808/6130 5422/10797/6130
f 5429/10809/6131 5427/10810/6131 5414/10781/6131 5417/10780/6131
f 5426/10805/6132 5431/10804/6132 5430/10811/6132 5249/10812/6132
f 5432/10813/6133 5042/10814/6133 5249/10815/6133
f 5432/10816/6134 5249/10812/6134 5430/10811/6134
f 5422/10797/6135 5428/10808/6135 5433/10817/6135 5425/10801/6135
f 5424/10799/6136 5439/10818/6136 5434/10819/6136 5417/10800/6136
f 5417/10780/6137 5434/10820/6137 5429/10809/6137
f 5343/10821/6138 5435/10822/6138 5410/10823/6138 5342/10824/6138
f 5436/10825/6139 5443/10826/6139 5435/10827/6139 5343/10828/6139
f 5343/10829/6140 5437/10830/6140 5436/10831/6140
f 5438/10832/6141 5439/10818/6141 5424/10799/6141 5425/10802/6141
f 5440/10833/6142 5438/10834/6142 5425/10801/6142 5433/10817/6142
f 5441/10835/6143 5442/10836/6143 5428/10807/6143 5427/10806/6143
f 5428/10808/6144 5442/10837/6144 5433/10817/6144
f 5427/10810/6145 5429/10809/6145 5441/10838/6145
f 5443/10839/6146 5444/10840/6146 5410/10768/6146 5435/10841/6146
f 5410/10768/6147 5444/10840/6147 5420/10769/6147
f 5433/10817/6148 5442/10837/6148 5445/10842/6148 5440/10833/6148
f 5446/10843/6149 5441/10838/6149 5429/10809/6149 5434/10820/6149
f 5438/10834/6150 5440/10833/6150 5447/10844/6150
f 5447/10845/6151 5453/10846/6151 5439/10818/6151 5438/10832/6151
f 5448/10847/1183 5450/10848/1183 5445/10849/1183
f 5448/10847/6152 5445/10849/6152 5442/10850/6152
f 5442/10851/6153 5459/10852/6153 5449/10853/6153 5448/10854/6153
f 5451/10855/6154 5450/10856/6154 5448/10857/6154 5449/10858/6154
f 5440/10833/6155 5445/10842/6155 5450/10856/6155
f 5452/10859/6156 5447/10844/6156 5440/10833/6156 5450/10856/6156
f 5453/10846/6157 5454/10860/6157 5434/10819/6157 5439/10818/6157
f 5434/10820/6158 5454/10861/6158 5446/10843/6158
f 5430/10862/6159 5431/10863/6159 5455/10864/6159
f 5430/10865/6160 5455/10866/6160 5432/10867/6160
f 5432/10867/6161 5455/10866/6161 5456/10868/6161
f 5456/10869/6162 5458/10870/6162 5432/10871/6162
f 5444/10840/6163 5464/10872/6163 5459/10873/6163 5420/10769/6163
f 5437/10874/6164 5444/10875/6164 5443/10876/6164
f 5437/10877/6165 5443/10878/6165 5436/10879/6165
f 5460/10880/6166 5459/10852/6166 5442/10851/6166 5441/10881/6166
f 5446/10882/6167 5454/10883/6167 5461/10884/6167
f 5446/10882/6168 5461/10884/6168 5441/10885/6168
f 5462/10886/6169 5460/10880/6169 5441/10881/6169 5461/10887/6169
f 5461/10888/6170 5454/10889/6170 5463/10890/6170 5462/10891/6170
f 5437/10892/6171 5465/10893/6171 5464/10894/6171 5444/10895/6171
f 5437/10896/6172 5467/10897/6172 5466/10898/6172
f 5437/10899/6173 5466/10900/6173 5465/10901/6173
f 5455/10902/6174 5460/10903/6174 5468/10904/6174
f 5455/10902/6175 5468/10904/6175 5456/10905/6175
f 5456/10906/6176 5468/10907/6176 5458/10908/6176
f 5456/10909/6177 5458/10910/6177 5457/10911/6177
f 5468/10912/6178 5469/10913/6178 5470/10914/6178 5458/10915/6178
f 5471/10916/6179 5495/10917/6179 5458/10918/6179
f 5471/10916/6180 5458/10918/6180 5470/10919/6180
f 5464/10920/6181 5449/10853/6181 5459/10852/6181
f 5464/10920/6182 5465/10921/6182 5466/10922/6182 5449/10853/6182
f 5472/10923/6183 5451/10855/6183 5449/10858/6183 5466/10898/6183
f 5451/10855/6184 5475/10924/6184 5452/10859/6184 5450/10856/6184
f 5460/10880/6185 5462/10886/6185 5468/10925/6185
f 5452/10859/6186 5474/10926/6186 5473/10927/6186
f 5452/10928/6187 5473/10929/6187 5447/10845/6187
f 5473/10929/6188 5477/10930/6188 5453/10846/6188 5447/10845/6188
f 5470/10931/6189 5469/10932/6189 5468/10933/6189
f 5470/10934/6190 5468/10925/6190 5462/10886/6190
f 5475/10924/6191 5483/10935/6191 5474/10926/6191
f 5475/10924/6192 5474/10926/6192 5452/10859/6192
f 5462/10891/6193 5463/10890/6193 5476/10936/6193 5470/10919/6193
f 5477/10937/6194 5478/10938/6194 5454/10939/6194
f 5477/10930/6195 5454/10860/6195 5453/10846/6195
f 5467/10897/6196 5480/10940/6196 5472/10923/6196 5466/10898/6196
f 5474/10941/6197 5478/10938/6197 5477/10937/6197 5473/10942/6197
f 5478/10938/6198 5491/10943/6198 5463/10944/6198 5454/10939/6198
f 5479/10945/6199 5482/10946/6199 5480/10940/6199 5467/10897/6199
f 5481/10947/6200 5485/10948/6200 5482/10946/6200 5479/10945/6200
f 5483/10949/6201 5490/10950/6201 5478/10938/6201 5474/10941/6201
f 5484/10951/6202 5487/10952/6202 5485/10948/6202 5481/10947/6202
f 5472/10923/6203 5498/10953/6203 5475/10924/6203 5451/10855/6203
f 5486/10954/6204 5489/10955/6204 5487/10952/6204 5484/10951/6204
f 5486/10956/6205 5437/10957/6205 5488/10958/6205
f 5486/10959/6206 5488/10960/6206 5489/10961/6206
f 5476/10936/6207 5494/10962/6207 5471/10916/6207 5470/10919/6207
f 5478/10938/6208 5490/10950/6208 5491/10943/6208
f 5493/10963/6209 5489/10961/6209 5488/10960/6209 5492/10964/6209
f 5494/10962/6210 5506/10965/6210 5495/10917/6210 5471/10916/6210
f 5497/10966/6211 5493/10963/6211 5492/10964/6211 5496/10967/6211
f 5498/10953/6212 5508/10968/6212 5483/10935/6212 5475/10924/6212
f 5500/10969/6213 5497/10966/6213 5496/10967/6213 5499/10970/6213
f 5502/10971/6214 5500/10969/6214 5499/10970/6214 5501/10972/6214
f 5504/10973/6215 5502/10974/6215 5501/10975/6215 5503/10976/6215
f 5505/10977/6216 5507/10978/6216 5504/10979/6216 5503/10980/6216
f 5506/10965/6217 5507/10978/6217 5505/10977/6217 5495/10917/6217
f 5508/10981/6218 5512/10982/6218 5490/10950/6218 5483/10949/6218
f 5480/10940/6219 5509/10983/6219 5498/10953/6219 5472/10923/6219
f 5491/10984/6220 5511/10985/6220 5476/10936/6220 5463/10890/6220
f 5482/10946/6221 5513/10986/6221 5509/10983/6221 5480/10940/6221
f 5498/10953/6222 5509/10983/6222 5510/10987/6222 5508/10968/6222
f 5490/10950/6223 5512/10982/6223 5511/10988/6223 5491/10943/6223
f 5485/10948/6224 5514/10989/6224 5513/10986/6224 5482/10946/6224
f 5487/10952/6225 5515/10990/6225 5514/10989/6225 5485/10948/6225
f 5510/10991/6226 5520/10992/6226 5512/10982/6226 5508/10981/6226
f 5489/10993/6227 5517/10994/6227 5515/10995/6227 5487/10996/6227
f 5511/10985/6228 5526/10997/6228 5494/10962/6228 5476/10936/6228
f 5513/10986/6229 5519/10998/6229 5516/10999/6229 5509/10983/6229
f 5509/10983/5116 5516/10999/5116 5510/10987/5116
f 5493/11000/6230 5518/11001/6230 5517/10994/6230 5489/10993/6230
f 5497/11002/6231 5522/11003/6231 5518/11001/6231 5493/11000/6231
f 5514/11004/6232 5525/11005/6232 5519/11006/6232 5513/11007/6232
f 5516/11008/6233 5530/11009/6233 5520/10992/6233 5510/10991/6233
f 5521/11010/6234 5522/11003/6234 5497/11002/6234 5500/11011/6234
f 5523/11012/6235 5521/11010/6235 5500/11011/6235 5502/10974/6235
f 5524/11013/6236 5523/11012/6236 5502/10974/6236 5504/10973/6236
f 5507/11014/6237 5528/11015/6237 5524/11013/6237 5504/10973/6237
f 5515/10995/6238 5517/10994/6238 5525/11005/6238 5514/11004/6238
f 5526/10997/6239 5527/11016/6239 5506/10965/6239 5494/10962/6239
f 5527/11017/6240 5528/11015/6240 5507/11014/6240 5506/11018/6240
f 5520/10992/6241 5526/11019/6241 5511/10988/6241 5512/10982/6241
f 5529/11020/6242 5525/11005/6242 5517/10994/6242 5518/11001/6242
f 5528/11015/6243 5531/11021/6243 5523/11012/6243 5524/11013/6243
f 5519/11006/6244 5533/11022/6244 5530/11009/6244 5516/11008/6244
f 5531/11021/6245 5534/11023/6245 5521/11010/6245 5523/11012/6245
f 5532/11024/6246 5529/11020/6246 5518/11001/6246 5522/11003/6246
f 5525/11005/6247 5529/11020/6247 5533/11022/6247 5519/11006/6247
f 5534/11023/6248 5532/11024/6248 5522/11003/6248 5521/11010/6248
f 5535/11025/6249 5531/11021/6249 5528/11015/6249 5527/11017/6249
f 5530/11009/6250 5535/11025/6250 5527/11017/6250 5526/11019/6250
f 5526/11019/6251 5520/10992/6251 5530/11009/6251
f 5536/11026/6252 5533/11022/6252 5529/11020/6252 5532/11024/6252
f 5535/11025/6253 5537/11027/6253 5534/11023/6253 5531/11021/6253
f 5537/11027/6254 5536/11026/6254 5532/11024/6254 5534/11023/6254
f 5533/11022/6255 5536/11026/6255 5530/11009/6255
f 5530/11009/6256 5536/11026/6256 5537/11027/6256
f 5530/11009/6257 5537/11027/6257 5535/11025/6257
f 429/11028/6258 503/11029/6258 427/11030/6258
f 430/11031/6259 508/11032/6259 432/11033/6259
f 530/1120/574 531/1124/574 443/669/574 445/920/574
f 544/1151/506 543/1150/506 449/930/506 446/925/506
f 459/11034/6260 559/11035/6260 464/11036/6260
f 467/11037/6261 563/11038/6261 461/11039/6261
f 1308/11040/689 1312/11041/689 1315/11042/689
f 1308/11043/325 1315/11044/325 1311/11045/325
f 5539/2910/6262 5540/2865/6262 5541/11046/6262
f 1380/11047/6263 1334/11048/6263 5539/2910/6263
f 1380/11047/6264 5539/2910/6264 5541/11046/6264
f 1394/11049/6265 1377/2862/6265 1332/2863/6265 1396/11050/6265
f 1334/11051/6266 1380/11052/6266 1398/11053/6266 1399/11054/6266
f 5538/2909/6267 1362/2866/6267 5539/2910/6267
f 1463/3172/6268 1462/11055/325 1464/3179/6269
f 1464/3179/6269 1502/3181/1898 5563/3845/325 1500/3180/1897 1463/3172/6268
f 2630/11056/6270 5543/4370/6270 5546/4369/6270
f 5545/11057/6271 2630/11058/6271 5546/11059/6271
f 2066/11060/6272 5546/11061/6272 2193/11062/6272
f 2066/11063/6273 2193/11064/6273 5544/11065/6273
f 2182/4603/6274 2274/11066/6274 2032/4294/6274 2118/4251/6274
f 2274/11066/6275 2640/11067/6275 2422/11068/6275 2032/4294/6275
f 2640/11067/6276 2709/11069/6276 2553/11070/6276
f 2640/11067/6277 2553/11070/6277 2422/11068/6277
f 2832/5854/6278 2754/5709/6278 2779/5711/6278
f 2779/6302/6279 2709/11069/6279 2640/11067/6279
f 2859/11071/6280 3000/6303/6280 2779/6302/6280
f 2859/11071/6281 2779/6302/6281 2640/11067/6281
f 3063/6301/6282 3062/11072/6282 2832/11073/6282
f 3063/6301/6283 2832/11073/6283 2779/6302/6283
f 2609/5450/6284 2735/11074/6284 2712/11075/6284 2605/5442/6284
f 2928/11076/6285 2712/11077/6285 2735/11078/6285
f 2713/5627/6286 2738/11079/6286 2612/5387/6286 2577/5386/6286
f 2930/11080/6287 2738/11081/6287 2713/11082/6287
f 2615/5390/6288 2740/11083/6288 2714/5631/6288 2579/5391/6288
f 2714/11084/6289 2740/11085/6289 2934/11086/6289
f 2927/11087/6290 2710/11088/6290 2759/11089/6290
f 2715/11090/6291 2935/11091/6291 2765/11092/6291
f 2670/5548/6292 2781/11093/6292 2756/11094/6292 2637/5503/6292
f 3010/11095/6293 2756/11096/6293 2781/11097/6293
f 2672/5557/6294 2789/11098/6294 2768/5737/6294 2654/5526/6294
f 3001/11099/6295 2768/11100/6295 2789/11101/6295
f 2703/5541/6296 2803/11102/6296 2775/5747/6296 2666/5542/6296
f 3030/11103/6297 2775/11104/6297 2803/11105/6297
f 2742/5686/3004 2673/5559/2914 2790/5776/6298
f 3155/11106/6299 3245/6619/6299 3257/6653/6299
f 3155/6481/6300 3257/11107/6300 3194/6482/6300
f 3056/11108/6301 2193/11109/6301 2746/11110/6301
f 3056/11111/6302 2746/11112/6302 2828/11113/6302
f 5547/11114/6303 3155/11115/6303 3180/11116/6303
f 5547/5697/6304 3180/11117/6304 3082/6161/6304
f 3155/11118/6305 3056/11119/6305 3227/11120/6305
f 3155/11106/6306 3227/6472/6306 3245/6619/6306
f 2883/5945/6307 2801/5793/6307 2852/5881/6307
f 3060/11121/6308 2883/11122/6308 2905/11123/6308
f 3665/11124/6309 3648/11125/6309 3649/11126/6309
f 3664/11127/6310 3777/11128/6310 3665/11124/6310 3649/11126/6310
f 3852/11129/6311 3665/11124/6311 3777/11128/6311
f 4219/11130/6312 4215/11131/6312 4218/11132/6312 4220/11133/6312
f 4135/8450/6313 4069/11134/6313 3979/8089/6313
f 3887/7893/6314 4166/8447/6314 4135/8450/6314
f 3887/7893/6315 4135/8450/6315 3979/8089/6315
f 4021/8059/6316 4089/8284/6316 4153/8416/6316
f 4153/8416/6317 4191/8500/6317 3954/8060/6317
f 4153/8416/6318 3954/8060/6318 4021/8059/6318
f 3861/11135/6319 3860/11136/6319 3875/7866/6319
f 3954/11137/6320 4191/11138/6320 3861/11139/6320
f 3954/7865/6321 3861/11135/6321 3875/7866/6321
f 4205/8521/6322 4214/8532/6322 3861/11140/6322
f 4205/8521/6323 3861/11140/6323 4191/8500/6323
f 4192/8501/6324 4166/8447/6324 3887/7893/6324
f 3861/11141/6325 4214/11142/6325 4192/11143/6325 3887/11144/6325
f 4206/11145/6326 4192/11143/6326 4214/11142/6326
f 4218/11146/5 4215/11147/5 4206/11145/5 4214/11142/5
f 3906/11148/6327 3904/11149/6327 3933/11150/6327
f 4056/11151/6328 4038/11152/6328 3906/11148/6328
f 4056/11151/6329 3906/11148/6329 3933/11150/6329
f 3934/11153/6330 3906/11148/6330 4038/11152/6330
f 4208/8537/6331 4110/8287/6331 4073/8286/6331
f 4072/11154/6332 4208/8537/6332 4073/8286/6332 4050/11155/6332
f 4112/11156/6333 4170/11157/6333 4208/8537/6333
f 4112/11156/6334 4208/8537/6334 4072/11154/6334
f 5550/11158/6335 4014/11159/6335 4163/11160/6335
f 4288/11161/6336 4289/11162/6336 4298/11163/6336
f 4424/11164/6337 4299/11165/6337 4288/11161/6337 4298/11163/6337
f 4410/11166/6338 4299/11165/6338 4424/11164/6338
f 4358/8891/6339 4340/11167/6339 4357/11168/6339 4413/8892/6339
f 4433/11169/6340 4448/11170/6340 4404/11171/6340
f 4402/11172/6341 4405/11173/6341 4433/11169/6341 4404/11171/6341
f 4402/11174/6342 4373/8842/6342 4376/8847/6342
f 4402/11172/6343 4376/11175/6343 4405/11173/6343
f 4386/11176/6344 4345/8788/6344 4371/8843/6344
f 4373/8842/6345 4402/11174/6345 4386/11176/6345
f 4373/8842/6346 4386/11176/6346 4371/8843/6346
f 4575/11177/6347 4587/11178/6347 4577/11179/6347 4574/11180/6347
f 4524/9229/574 4527/11181/574 4559/9230/574
f 4586/11182/574 4524/9229/574 4578/9228/574
f 4586/11182/574 4578/9228/574 4580/11183/574
f 4572/9220/6348 4556/9216/6348 4548/11184/6348
f 4548/11184/6349 4525/11185/6349 4575/9224/6349 4572/9220/6349
f 4716/9456/6350 4594/9254/6350 4604/9278/6350
f 4716/9456/6351 4604/9278/6351 4655/9457/6351
f 4525/11186/6352 4524/11187/6352 4587/11188/6352
f 4525/11189/574 4587/11178/574 4575/11177/574
f 4587/9239/6353 4724/9489/6353 4701/9458/6353
f 4587/9239/5283 4701/9458/5283 4654/9384/5283
f 4812/9610/6354 4770/9527/6354 4743/9526/6354
f 4743/9526/6355 4724/9489/6355 4587/9239/6355
f 4743/11190/6356 4745/11191/6356 4794/11192/6356
f 4743/11190/6357 4794/11192/6357 4812/11193/6357
f 4594/9251/6358 4725/11194/6358 4524/11195/6358 4586/9252/6358
f 4524/11195/6359 4725/11194/6359 4745/11196/6359
f 5548/9422/6360 5552/9648/6360 5551/9148/6360
f 4680/11197/6361 4784/11198/6361 4733/11199/6361
f 4680/11200/6362 4733/11201/6362 4684/11202/6362
f 4686/9472/6363 4709/9471/6363 4762/9554/6363
f 4762/9554/6364 4784/11198/6364 4680/11197/6364 4686/9472/6364
f 4791/11203/6365 4742/11204/6365 4765/11205/6365
f 4765/11205/6366 4898/11206/6366 4911/11207/6366 4791/11203/6366
f 4898/11206/574 4765/11205/574 4790/11208/574
f 4782/11209/689 4758/11210/689 4781/11211/689
f 5437/10896/6367 5481/10947/6367 5479/10945/6367
f 5437/10896/6368 5479/10945/6368 5467/10897/6368
f 5505/10977/6369 5503/10980/6369 5458/10918/6369
f 5505/10977/6370 5458/10918/6370 5495/10917/6370
f 5437/11212/6371 5486/11213/6371 5484/11214/6371
f 5437/10896/6372 5484/10951/6372 5481/10947/6372
f 5501/10972/6373 5499/10970/6373 5458/11215/6373
f 5501/11216/6374 5458/10918/6374 5503/10980/6374
f 5437/10957/6375 5432/11217/6375 5492/11218/6375 5488/10958/6375
f 5042/10814/6376 5125/11219/6376 5249/10815/6376
f 4838/11220/6377 4885/11221/6377 5343/11222/6377
f 4838/11220/6378 5343/11222/6378 4834/11223/6378
f 4981/11224/6379 5042/10814/6379 5432/10813/6379
f 5499/10970/6380 5496/10967/6380 5432/11225/6380
f 5499/11226/6381 5432/11227/6381 5458/11228/6381
f 5432/11225/6382 5496/10967/6382 5492/10964/6382
f 4963/11229/6383 4981/11230/6383 4885/11231/6383
f 4963/11229/6384 4885/11231/6384 4909/11232/6384
f 5555/11233/6385 4949/11234/6385 5554/11235/6385
f 4962/11236/6386 4974/11237/6386 4957/9907/6386 4960/9906/6386
f 5121/11238/689 5118/11239/689 5139/11240/689 5140/11241/689
f 5557/11242/6387 5118/11239/6387 5121/11238/6387 5028/11243/6387
f 5557/11242/6388 5023/11244/6388 5027/11245/6388 5118/11239/6388
f 5557/10037/6389 5558/10039/6389 5024/10040/6389
f 5115/11246/574 5090/11247/574 5092/11248/574
f 5059/11249/574 5089/11250/574 5090/11251/574
f 5198/11252/6390 5257/11253/6390 5116/11254/6390
f 5198/10337/4641 5116/10206/4641 5562/10205/4641 5168/10294/4641
f 5149/11255/6391 5086/11256/6392 5060/11257/6393
f 5060/11257/6394 5257/10600/6394 5245/10509/6394
f 5060/11257/6393 5245/10509/6391 5149/11255/6391
f 5060/10095/6395 5115/10094/6395 5116/11258/6395
f 5208/11259/6396 5204/11260/6396 5228/11261/6396
f 5208/11259/6397 5228/11261/6397 5212/11262/6397
f 5225/10514/6398 5223/10513/6398 5205/11263/6398
f 5358/11264/6399 5395/11265/6399 5373/11266/6399
f 5320/11267/6400 5319/11268/6400 5358/11264/6400 5373/11266/6400
f 5319/11268/6401 5320/11267/6401 5316/11269/6401
f 5560/11270/6402 5387/11271/6402 5564/11272/6402
f 5560/10593/6403 5564/10699/6403 5561/10592/6403
f 5560/11273/6404 5328/11274/6404 5387/11275/6404
f 5564/11276/6405 5387/10788/6405 5389/10722/6405
f 5459/10873/6406 5455/10902/6406 5419/10790/6406 5420/10769/6406
f 5455/10902/6407 5431/10804/6407 5419/10790/6407
f 5460/10903/6408 5455/10902/6408 5459/10873/6408
f 2069/11277/5 2112/4590/5 2176/4588/5
f 5556/4587/5 2069/11277/5 2176/4588/5
